group,common_name,scientific_name,observations,sep_observations,peak_months,coords_obscured,example_photo,example_obs
Plantae,tropical soda-apple,Solanum viarum,39,0,"Jan, Mar, Nov",0,https://static.inaturalist.org/photos/11960294/medium.jpg,https://www.inaturalist.org/observations/8890691
Plantae,pink knotweed,Persicaria capitata,36,0,"Jan, Mar, Oct",0,https://inaturalist-open-data.s3.amazonaws.com/photos/30299481/medium.jpg,https://www.inaturalist.org/observations/19672379
Arachnida,Joro Spider,Trichonephila clavata,31,2,"Nov, Oct, Dec",0,https://static.inaturalist.org/photos/11960212/medium.jpg,https://www.inaturalist.org/observations/8886378
Insecta,,Stichophthalma howqua,31,0,"Jun, May, Jul",0,https://inaturalist-open-data.s3.amazonaws.com/photos/41226467/medium.jpg,https://www.inaturalist.org/observations/26544159
Insecta,Great Mormon,Papilio agenor,28,2,"Nov, Oct, Dec",0,https://inaturalist-open-data.s3.amazonaws.com/photos/48714670/medium.jpg,https://www.inaturalist.org/observations/31145503
Insecta,Tropical Swallowtail Moth,Lyssa zampa,27,0,"Dec, Jul, Jun",0,https://inaturalist-open-data.s3.amazonaws.com/photos/41226368/medium.jpg,https://www.inaturalist.org/observations/26544087
Insecta,Crimson-tailed Marsh Hawk,Orthetrum pruinosum,23,0,"May, Jul, Jun",0,https://inaturalist-open-data.s3.amazonaws.com/photos/41139266/medium.jpg,https://www.inaturalist.org/observations/26490774
Aves,Plumbeous Water Redstart,Phoenicurus fuliginosus,17,2,"Mar, Apr, May",0,https://static.inaturalist.org/photos/71073719/medium.jpg,https://www.inaturalist.org/observations/44833707
Aves,Barn Swallow,Hirundo rustica,17,1,"Apr, Mar, May",0,https://static.inaturalist.org/photos/270146130/medium.jpg,https://www.inaturalist.org/observations/156239647
Aves,Eurasian Tree Sparrow,Passer montanus,16,0,"Jan, Mar, Aug",0,https://inaturalist-open-data.s3.amazonaws.com/photos/59121441/medium.jpeg,https://www.inaturalist.org/observations/37309108
Insecta,Tropical Fritillary,Argynnis hyperbius,14,0,"Jun, Aug, May",0,https://inaturalist-open-data.s3.amazonaws.com/photos/41139976/medium.jpg,https://www.inaturalist.org/observations/26491138
Insecta,Paris Peacock Swallowtail,Papilio paris,14,1,"Jun, Mar, Sep",0,https://inaturalist-open-data.s3.amazonaws.com/photos/41783331/medium.jpg,https://www.inaturalist.org/observations/26891867
Insecta,Great Eggfly,Hypolimnas bolina,13,1,"Jul, Aug, Jun",0,https://inaturalist-open-data.s3.amazonaws.com/photos/41139039/medium.jpg,https://www.inaturalist.org/observations/26490691
Insecta,Spangle Swallowtail,Papilio protenor,13,0,"May, Apr, Oct",0,https://inaturalist-open-data.s3.amazonaws.com/photos/41213556/medium.jpg,https://www.inaturalist.org/observations/26536346
Insecta,Red-based Jezebel,Delias pasithoe,13,3,"Sep, Oct, Jun",0,https://static.inaturalist.org/photos/51305759/medium.jpeg,https://www.inaturalist.org/observations/32699868
Aves,Black-throated Tit,Aegithalos concinnus,13,0,"Apr, Mar, Jan",0,https://inaturalist-open-data.s3.amazonaws.com/photos/67780269/medium.jpg,https://www.inaturalist.org/observations/42681437
Insecta,Yellow Coster,Telchinia issoria,13,2,"Apr, Aug, May",0,https://static.inaturalist.org/photos/73373921/medium.jpg,https://www.inaturalist.org/observations/46264960
Plantae,castor bean,Ricinus communis,12,1,"Oct, Jan, Apr",0,https://inaturalist-open-data.s3.amazonaws.com/photos/30299492/medium.jpg,https://www.inaturalist.org/observations/19672383
Plantae,bluemink,Ageratum houstonianum,12,0,"Mar, Jan, Oct",0,https://inaturalist-open-data.s3.amazonaws.com/photos/30299518/medium.jpg,https://www.inaturalist.org/observations/19672414
Plantae,Bristletips,Oxyspora paniculata,12,0,"Oct, Nov, Jan",0,https://inaturalist-open-data.s3.amazonaws.com/photos/30325533/medium.jpg,https://www.inaturalist.org/observations/19687845
Insecta,Scarlet Skimmer,Crocothemis servilia,12,0,"Jun, Aug, Apr",0,https://inaturalist-open-data.s3.amazonaws.com/photos/41226592/medium.jpg,https://www.inaturalist.org/observations/26544255
Aves,Grey Bushchat,Saxicola ferreus,12,4,"Sep, Feb, May",0,https://inaturalist-open-data.s3.amazonaws.com/photos/100630835/medium.jpg,https://www.inaturalist.org/observations/62770121
Reptilia,Yunnan Beauty Snake,Elaphe taeniura yunnanensis,11,1,"Apr, May, Nov",0,https://static.inaturalist.org/photos/17667832/medium.jpeg,https://www.inaturalist.org/observations/12283783
Insecta,Asian Widow,Palpopleura sexmaculata,11,0,"Jun, May, Aug",0,https://inaturalist-open-data.s3.amazonaws.com/photos/41139277/medium.jpg,https://www.inaturalist.org/observations/26490779
Aves,White Wagtail,Motacilla alba,11,2,"Jan, Sep, Dec",0,https://inaturalist-open-data.s3.amazonaws.com/photos/248059768/medium.jpeg,https://www.inaturalist.org/observations/144522695
Insecta,Asian Honey Bee,Apis cerana,10,1,"Mar, Jan, Apr",0,https://inaturalist-open-data.s3.amazonaws.com/photos/350307917/medium.jpeg,https://www.inaturalist.org/observations/198719790
Insecta,Indian Cabbage White,Pieris canidia,9,0,"Nov, Jun, Mar",0,https://inaturalist-open-data.s3.amazonaws.com/photos/59121454/medium.jpeg,https://www.inaturalist.org/observations/37309109
Plantae,Cannabis,Cannabis sativa,9,0,"Aug, Jan, Feb",0,https://inaturalist-open-data.s3.amazonaws.com/photos/64955076/medium.jpg,https://www.inaturalist.org/observations/40965861
Insecta,Common Rose Swallowtail,Pachliopta aristolochiae,9,0,"May, Jul, Apr",0,https://inaturalist-open-data.s3.amazonaws.com/photos/110276578/medium.jpeg,https://www.inaturalist.org/observations/68149238
Insecta,Marbled White Moth,Nyctemera adversata,9,1,"Nov, May, Apr",0,https://inaturalist-open-data.s3.amazonaws.com/photos/247811813/medium.png,https://www.inaturalist.org/observations/144393833
Insecta,Red Lacewing Butterfly,Cethosia biblis,9,1,"Oct, Nov, May",0,https://static.inaturalist.org/photos/259120624/medium.jpg,https://www.inaturalist.org/observations/150291777
Aves,Feral Pigeon,Columba livia domestica,9,0,"Oct, Apr, Mar",0,https://static.inaturalist.org/photos/270146194/medium.jpg,https://www.inaturalist.org/observations/156239649
Insecta,Punchinello,Zemeros flegyas,8,1,"Jun, Jul, Oct",0,https://inaturalist-open-data.s3.amazonaws.com/photos/39868657/medium.jpeg,https://www.inaturalist.org/observations/25719688
Insecta,Greater Death's Head Hawkmoth,Acherontia lachesis,8,0,"Jun, Dec",0,https://inaturalist-open-data.s3.amazonaws.com/photos/41226377/medium.jpg,https://www.inaturalist.org/observations/26544097
Insecta,Blue Pansy,Junonia orithya,8,1,"Jun, Jul, Sep",0,https://inaturalist-open-data.s3.amazonaws.com/photos/41635339/medium.jpg,https://www.inaturalist.org/observations/26799422
Insecta,Common Bluebottle,Graphium sarpedon,8,0,"Jun, Aug, Mar",0,https://inaturalist-open-data.s3.amazonaws.com/photos/42894696/medium.jpg,https://www.inaturalist.org/observations/27560169
Insecta,Slender Skimmer,Orthetrum sabina,8,0,"Aug, May, Jun",0,https://inaturalist-open-data.s3.amazonaws.com/photos/42894749/medium.jpg,https://www.inaturalist.org/observations/27560213
Reptilia,Kuhne's Grass Lizard,Takydromus kuehnei,8,0,"Mar, May, Jan",0,https://inaturalist-open-data.s3.amazonaws.com/photos/60174803/medium.jpeg,https://www.inaturalist.org/observations/37912248
Aves,Hill Prinia,Prinia superciliaris,8,1,"Aug, Jan, Sep",0,https://inaturalist-open-data.s3.amazonaws.com/photos/67779730/medium.jpg,https://www.inaturalist.org/observations/42681425
Plantae,Yoruban bologi,Crassocephalum rubens,7,0,"Jan, Oct, Nov",0,https://inaturalist-open-data.s3.amazonaws.com/photos/30329219/medium.jpg,https://www.inaturalist.org/observations/19689709
Amphibia,Spot-legged Tree Frog,Polypedates megacephalus,7,0,"May, Apr, Jun",0,https://inaturalist-open-data.s3.amazonaws.com/photos/41139322/medium.jpg,https://www.inaturalist.org/observations/26490792
Insecta,,Protohermes striatulus,7,0,"Jun, May",0,https://inaturalist-open-data.s3.amazonaws.com/photos/41139501/medium.jpg,https://www.inaturalist.org/observations/26490926
Insecta,,Asota plaginota,7,0,"May, Dec",0,https://inaturalist-open-data.s3.amazonaws.com/photos/41139650/medium.jpg,https://www.inaturalist.org/observations/26491005
Insecta,Straight-banded Treebrown,Lethe verma,7,0,"Dec, Aug, Mar",0,https://inaturalist-open-data.s3.amazonaws.com/photos/47777838/medium.jpeg,https://www.inaturalist.org/observations/30577694
Insecta,Large Green Grasshopper,Chondracris rosea,7,0,"Nov, Oct, Jan",0,https://inaturalist-open-data.s3.amazonaws.com/photos/48714926/medium.jpg,https://www.inaturalist.org/observations/31145528
Insecta,Peacock Pansy,Junonia almana,7,0,"Jul, Nov, Feb",0,https://inaturalist-open-data.s3.amazonaws.com/photos/59121462/medium.jpeg,https://www.inaturalist.org/observations/37309110
Aves,Black-headed Greenfinch,Chloris ambigua,7,0,"Apr, Jan, Oct",0,https://inaturalist-open-data.s3.amazonaws.com/photos/67780373/medium.jpg,https://www.inaturalist.org/observations/42681438
Insecta,Large Silverstripe,Argynnis childreni,7,0,"Nov, Apr, May",0,https://inaturalist-open-data.s3.amazonaws.com/photos/245960204/medium.png,https://www.inaturalist.org/observations/143422075
Aves,Chinese Pond-Heron,Ardeola bacchus,7,1,"Jan, Sep",0,https://inaturalist-open-data.s3.amazonaws.com/photos/350170922/medium.jpeg,https://www.inaturalist.org/observations/198653802
Insecta,White Dragontail Butterfly,Lamproptera curius,7,0,"Nov, Jul, Oct",0,https://static.inaturalist.org/photos/453001226/medium.jpeg,https://www.inaturalist.org/observations/253033617
Insecta,Wandering Glider,Pantala flavescens,6,1,"Jun, Aug, Sep",0,https://static.inaturalist.org/photos/24351208/medium.jpg,https://www.inaturalist.org/observations/16226116
Reptilia,Heller's Red-necked Keelback,Rhabdophis helleri,6,0,"Oct, Jun, Apr",0,https://static.inaturalist.org/photos/40464759/medium.jpeg,https://www.inaturalist.org/observations/26080752
Insecta,Common Sergeant,Athyma perius,6,0,"Jun, May, Oct",0,https://inaturalist-open-data.s3.amazonaws.com/photos/41139968/medium.jpg,https://www.inaturalist.org/observations/26491134
Insecta,,Heortia vitessoides,6,0,"May, Dec",0,https://inaturalist-open-data.s3.amazonaws.com/photos/41213840/medium.jpg,https://www.inaturalist.org/observations/26536527
Arachnida,Spiny Orb-Weaver Spider,Gasteracantha diadesmia,6,0,"Nov, Jan, Oct",0,https://inaturalist-open-data.s3.amazonaws.com/photos/48716329/medium.jpg,https://www.inaturalist.org/observations/31145668
Reptilia,Chinese Green Snake,Ptyas major,6,1,"Aug, Apr, May",0,https://inaturalist-open-data.s3.amazonaws.com/photos/58092756/medium.jpeg,https://www.inaturalist.org/observations/36722407
Insecta,Chinese Peacock Swallowtail,Papilio bianor,6,1,"Mar, Oct, Apr",0,https://inaturalist-open-data.s3.amazonaws.com/photos/67040875/medium.jpeg,https://www.inaturalist.org/observations/42229632
Insecta,,Blenina quinaria,6,0,"Dec, Oct",0,https://inaturalist-open-data.s3.amazonaws.com/photos/112030484/medium.jpeg,https://www.inaturalist.org/observations/69089697
Reptilia,Mountain Water Snake,Trimerodytes percarinatus,6,0,"Apr, Jul, Oct",0,https://static.inaturalist.org/photos/235059478/medium.jpeg,https://www.inaturalist.org/observations/137610842
Plantae,white clover,Trifolium repens,6,1,"Oct, Sep, Dec",0,https://inaturalist-open-data.s3.amazonaws.com/photos/240497209/medium.jpeg,https://www.inaturalist.org/observations/140491732
Plantae,redflower ragleaf,Crassocephalum crepidioides,6,0,"Dec, Nov, Jan",0,https://inaturalist-open-data.s3.amazonaws.com/photos/243596188/medium.png,https://www.inaturalist.org/observations/142114277
Aves,Domestic Mallard,Anas platyrhynchos domesticus,6,0,"Mar, Jan, May",1,https://inaturalist-open-data.s3.amazonaws.com/photos/260476330/medium.jpeg,https://www.inaturalist.org/observations/151002894
Insecta,Rufous-legged Grasshopper,Xenocatantops humilis,6,0,"May, Aug, Apr",0,https://inaturalist-open-data.s3.amazonaws.com/photos/313948786/medium.jpeg,https://www.inaturalist.org/observations/180251284
Reptilia,Mandarin Ratsnake,Euprepiophis mandarinus,6,1,"Sep, May, Jul",0,https://inaturalist-open-data.s3.amazonaws.com/photos/319327288/medium.jpg,https://www.inaturalist.org/observations/183071511
Insecta,Cabbage White,Pieris canidia canidia,6,0,"Mar, Jan",0,https://inaturalist-open-data.s3.amazonaws.com/photos/350307479/medium.jpeg,https://www.inaturalist.org/observations/198719647
Reptilia,South China Green Snake,Ptyas multicincta,6,0,"Mar, Apr, Jul",0,https://inaturalist-open-data.s3.amazonaws.com/photos/364741765/medium.jpeg,https://www.inaturalist.org/observations/206232072
Plantae,mock strawberry,Potentilla indica,5,0,"Oct, Nov, Jan",0,https://static.inaturalist.org/photos/11950107/medium.jpg,https://www.inaturalist.org/observations/8884929
Aves,Domestic Chicken,Gallus gallus domesticus,5,1,"Nov, Mar, Sep",0,https://inaturalist-open-data.s3.amazonaws.com/photos/26986215/medium.jpg,https://www.inaturalist.org/observations/17704165
Plantae,Cup-and-saucer vine,Cobaea scandens,5,0,"Nov, Aug, Jun",0,https://static.inaturalist.org/photos/28533175/medium.jpg,https://www.inaturalist.org/observations/18640434
Insecta,,Bradina diagonalis,5,0,"Jun, Nov, May",0,https://inaturalist-open-data.s3.amazonaws.com/photos/41139134/medium.jpg,https://www.inaturalist.org/observations/26490719
Insecta,Short-winged Rice Grasshopper,Pseudoxya diminuta,5,0,"Jan, May, Mar",0,https://inaturalist-open-data.s3.amazonaws.com/photos/41139192/medium.jpg,https://www.inaturalist.org/observations/26490745
Insecta,,Aglaomorpha plagiata,5,0,"Jun, May, Oct",0,https://inaturalist-open-data.s3.amazonaws.com/photos/41139668/medium.jpg,https://www.inaturalist.org/observations/26491009
Plantae,common water hyacinth,Pontederia crassipes,5,0,"Aug, Jul, Jun",0,https://static.inaturalist.org/photos/46697515/medium.jpg,https://www.inaturalist.org/observations/29904771
Arachnida,Black-striped Orchard Spider,Leucauge celebesiana,5,0,"Aug, Jan, Jul",0,https://inaturalist-open-data.s3.amazonaws.com/photos/47831849/medium.jpeg,https://www.inaturalist.org/observations/30611023
Plantae,oceanblue morning glory,Ipomoea indica,5,0,"Oct, Jun, May",0,https://inaturalist-open-data.s3.amazonaws.com/photos/55684752/medium.jpg,https://www.inaturalist.org/observations/35321524
Aves,Brown-breasted Bulbul,Pycnonotus xanthorrhous,5,0,"Apr, Aug, Mar",0,https://inaturalist-open-data.s3.amazonaws.com/photos/104633736/medium.jpg,https://www.inaturalist.org/observations/65030691
Plantae,Mother-of-thousands,Saxifraga stolonifera,5,0,"Nov, Dec, Oct",0,https://inaturalist-open-data.s3.amazonaws.com/photos/246460122/medium.png,https://www.inaturalist.org/observations/143685040
Insecta,Staff Sergeant,Athyma selenophora,5,1,"Nov, Jan, Jul",0,https://inaturalist-open-data.s3.amazonaws.com/photos/247013320/medium.png,https://www.inaturalist.org/observations/143974547
Reptilia,Namdong Wolf Snake,Lycodon chapaensis,5,2,"Sep, Aug, Jul",0,https://static.inaturalist.org/photos/314980582/medium.jpeg,https://www.inaturalist.org/observations/180788592
Mollusca,Asian Tramp Snail,Bradybaena similaris,5,0,Jan,0,https://inaturalist-open-data.s3.amazonaws.com/photos/349656438/medium.jpeg,https://www.inaturalist.org/observations/198393799
Aves,Yellow-bellied Warbler,Abroscopus superciliaris,5,1,"Jan, Mar, Jul",0,https://inaturalist-open-data.s3.amazonaws.com/photos/361033420/medium.jpeg,https://www.inaturalist.org/observations/204269128
Aves,Green-backed Tit,Parus monticolus,5,1,"Sep, Nov, Mar",0,https://inaturalist-open-data.s3.amazonaws.com/photos/432867287/medium.jpg,https://www.inaturalist.org/observations/242793122
Plantae,Peach,Prunus persica,4,0,"Jan, Apr",0,https://static.inaturalist.org/photos/19455857/medium.jpeg,https://www.inaturalist.org/observations/13287625
Insecta,,Neoneuromus ignobilis,4,0,"May, Apr",0,https://inaturalist-open-data.s3.amazonaws.com/photos/41139361/medium.jpg,https://www.inaturalist.org/observations/26490819
Insecta,,Acanthaspis ruficeps,4,0,"May, Jun",0,https://inaturalist-open-data.s3.amazonaws.com/photos/41139463/medium.jpg,https://www.inaturalist.org/observations/26490884
Insecta,Yam Hawkmoth,Theretra nessus,4,0,"May, Oct, Nov",0,https://inaturalist-open-data.s3.amazonaws.com/photos/41139872/medium.jpg,https://www.inaturalist.org/observations/26491101
Insecta,,Lemyra stigmata,4,0,"May, Jun",0,https://inaturalist-open-data.s3.amazonaws.com/photos/41213608/medium.jpg,https://www.inaturalist.org/observations/26536382
Insecta,Mung Bean Moth,Maruca vitrata,4,0,"May, Oct, Jan",0,https://inaturalist-open-data.s3.amazonaws.com/photos/41213660/medium.jpg,https://www.inaturalist.org/observations/26536420
Insecta,Common Owl Moth,Erebus macrops,4,0,"Oct, May, Nov",0,https://inaturalist-open-data.s3.amazonaws.com/photos/41213738/medium.jpg,https://www.inaturalist.org/observations/26536481
Insecta,,Rhesala imparata,4,0,"May, Jun, Dec",0,https://inaturalist-open-data.s3.amazonaws.com/photos/41213766/medium.jpg,https://www.inaturalist.org/observations/26536495
Insecta,Chequered Snout,Pygospila tyres,4,0,Jun,0,https://inaturalist-open-data.s3.amazonaws.com/photos/41226462/medium.jpg,https://www.inaturalist.org/observations/26544155
Insecta,,Trombonia brevialata,4,0,"Jul, Jun, Aug",0,https://inaturalist-open-data.s3.amazonaws.com/photos/41635261/medium.jpg,https://www.inaturalist.org/observations/26799381
Insecta,Blue Marsh Hawk,Orthetrum glaucum,4,0,"Jun, Apr, Oct",0,https://inaturalist-open-data.s3.amazonaws.com/photos/41783346/medium.jpg,https://www.inaturalist.org/observations/26891872
Aves,Sooty-headed Bulbul,Pycnonotus aurigaster,4,0,"Aug, Dec",0,https://static.inaturalist.org/photos/42672478/medium.jpg,https://www.inaturalist.org/observations/27425535
Plantae,,Lysionotus pauciflorus,4,0,Aug,0,https://inaturalist-open-data.s3.amazonaws.com/photos/47799829/medium.jpeg,https://www.inaturalist.org/observations/30590559
Insecta,Glassy Tiger,Parantica aglea,4,1,"Jul, Sep, May",0,https://static.inaturalist.org/photos/51307093/medium.jpeg,https://www.inaturalist.org/observations/32700789
Plantae,Butterfly ginger lily,Hedychium coronarium,4,0,Oct,0,https://inaturalist-open-data.s3.amazonaws.com/photos/55686907/medium.jpeg,https://www.inaturalist.org/observations/35322196
Plantae,Lesser Torenia,Torenia concolor,4,0,"Aug, Jul, Oct",0,https://inaturalist-open-data.s3.amazonaws.com/photos/57785223/medium.jpeg,https://www.inaturalist.org/observations/36546425
Plantae,,Begonia labordei,4,0,"Aug, Oct",0,https://inaturalist-open-data.s3.amazonaws.com/photos/58440879/medium.jpeg,https://www.inaturalist.org/observations/36920819
Aves,White-rumped Munia,Lonchura striata,4,0,"Jan, Apr, May",0,https://inaturalist-open-data.s3.amazonaws.com/photos/67780046/medium.jpg,https://www.inaturalist.org/observations/42681431
Insecta,Popinjay,Stibochiona nicea,4,0,"Oct, Nov, Jul",0,https://inaturalist-open-data.s3.amazonaws.com/photos/99954403/medium.jpg,https://www.inaturalist.org/observations/62389599
Plantae,Largeflower pink-sorrel,Oxalis debilis,4,0,"Jan, May, Mar",0,https://inaturalist-open-data.s3.amazonaws.com/photos/113025756/medium.jpg,https://www.inaturalist.org/observations/69631556
Plantae,Paper mulberry,Broussonetia papyrifera,4,0,"Aug, Oct, Nov",0,https://inaturalist-open-data.s3.amazonaws.com/photos/220733222/medium.jpeg,https://www.inaturalist.org/observations/129852507
Plantae,Chayote,Sicyos edulis,4,0,"Dec, Nov, May",0,https://inaturalist-open-data.s3.amazonaws.com/photos/243596008/medium.png,https://www.inaturalist.org/observations/142114261
Plantae,Zebra Spiderwort,Tradescantia zebrina,4,1,"Oct, Dec, Sep",0,https://static.inaturalist.org/photos/329390777/medium.jpg,https://www.inaturalist.org/observations/188234064
Aves,Olive-backed Pipit,Anthus hodgsoni,4,0,"Jan, Oct, Mar",0,https://static.inaturalist.org/photos/329903360/medium.jpg,https://www.inaturalist.org/observations/188489222
Aves,Common Tailorbird,Orthotomus sutorius,4,1,"Oct, Sep, Aug",0,https://static.inaturalist.org/photos/329903543/medium.jpg,https://www.inaturalist.org/observations/188489224
Plantae,nipplefruit,Solanum mammosum,4,0,"Nov, Dec, Jul",0,https://inaturalist-open-data.s3.amazonaws.com/photos/343458684/medium.jpeg,https://www.inaturalist.org/observations/195257783
Plantae,China-fir,Cunninghamia lanceolata,4,0,"Jan, Feb, Jul",0,https://inaturalist-open-data.s3.amazonaws.com/photos/350171247/medium.jpeg,https://www.inaturalist.org/observations/198653855
Insecta,Small White,Pieris rapae,4,0,"Jan, Dec, Apr",0,https://inaturalist-open-data.s3.amazonaws.com/photos/350171522/medium.jpeg,https://www.inaturalist.org/observations/198653912
Mammalia,Domestic Dog,Canis familiaris,4,0,Mar,0,https://inaturalist-open-data.s3.amazonaws.com/photos/367090944/medium.jpeg,https://www.inaturalist.org/observations/207528605
Aves,Small Niltava,Niltava macgrigoriae,4,0,"May, Mar",0,https://inaturalist-open-data.s3.amazonaws.com/photos/388215308/medium.jpeg,https://www.inaturalist.org/observations/219336400
Aves,Rufous-capped Babbler,Cyanoderma ruficeps,4,0,"Mar, Dec, May",0,https://inaturalist-open-data.s3.amazonaws.com/photos/388215841/medium.jpeg,https://www.inaturalist.org/observations/219336468
Aves,Blue-winged Minla,Actinodura cyanouroptera,4,0,"May, Mar, Apr",0,https://inaturalist-open-data.s3.amazonaws.com/photos/388215861/medium.jpeg,https://www.inaturalist.org/observations/219336475
Reptilia,Hampton's Slug Snake,Pareas hamptoni,4,0,"Dec, Jun, Feb",0,https://inaturalist-open-data.s3.amazonaws.com/photos/447534063/medium.jpg,https://www.inaturalist.org/observations/250257559
Insecta,Striped Blue Crow,Euploea mulciber,4,0,"Dec, Jun, Oct",0,https://inaturalist-open-data.s3.amazonaws.com/photos/454577367/medium.jpeg,https://www.inaturalist.org/observations/253834476
Plantae,,Rhaphidophora decursiva,4,0,"Dec, Nov, Apr",0,https://inaturalist-open-data.s3.amazonaws.com/photos/455080741/medium.jpeg,https://www.inaturalist.org/observations/254104458
Insecta,,Pieris erutae,4,0,"Apr, Jun, Mar",0,https://inaturalist-open-data.s3.amazonaws.com/photos/523720529/medium.jpg,https://www.inaturalist.org/observations/291098347
Amphibia,Fea's Flying Tree Frog,Zhangixalus feae,3,0,"Jun, Aug, Apr",0,https://static.inaturalist.org/photos/4142362/medium.jpg,http://www.inaturalist.org/observations/3567772
Insecta,,Hemithyrsocera vittata,3,0,"Jun, May",0,https://inaturalist-open-data.s3.amazonaws.com/photos/41213564/medium.jpg,https://www.inaturalist.org/observations/26536349
Insecta,Indian Moon Moth,Actias selene,3,1,"Jun, Sep, Jul",0,https://inaturalist-open-data.s3.amazonaws.com/photos/41226369/medium.jpg,https://www.inaturalist.org/observations/26544088
Insecta,Blue-tailed Forest Hawk,Orthetrum triangulare,3,0,"Jun, May, Aug",0,https://inaturalist-open-data.s3.amazonaws.com/photos/41783353/medium.jpg,https://www.inaturalist.org/observations/26891873
Insecta,Hawaiian Beet Webworm Moth,Spoladea recurvalis,3,0,"Jun, Oct, Dec",0,https://inaturalist-open-data.s3.amazonaws.com/photos/41783387/medium.jpg,https://www.inaturalist.org/observations/26891881
Insecta,,Gametis bealiae,3,0,"Mar, Jun",0,https://inaturalist-open-data.s3.amazonaws.com/photos/42894729/medium.jpg,https://www.inaturalist.org/observations/27560197
Insecta,Danaid Eggfly,Hypolimnas misippus,3,0,"Dec, Jun",0,https://inaturalist-open-data.s3.amazonaws.com/photos/42894737/medium.jpg,https://www.inaturalist.org/observations/27560203
Plantae,Jerusalem cherry,Solanum pseudocapsicum,3,0,"Dec, Jul",0,https://inaturalist-open-data.s3.amazonaws.com/photos/44503781/medium.jpg,https://www.inaturalist.org/observations/28543833
Aves,Domestic Swan Goose,Anser cygnoides domesticus,3,0,"Nov, Dec, Feb",0,https://inaturalist-open-data.s3.amazonaws.com/photos/48714463/medium.jpg,https://www.inaturalist.org/observations/31145492
Plantae,,Luculia gratissima,3,0,"Oct, Nov",0,https://inaturalist-open-data.s3.amazonaws.com/photos/48716727/medium.jpg,https://www.inaturalist.org/observations/31145740
Insecta,White Commodore,Limenitis dudu,3,2,"Sep, Jul",0,https://static.inaturalist.org/photos/51306887/medium.jpeg,https://www.inaturalist.org/observations/32700659
Plantae,Papaya,Carica papaya,3,0,"Oct, Nov, Feb",0,https://inaturalist-open-data.s3.amazonaws.com/photos/55687352/medium.jpg,https://www.inaturalist.org/observations/35322213
Insecta,,Creobroter apicalis,3,0,"May, Nov",0,https://inaturalist-open-data.s3.amazonaws.com/photos/59121468/medium.jpeg,https://www.inaturalist.org/observations/37309117
Insecta,Chinese Moon Moth,Actias ningpoana,3,1,"Sep, Aug, Apr",0,https://inaturalist-open-data.s3.amazonaws.com/photos/59693465/medium.jpeg,https://www.inaturalist.org/observations/37632332
Aves,Vinous-throated Parrotbill,Suthora webbiana,3,0,"May, Jan",0,https://inaturalist-open-data.s3.amazonaws.com/photos/68057785/medium.jpg,https://www.inaturalist.org/observations/42857547
Aves,White-capped Redstart,Phoenicurus leucocephalus,3,0,"Dec, Mar",0,https://static.inaturalist.org/photos/71073685/medium.jpg,https://www.inaturalist.org/observations/44833705
Insecta,,Pidorus albifascia,3,0,"Oct, Jul, Mar",0,https://inaturalist-open-data.s3.amazonaws.com/photos/99954653/medium.jpg,https://www.inaturalist.org/observations/62389714
Aves,Asian Tit,Parus cinereus,3,1,"Oct, Sep, Dec",0,https://inaturalist-open-data.s3.amazonaws.com/photos/100208032/medium.jpg,https://www.inaturalist.org/observations/62533386
Aves,Grey-headed Canary-Flycatcher,Culicicapa ceylonensis,3,0,"Oct, Mar",0,https://inaturalist-open-data.s3.amazonaws.com/photos/100208973/medium.jpg,https://www.inaturalist.org/observations/62533920
Aves,Asian Brown Flycatcher,Muscicapa dauurica,3,0,"Oct, Apr",0,https://inaturalist-open-data.s3.amazonaws.com/photos/100227676/medium.jpg,https://www.inaturalist.org/observations/62543491
Plantae,Creeping Woodsorrel,Oxalis corniculata,3,0,"Mar, Oct, Jan",0,https://inaturalist-open-data.s3.amazonaws.com/photos/117052914/medium.jpeg,https://www.inaturalist.org/observations/71853627
Plantae,common lantana,Lantana camara,3,0,"May, Oct",0,https://inaturalist-open-data.s3.amazonaws.com/photos/240257989/medium.jpeg,https://www.inaturalist.org/observations/140362651
Plantae,White beggarticks,Bidens alba,3,0,"Oct, Nov, Mar",0,https://inaturalist-open-data.s3.amazonaws.com/photos/240494053/medium.jpeg,https://www.inaturalist.org/observations/140490017
Plantae,,Osbeckia stellata,3,0,"Oct, Feb",0,https://inaturalist-open-data.s3.amazonaws.com/photos/240495409/medium.jpeg,https://www.inaturalist.org/observations/140490670
Insecta,,Proretinata floridula,3,1,"Oct, Sep",0,https://inaturalist-open-data.s3.amazonaws.com/photos/240497490/medium.jpeg,https://www.inaturalist.org/observations/140491833
Plantae,garden nasturtium,Tropaeolum majus,3,0,"Mar, Nov",0,https://inaturalist-open-data.s3.amazonaws.com/photos/243596180/medium.png,https://www.inaturalist.org/observations/142114275
Plantae,Ladder brake,Pteris vittata,3,0,"Nov, Jan",0,https://inaturalist-open-data.s3.amazonaws.com/photos/243596223/medium.png,https://www.inaturalist.org/observations/142114279
Plantae,Crofton Weed,Ageratina adenophora,3,0,"Nov, Dec",0,https://inaturalist-open-data.s3.amazonaws.com/photos/243596257/medium.png,https://www.inaturalist.org/observations/142114282
Insecta,,Phytomia zonata,3,0,"Nov, May, Oct",0,https://inaturalist-open-data.s3.amazonaws.com/photos/243987459/medium.png,https://www.inaturalist.org/observations/142328800
Insecta,,Sewa orbiferata,3,0,"Dec, Nov",0,https://inaturalist-open-data.s3.amazonaws.com/photos/248054992/medium.png,https://www.inaturalist.org/observations/144519768
Insecta,Angled Castor,Ariadne ariadne,3,0,"Aug, Jul, Jun",0,https://static.inaturalist.org/photos/308410706/medium.jpeg,https://www.inaturalist.org/observations/177333695
Plantae,,Burmannia disticha,3,0,"Oct, Jun",0,https://static.inaturalist.org/photos/324773975/medium.jpg,https://www.inaturalist.org/observations/185910895
Plantae,Nepal Geranium,Geranium nepalense,3,0,"Oct, Mar, Feb",0,https://static.inaturalist.org/photos/325255567/medium.jpg,https://www.inaturalist.org/observations/186153676
Insecta,Scarce Lilacfork,Lethe dura,3,0,"Oct, Dec",0,https://static.inaturalist.org/photos/325255674/medium.jpg,https://www.inaturalist.org/observations/186153841
Insecta,Painted Jezebel,Delias hyparete,3,0,"Nov, May",0,https://inaturalist-open-data.s3.amazonaws.com/photos/338209922/medium.jpg,https://www.inaturalist.org/observations/192632920
Plantae,Drooping Pricklypear,Opuntia monacantha,3,0,May,0,https://inaturalist-open-data.s3.amazonaws.com/photos/343350860/medium.jpeg,https://www.inaturalist.org/observations/195207508
Insecta,,Xenocatantops brachycerus,3,0,"Jan, Dec, Feb",0,https://inaturalist-open-data.s3.amazonaws.com/photos/350170597/medium.jpeg,https://www.inaturalist.org/observations/198653752
Aves,Hodgson's White Wagtail,Motacilla alba alboides,3,0,"Apr, Jan",0,https://inaturalist-open-data.s3.amazonaws.com/photos/350307355/medium.jpeg,https://www.inaturalist.org/observations/198719638
Plantae,shaggy soldier,Galinsoga quadriradiata,3,0,"Mar, Dec",0,https://inaturalist-open-data.s3.amazonaws.com/photos/356493331/medium.jpeg,https://www.inaturalist.org/observations/201904164
Plantae,,Cymbidium lowianum,3,0,"Mar, Feb",0,https://inaturalist-open-data.s3.amazonaws.com/photos/356745739/medium.jpeg,https://www.inaturalist.org/observations/202035624
Plantae,Trailing abutilon,Callianthe megapotamica,3,0,"Apr, Dec, Jun",0,https://inaturalist-open-data.s3.amazonaws.com/photos/363664814/medium.jpeg,https://www.inaturalist.org/observations/205655874
Insecta,Red Longicorn Beetle,Purpuricenus temminckii,3,0,"May, Apr",0,https://static.inaturalist.org/photos/365058349/medium.jpeg,https://www.inaturalist.org/observations/206408530
Insecta,Common Windmill,Byasa polyeuctes,3,0,"Mar, Oct",0,https://inaturalist-open-data.s3.amazonaws.com/photos/368967005/medium.jpeg,https://www.inaturalist.org/observations/208532157
Insecta,,Trichogomphus mongol,3,0,"Jul, Jun",0,https://inaturalist-open-data.s3.amazonaws.com/photos/397613679/medium.jpeg,https://www.inaturalist.org/observations/224337257
Insecta,Golden-spotted Tiger Beetle,Cosmodela aurulenta,3,0,"May, Jun",0,https://inaturalist-open-data.s3.amazonaws.com/photos/399531198/medium.jpg,https://www.inaturalist.org/observations/225353479
Insecta,Courtesan,Euripus nyctelius,3,0,"Jul, Oct, Aug",0,https://static.inaturalist.org/photos/413792400/medium.jpeg,https://www.inaturalist.org/observations/232876417
Reptilia,Banded Wolf Snake,Lycodon fasciatus,3,2,"Sep, Oct",0,https://inaturalist-open-data.s3.amazonaws.com/photos/426772495/medium.jpg,https://www.inaturalist.org/observations/239605915
Insecta,Red Helen Swallowtail,Papilio helenus,3,1,"Sep, Dec, Jun",0,https://inaturalist-open-data.s3.amazonaws.com/photos/432867732/medium.jpg,https://www.inaturalist.org/observations/242793378
Aves,Red-billed Blue-Magpie,Urocissa erythroryncha,3,0,"Nov, Mar, May",0,https://static.inaturalist.org/photos/453000585/medium.jpeg,https://www.inaturalist.org/observations/253033385
Plantae,Mexican sunflower,Tithonia diversifolia,3,0,"Dec, Jan",0,https://inaturalist-open-data.s3.amazonaws.com/photos/457140803/medium.jpg,https://www.inaturalist.org/observations/255128461
Insecta,,Achelura hai,3,0,Oct,0,https://inaturalist-open-data.s3.amazonaws.com/photos/575838195/medium.jpg,https://www.inaturalist.org/observations/318360650
Insecta,Clipper,Parthenos sylvia,3,0,"Oct, Nov, Jul",0,https://static.inaturalist.org/photos/577581314/medium.jpg,https://www.inaturalist.org/observations/319514360
Plantae,,Polystichum fraxinellum,3,0,Oct,0,https://inaturalist-open-data.s3.amazonaws.com/photos/578763333/medium.jpg,https://www.inaturalist.org/observations/320129061
Amphibia,Chapa Torrent Frog,Odorrana chapaensis,2,0,"Jun, Aug",2,https://static.inaturalist.org/photos/4142379/medium.jpg,http://www.inaturalist.org/observations/3567783
Mollusca,African Giant Snail,Lissachatina fulica,2,0,"Nov, Oct",0,https://static.inaturalist.org/photos/11712779/medium.jpg,https://www.inaturalist.org/observations/8729922
Plantae,,Elsholtzia blanda,2,0,"Jan, Nov",0,https://inaturalist-open-data.s3.amazonaws.com/photos/30299516/medium.jpg,https://www.inaturalist.org/observations/19672397
Insecta,,Cyana dudgeoni,2,0,"May, Jun",0,https://inaturalist-open-data.s3.amazonaws.com/photos/41139107/medium.jpg,https://www.inaturalist.org/observations/26490706
Insecta,Red slug caterpillar,Eterusia aedea,2,0,"May, Oct",0,https://inaturalist-open-data.s3.amazonaws.com/photos/41139157/medium.jpg,https://www.inaturalist.org/observations/26490726
Insecta,Golden Birdwing,Troides aeacus,2,0,"May, Apr",0,https://inaturalist-open-data.s3.amazonaws.com/photos/41139309/medium.jpg,https://www.inaturalist.org/observations/26490788
Insecta,Jeweled Flower Mantis,Creobroter gemmatus,2,0,"May, Oct",0,https://inaturalist-open-data.s3.amazonaws.com/photos/41139315/medium.jpg,https://www.inaturalist.org/observations/26490791
Insecta,Oriental leafworm moth,Spodoptera litura,2,0,May,0,https://inaturalist-open-data.s3.amazonaws.com/photos/41139608/medium.jpg,https://www.inaturalist.org/observations/26490984
Arachnida,Adanson's House Jumper,Hasarius adansoni,2,0,"May, Nov",0,https://inaturalist-open-data.s3.amazonaws.com/photos/41139727/medium.jpg,https://www.inaturalist.org/observations/26491049
Insecta,,Phocoderma velutina,2,0,May,0,https://inaturalist-open-data.s3.amazonaws.com/photos/41139856/medium.jpg,https://www.inaturalist.org/observations/26491096
Insecta,,Orudiza protheclaria,2,0,"May, Jun",0,https://inaturalist-open-data.s3.amazonaws.com/photos/41139924/medium.jpg,https://www.inaturalist.org/observations/26491118
Insecta,,Chiasmia fidoniata,2,0,"May, Jun",0,https://inaturalist-open-data.s3.amazonaws.com/photos/41139942/medium.jpg,https://www.inaturalist.org/observations/26491124
Insecta,Transverse moth,Xanthodes transversa,2,0,"May, Jun",0,https://inaturalist-open-data.s3.amazonaws.com/photos/41139949/medium.jpg,https://www.inaturalist.org/observations/26491128
Insecta,Convolvulus Hawkmoth,Agrius convolvuli,2,0,"May, Jun",0,https://inaturalist-open-data.s3.amazonaws.com/photos/41213811/medium.jpg,https://www.inaturalist.org/observations/26536512
Insecta,Chinese Bushbrown,Mycalesis gotama,2,1,"May, Sep",0,https://inaturalist-open-data.s3.amazonaws.com/photos/41213875/medium.jpg,https://www.inaturalist.org/observations/26536539
Insecta,Canning's Lesser Atlas Moth,Samia canningi,2,0,Jun,0,https://inaturalist-open-data.s3.amazonaws.com/photos/41226425/medium.jpg,https://www.inaturalist.org/observations/26544122
Insecta,,Cleora alienaria,2,0,Jun,0,https://inaturalist-open-data.s3.amazonaws.com/photos/41226431/medium.jpg,https://www.inaturalist.org/observations/26544127
Insecta,,Chorodna strixaria,2,0,Jun,0,https://inaturalist-open-data.s3.amazonaws.com/photos/41226435/medium.jpg,https://www.inaturalist.org/observations/26544132
Insecta,,Myrioblephara simplaria,2,0,Jun,0,https://inaturalist-open-data.s3.amazonaws.com/photos/41635171/medium.jpg,https://www.inaturalist.org/observations/26799337
Insecta,,Eucoptacra binghami,2,0,"Jun, Dec",0,https://inaturalist-open-data.s3.amazonaws.com/photos/41635336/medium.jpg,https://www.inaturalist.org/observations/26799421
Insecta,,Phytomia errans,2,0,"Jun, Nov",0,https://inaturalist-open-data.s3.amazonaws.com/photos/41635366/medium.jpg,https://www.inaturalist.org/observations/26799435
Insecta,Circe,Hestinalis nama,2,0,"Jun, Jan",0,https://inaturalist-open-data.s3.amazonaws.com/photos/41783336/medium.jpg,https://www.inaturalist.org/observations/26891868
Insecta,Lime Swallowtail,Papilio demoleus,2,0,"Jun, Jul",0,https://inaturalist-open-data.s3.amazonaws.com/photos/41783423/medium.jpg,https://www.inaturalist.org/observations/26891889
Insecta,Painted Lady,Vanessa cardui,2,0,"Jun, Dec",0,https://inaturalist-open-data.s3.amazonaws.com/photos/41783584/medium.jpg,https://www.inaturalist.org/observations/26891936
Insecta,Chinese Red-base Jezebel,Delias pasithoe pasithoe,2,0,Jun,0,https://inaturalist-open-data.s3.amazonaws.com/photos/42894689/medium.jpg,https://www.inaturalist.org/observations/27560166
Insecta,Lilacine Bushbrown,Mycalesis francisca,2,0,"Jun, Apr",0,https://inaturalist-open-data.s3.amazonaws.com/photos/42894713/medium.jpg,https://www.inaturalist.org/observations/27560183
Plantae,Jewels of Opar,Talinum paniculatum,2,0,"Jul, Aug",0,https://inaturalist-open-data.s3.amazonaws.com/photos/45737482/medium.jpeg,https://www.inaturalist.org/observations/29309755
Plantae,Caesar weed,Urena lobata,2,0,"Aug, Oct",0,https://inaturalist-open-data.s3.amazonaws.com/photos/48368191/medium.jpeg,https://www.inaturalist.org/observations/30937431
Insecta,Black-tailed Marsh Dart,Ceriagrion fallax,2,0,"Nov, Oct",0,https://inaturalist-open-data.s3.amazonaws.com/photos/48715167/medium.jpg,https://www.inaturalist.org/observations/31145535
Insecta,,Camponotus singularis,2,0,"Nov, Apr",0,https://inaturalist-open-data.s3.amazonaws.com/photos/48716750/medium.jpg,https://www.inaturalist.org/observations/31145742
Insecta,Common Jester,Symbrenthia lilaea,2,1,"Sep, Oct",0,https://static.inaturalist.org/photos/51306994/medium.jpeg,https://www.inaturalist.org/observations/32700726
Plantae,Artillery Plant,Pilea microphylla,2,0,"Oct, Aug",0,https://inaturalist-open-data.s3.amazonaws.com/photos/54754578/medium.jpeg,https://www.inaturalist.org/observations/34764875
Plantae,Garden balsam,Impatiens balsamina,2,0,"Oct, Apr",0,https://inaturalist-open-data.s3.amazonaws.com/photos/55687332/medium.jpg,https://www.inaturalist.org/observations/35322212
Plantae,,Paraboea sinensis,2,0,Aug,0,https://inaturalist-open-data.s3.amazonaws.com/photos/57785077/medium.jpeg,https://www.inaturalist.org/observations/36546372
Aves,Eastern Buzzard,Buteo japonicus,2,0,"Nov, Oct",0,https://inaturalist-open-data.s3.amazonaws.com/photos/59119506/medium.jpeg,https://www.inaturalist.org/observations/37308010
Plantae,Asian Taro,Alocasia odora,2,0,"Feb, Nov",0,https://inaturalist-open-data.s3.amazonaws.com/photos/60993888/medium.jpg,https://www.inaturalist.org/observations/38382113
Aves,Little Forktail,Enicurus scouleri,2,0,"Mar, Oct",0,https://static.inaturalist.org/photos/71073667/medium.jpg,https://www.inaturalist.org/observations/44833701
Insecta,,Dorcus antaeus miyashitai,2,0,Jun,0,https://inaturalist-open-data.s3.amazonaws.com/photos/84201742/medium.jpeg,https://www.inaturalist.org/observations/52951553
Plantae,Sensitive Plant,Mimosa pudica,2,0,"Aug, Mar",0,https://static.inaturalist.org/photos/84435041/medium.jpeg,https://www.inaturalist.org/observations/53097831
Arachnida,Giant Golden Orbweaver,Nephila pilipes,2,0,"Apr, Oct",0,https://static.inaturalist.org/photos/89301263/medium.jpeg,https://www.inaturalist.org/observations/56056939
Amphibia,Paddy Field Frog,Fejervarya limnocharis,2,0,"Apr, Oct",0,https://static.inaturalist.org/photos/89302719/medium.jpeg,https://www.inaturalist.org/observations/56057898
Insecta,Saddlebag Glider,Tramea virginia,2,0,Oct,0,https://inaturalist-open-data.s3.amazonaws.com/photos/99954180/medium.jpg,https://www.inaturalist.org/observations/62389398
Insecta,Orange Staff Sergeant Butterfly,Athyma cama,2,0,"Oct, Aug",0,https://inaturalist-open-data.s3.amazonaws.com/photos/99954742/medium.jpg,https://www.inaturalist.org/observations/62389797
Aves,Oriental Greenfinch,Chloris sinica,2,0,"Oct, Nov",0,https://inaturalist-open-data.s3.amazonaws.com/photos/100228948/medium.jpg,https://www.inaturalist.org/observations/62544114
Insecta,,Caliphaea confusa,2,0,Jun,0,https://inaturalist-open-data.s3.amazonaws.com/photos/104116106/medium.jpeg,https://www.inaturalist.org/observations/64730465
Insecta,,Calicnemia uenoi,2,0,Jun,0,https://inaturalist-open-data.s3.amazonaws.com/photos/105777210/medium.jpeg,https://www.inaturalist.org/observations/65694080
Plantae,Yellow ginger,Hedychium flavescens,2,0,"Aug, Oct",0,https://inaturalist-open-data.s3.amazonaws.com/photos/106585359/medium.jpg,https://www.inaturalist.org/observations/66155411
Insecta,Small Yellow Sailer,Neptis miah,2,0,"Nov, Dec",0,https://inaturalist-open-data.s3.amazonaws.com/photos/107533041/medium.jpeg,https://www.inaturalist.org/observations/66673262
Insecta,,Uncobotyodes patulalis,2,0,"Oct, Nov",0,https://inaturalist-open-data.s3.amazonaws.com/photos/111807584/medium.jpeg,https://www.inaturalist.org/observations/68969249
Insecta,,Arthroschista hilaralis,2,0,"Oct, Dec",0,https://inaturalist-open-data.s3.amazonaws.com/photos/111807653/medium.jpeg,https://www.inaturalist.org/observations/68969260
Insecta,,Eudohrnia metallica,2,0,May,0,https://static.inaturalist.org/photos/166920260/medium.jpeg,https://www.inaturalist.org/observations/100046297
Plantae,mu oil tree,Vernicia montana,2,0,Apr,0,https://inaturalist-open-data.s3.amazonaws.com/photos/182975890/medium.jpeg,https://www.inaturalist.org/observations/108652028
Plantae,Beach Spider Lily,Hymenocallis littoralis,2,0,"Jun, Aug",0,https://inaturalist-open-data.s3.amazonaws.com/photos/203743800/medium.jpeg,https://www.inaturalist.org/observations/120457294
Insecta,Golden Emperor,Dilipa morgiana,2,0,"Aug, Nov",0,https://inaturalist-open-data.s3.amazonaws.com/photos/227031060/medium.jpg,https://www.inaturalist.org/observations/133296530
Plantae,scarlet powder-puff,Calliandra haematocephala,2,0,"Oct, Dec",0,https://inaturalist-open-data.s3.amazonaws.com/photos/240258007/medium.jpeg,https://www.inaturalist.org/observations/140362652
Plantae,,Gentiana cephalantha,2,0,Oct,0,https://inaturalist-open-data.s3.amazonaws.com/photos/240496242/medium.jpeg,https://www.inaturalist.org/observations/140491156
Plantae,Money Bush,Senna bicapsularis,2,0,"Nov, Oct",0,https://inaturalist-open-data.s3.amazonaws.com/photos/243596137/medium.png,https://www.inaturalist.org/observations/142114271
Insecta,Dark Cerulean,Jamides bochus,2,0,"Nov, Dec",0,https://inaturalist-open-data.s3.amazonaws.com/photos/243721346/medium.png,https://www.inaturalist.org/observations/142181119
Insecta,,Velinus rufiventris,2,1,"Nov, Sep",0,https://inaturalist-open-data.s3.amazonaws.com/photos/246459802/medium.png,https://www.inaturalist.org/observations/143685028
Plantae,Plantain,Musa × paradisiaca,2,0,"Oct, Jan",0,https://inaturalist-open-data.s3.amazonaws.com/photos/250292448/medium.jpeg,https://www.inaturalist.org/observations/145685501
Insecta,,Odontolabis cuvera salvazae,2,0,"Mar, Aug",0,https://inaturalist-open-data.s3.amazonaws.com/photos/258751830/medium.jpeg,https://www.inaturalist.org/observations/150099285
Plantae,Green penny fern,Lemmaphyllum microphyllum,2,0,"Mar, Jan",0,https://inaturalist-open-data.s3.amazonaws.com/photos/263277628/medium.jpg,https://www.inaturalist.org/observations/152505332
Plantae,Poinsettia,Euphorbia pulcherrima,2,0,"Dec, Jan",0,https://inaturalist-open-data.s3.amazonaws.com/photos/267492239/medium.jpeg,https://www.inaturalist.org/observations/154789180
Insecta,Common Red Skimmer,Orthetrum pruinosum neglectum,2,0,"May, Aug",0,https://inaturalist-open-data.s3.amazonaws.com/photos/275340449/medium.jpeg,https://www.inaturalist.org/observations/159365238
Insecta,Himalayan sergeant,Athyma opalina,2,0,Oct,0,https://inaturalist-open-data.s3.amazonaws.com/photos/275800195/medium.jpeg,https://www.inaturalist.org/observations/159626025
Insecta,Chestnut Tiger,Parantica sita,2,0,May,0,https://static.inaturalist.org/photos/283660916/medium.jpeg,https://www.inaturalist.org/observations/163968700
Insecta,Red Caliph,Enispe euthymius,2,0,"Aug, Nov",0,https://static.inaturalist.org/photos/308410422/medium.jpeg,https://www.inaturalist.org/observations/177333528
Insecta,Common Evening Brown,Melanitis leda,2,0,"Aug, Jun",0,https://static.inaturalist.org/photos/308410885/medium.jpeg,https://www.inaturalist.org/observations/177333772
Plantae,Fujian cypress,Fokienia hodginsii,2,0,"Aug, Jan",0,https://inaturalist-open-data.s3.amazonaws.com/photos/310921458/medium.jpg,https://www.inaturalist.org/observations/178658081
Reptilia,Beauty Ratsnake,Elaphe taeniura,2,0,"Aug, Mar",0,https://static.inaturalist.org/photos/314979180/medium.jpeg,https://www.inaturalist.org/observations/180787743
Plantae,,Streptolirion volubile,2,0,"Oct, Dec",0,https://static.inaturalist.org/photos/324386706/medium.jpg,https://www.inaturalist.org/observations/185710515
Fungi,Fan-shaped Jelly Fungus,Dacrymyces spathularia,2,0,"Oct, Jan",0,https://static.inaturalist.org/photos/325254422/medium.jpg,https://www.inaturalist.org/observations/186152909
Insecta,,Ambulyx ochracea,2,0,Oct,0,https://static.inaturalist.org/photos/329897981/medium.jpg,https://www.inaturalist.org/observations/188489100
Insecta,,Asota plana,2,0,May,0,https://inaturalist-open-data.s3.amazonaws.com/photos/343549436/medium.jpeg,https://www.inaturalist.org/observations/195305773
Insecta,Tropical Tiger Moth,Asota caricae,2,0,"Jan, May",0,https://inaturalist-open-data.s3.amazonaws.com/photos/349383120/medium.jpeg,https://www.inaturalist.org/observations/198253046
Insecta,,Cressona rufa,2,0,"Jan, Apr",0,https://inaturalist-open-data.s3.amazonaws.com/photos/349656617/medium.jpeg,https://www.inaturalist.org/observations/198393858
Insecta,,Tetramorium wroughtonii,2,0,"Jan, Nov",0,https://inaturalist-open-data.s3.amazonaws.com/photos/349656694/medium.jpeg,https://www.inaturalist.org/observations/198393876
Aves,Little Heron,Butorides atricapilla,2,1,"Jan, Sep",0,https://inaturalist-open-data.s3.amazonaws.com/photos/350170908/medium.jpeg,https://www.inaturalist.org/observations/198653801
Insecta,Common Drone Fly,Eristalis tenax,2,0,"Jan, Apr",0,https://inaturalist-open-data.s3.amazonaws.com/photos/350171311/medium.jpeg,https://www.inaturalist.org/observations/198653862
Insecta,Marmalade Hover Fly,Episyrphus balteatus,2,0,Jan,0,https://inaturalist-open-data.s3.amazonaws.com/photos/350317001/medium.jpeg,https://www.inaturalist.org/observations/198722420
Plantae,False heather,Cuphea hyssopifolia,2,0,"Mar, Jan",0,https://inaturalist-open-data.s3.amazonaws.com/photos/356493122/medium.jpeg,https://www.inaturalist.org/observations/201904086
Plantae,,Scutellaria sichourensis,2,0,"Mar, May",0,https://inaturalist-open-data.s3.amazonaws.com/photos/357478215/medium.jpeg,https://www.inaturalist.org/observations/202412133
Plantae,calla lily,Zantedeschia aethiopica,2,0,"Apr, Mar",0,https://static.inaturalist.org/photos/362231423/medium.jpg,https://www.inaturalist.org/observations/204901310
Insecta,,Helopeltis cinchonae,2,0,"Apr, May",0,https://inaturalist-open-data.s3.amazonaws.com/photos/363146648/medium.jpg,https://www.inaturalist.org/observations/205381677
Insecta,,Lymantria sinica albido,2,0,May,0,https://inaturalist-open-data.s3.amazonaws.com/photos/378031244/medium.jpeg,https://www.inaturalist.org/observations/213895425
Insecta,,Neolucanus sinicus,2,0,"May, Aug",0,https://inaturalist-open-data.s3.amazonaws.com/photos/379628898/medium.jpeg,https://www.inaturalist.org/observations/214756567
Insecta,,Molipteryx hardwickii,2,0,May,0,https://inaturalist-open-data.s3.amazonaws.com/photos/379631143/medium.jpeg,https://www.inaturalist.org/observations/214757610
Insecta,,Poecilocoris druraei,2,0,May,0,https://inaturalist-open-data.s3.amazonaws.com/photos/379641176/medium.jpeg,https://www.inaturalist.org/observations/214763240
Insecta,,Mimela bidentata,2,0,"May, Jun",0,https://inaturalist-open-data.s3.amazonaws.com/photos/379665993/medium.jpeg,https://www.inaturalist.org/observations/214777799
Insecta,,Lucanus nobilis,2,0,Jun,0,https://inaturalist-open-data.s3.amazonaws.com/photos/389835829/medium.jpeg,https://www.inaturalist.org/observations/220198118
Insecta,Asian Giant Hornet,Vespa mandarinia,2,0,Jun,0,https://inaturalist-open-data.s3.amazonaws.com/photos/390628782/medium.jpg,https://www.inaturalist.org/observations/220619505
Arachnida,,Steatoda terastiosa,2,0,Jun,0,https://inaturalist-open-data.s3.amazonaws.com/photos/399530985/medium.jpg,https://www.inaturalist.org/observations/225353299
Reptilia,Delacour's Mountain Snake,Plagiopholis delacouri,2,0,"Jul, Jun",0,https://static.inaturalist.org/photos/413778648/medium.jpeg,https://www.inaturalist.org/observations/232868970
Insecta,Tabby,Pseudergolis wedah,2,0,"Aug, Jun",0,https://inaturalist-open-data.s3.amazonaws.com/photos/421439514/medium.jpeg,https://www.inaturalist.org/observations/236851708
Plantae,,Caryota maxima,2,0,"Dec, Jan",0,https://static.inaturalist.org/photos/427786028/medium.jpeg,https://www.inaturalist.org/observations/240139094
Aves,Blue Rock-Thrush,Monticola solitarius,2,1,"Sep, Apr",0,https://inaturalist-open-data.s3.amazonaws.com/photos/432866524/medium.jpg,https://www.inaturalist.org/observations/242792744
Reptilia,Pingbian Mountain Pitviper,Ovophis anitae,2,0,"Nov, Oct",0,https://inaturalist-open-data.s3.amazonaws.com/photos/444773468/medium.jpg,https://www.inaturalist.org/observations/248567660
Reptilia,Bourret’s pitviper,Protobothrops jerdonii bourreti,2,0,"Jul, Apr",0,https://inaturalist-open-data.s3.amazonaws.com/photos/447165851/medium.jpg,https://www.inaturalist.org/observations/250076908
Reptilia,Indo-Chinese Rat Snake,Ptyas korros,2,0,"Apr, Oct",2,https://inaturalist-open-data.s3.amazonaws.com/photos/447170147/medium.jpg,https://www.inaturalist.org/observations/250078815
Reptilia,Gumprecht's Green Pitviper,Trimeresurus gumprechti,2,0,"May, Apr",0,https://inaturalist-open-data.s3.amazonaws.com/photos/447170432/medium.jpg,https://www.inaturalist.org/observations/250078909
Insecta,ocellated shield bug,Cantao ocellatus,2,0,Nov,0,https://static.inaturalist.org/photos/453682202/medium.jpeg,https://www.inaturalist.org/observations/253383290
Insecta,Greater Asian Lady Beetle,Harmonia dimidiata,2,0,"Dec, Oct",0,https://inaturalist-open-data.s3.amazonaws.com/photos/457054553/medium.jpg,https://www.inaturalist.org/observations/255085432
Plantae,Common Pratia,Lobelia nummularia,2,0,"Dec, May",0,https://inaturalist-open-data.s3.amazonaws.com/photos/457807742/medium.jpg,https://www.inaturalist.org/observations/255466801
Insecta,,Eudocima aurantia,2,0,Dec,0,https://inaturalist-open-data.s3.amazonaws.com/photos/462913857/medium.jpg,https://www.inaturalist.org/observations/258043681
Insecta,White-underwing Artena,Artena dotata,2,0,Dec,0,https://inaturalist-open-data.s3.amazonaws.com/photos/465883464/medium.jpg,https://www.inaturalist.org/observations/259523039
Insecta,,Lipomelia subusta,2,0,Dec,0,https://inaturalist-open-data.s3.amazonaws.com/photos/465883505/medium.jpg,https://www.inaturalist.org/observations/259523060
Insecta,,Pidorus atratus,2,0,"Dec, Jul",0,https://inaturalist-open-data.s3.amazonaws.com/photos/468622207/medium.jpg,https://www.inaturalist.org/observations/260902133
Insecta,Indian Red Admiral,Vanessa indica,2,0,Apr,0,https://inaturalist-open-data.s3.amazonaws.com/photos/488158639/medium.jpeg,https://www.inaturalist.org/observations/271383221
Amphibia,Dubois' Whipping Frog,Zhangixalus duboisi,2,0,"Apr, Mar",0,https://static.inaturalist.org/photos/493536358/medium.jpeg,https://www.inaturalist.org/observations/274540935
Plantae,New Guinea Impatiens,Impatiens hawkeri,2,0,Jun,0,https://inaturalist-open-data.s3.amazonaws.com/photos/514923956/medium.jpg,https://www.inaturalist.org/observations/286427139
Reptilia,Big-Eyed Ratsnake,Ptyas dhumnades,2,0,"Nov, Apr",0,https://static.inaturalist.org/photos/518731616/medium.jpg,https://www.inaturalist.org/observations/288444645
Plantae,Golden lotus banana,Musella lasiocarpa,2,0,Jun,2,https://static.inaturalist.org/photos/519172352/medium.jpg,https://www.inaturalist.org/observations/288676804
Plantae,American pokeweed,Phytolacca americana,2,0,Jun,0,https://static.inaturalist.org/photos/529645176/medium.jpg,https://www.inaturalist.org/observations/294261275
Insecta,Dark Clouded Yellow,Colias fieldii,2,0,Apr,0,https://inaturalist-open-data.s3.amazonaws.com/photos/548211118/medium.jpg,https://www.inaturalist.org/observations/304120967
Insecta,,Rinaca anna,2,2,Sep,0,https://inaturalist-open-data.s3.amazonaws.com/photos/569778545/medium.jpg,https://www.inaturalist.org/observations/315409916
Insecta,Emerald Cockroach Wasp,Ampulex compressa,2,1,"Sep, Jun",0,https://inaturalist-open-data.s3.amazonaws.com/photos/572617013/medium.jpg,https://www.inaturalist.org/observations/316911281
Insecta,Cricula Silkmoth,Cricula trifenestrata,2,1,"Sep, Mar",0,https://inaturalist-open-data.s3.amazonaws.com/photos/573194747/medium.jpg,https://www.inaturalist.org/observations/317219209
Plantae,drooping fig,Ficus semicordata,2,0,Oct,0,https://inaturalist-open-data.s3.amazonaws.com/photos/578418590/medium.jpg,https://www.inaturalist.org/observations/319950601
Aves,Rusty-capped Fulvetta,Schoeniparus dubius,2,0,"Mar, Nov",0,https://inaturalist-open-data.s3.amazonaws.com/photos/581605832/medium.jpg,https://www.inaturalist.org/observations/321582612
Plantae,Black-eyed Susan vine,Thunbergia alata,2,0,"Oct, May",0,https://static.inaturalist.org/photos/585954746/medium.jpg,https://www.inaturalist.org/observations/323798818
Insecta,,Heterapoderus geniculatus,2,0,Oct,0,https://inaturalist-open-data.s3.amazonaws.com/photos/591655912/medium.jpg,https://www.inaturalist.org/observations/326658594
Insecta,Oriental Mole Cricket,Gryllotalpa orientalis,2,0,"May, Mar",0,https://inaturalist-open-data.s3.amazonaws.com/photos/608478942/medium.jpg,https://www.inaturalist.org/observations/334997239
Insecta,,Athyma punctata,2,0,Apr,0,https://inaturalist-open-data.s3.amazonaws.com/photos/642294305/medium.jpg,https://www.inaturalist.org/observations/351724356
Insecta,Mixed Punch,Dodona ouida,2,0,"Jun, May",0,https://inaturalist-open-data.s3.amazonaws.com/photos/672189022/medium.jpg,https://www.inaturalist.org/observations/368048400
Insecta,Citrus Longhorn Beetle,Anoplophora chinensis,2,0,Jun,0,https://inaturalist-open-data.s3.amazonaws.com/photos/681421581/medium.jpg,https://www.inaturalist.org/observations/372886503
Insecta,,Neolucanus giganteus,1,1,Sep,0,https://static.inaturalist.org/photos/25595633/medium.jpg,https://www.inaturalist.org/observations/16937023
Plantae,Yunnan banana,Musa itinerans,1,0,Nov,0,https://inaturalist-open-data.s3.amazonaws.com/photos/28681056/medium.jpg,https://www.inaturalist.org/observations/18731025
Plantae,sweet wild banana,Musa balbisiana,1,0,Dec,0,https://inaturalist-open-data.s3.amazonaws.com/photos/28705661/medium.jpg,https://www.inaturalist.org/observations/18746277
Insecta,Chinese Yellow Swallowtail,Papilio xuthus,1,0,Jun,0,https://static.inaturalist.org/photos/29063107/medium.jpeg,https://www.inaturalist.org/observations/18956277
Plantae,Hairy Beggarticks,Bidens pilosa,1,0,Jan,0,https://inaturalist-open-data.s3.amazonaws.com/photos/30299428/medium.jpg,https://www.inaturalist.org/observations/19672343
Plantae,,Rubus ellipticus obcordatus,1,0,Jan,0,https://inaturalist-open-data.s3.amazonaws.com/photos/30299459/medium.jpg,https://www.inaturalist.org/observations/19672365
Plantae,Small Hounds Tongue,Cynoglossum lanceolatum,1,0,Jan,0,https://inaturalist-open-data.s3.amazonaws.com/photos/30299498/medium.jpg,https://www.inaturalist.org/observations/19672384
Plantae,black maidenhair fern,Adiantum capillus-veneris,1,0,Jan,0,https://inaturalist-open-data.s3.amazonaws.com/photos/30325513/medium.jpg,https://www.inaturalist.org/observations/19687838
Plantae,orange wild rhea,Debregeasia longifolia,1,0,Jan,0,https://inaturalist-open-data.s3.amazonaws.com/photos/30325541/medium.jpg,https://www.inaturalist.org/observations/19687852
Insecta,Tiger-Striped Wasp Moth,Amata polymita,1,0,May,0,https://inaturalist-open-data.s3.amazonaws.com/photos/41139076/medium.jpg,https://www.inaturalist.org/observations/26490696
Insecta,,Parum colligata,1,0,May,0,https://inaturalist-open-data.s3.amazonaws.com/photos/41139081/medium.jpg,https://www.inaturalist.org/observations/26490698
Insecta,,Sarcinodes reductatus,1,0,May,0,https://inaturalist-open-data.s3.amazonaws.com/photos/41139104/medium.jpg,https://www.inaturalist.org/observations/26490704
Insecta,,Ptisciana seminivea,1,0,May,0,https://inaturalist-open-data.s3.amazonaws.com/photos/41139124/medium.jpg,https://www.inaturalist.org/observations/26490712
Insecta,,Meganola brunellus,1,0,May,0,https://inaturalist-open-data.s3.amazonaws.com/photos/41139136/medium.jpg,https://www.inaturalist.org/observations/26490722
Insecta,Black planthopper,Ricania speculum,1,0,May,0,https://inaturalist-open-data.s3.amazonaws.com/photos/41139304/medium.jpg,https://www.inaturalist.org/observations/26490785
Insecta,Cross-line Wave Moth,Traminda aventiaria,1,0,May,0,https://inaturalist-open-data.s3.amazonaws.com/photos/41139431/medium.jpg,https://www.inaturalist.org/observations/26490859
Insecta,,Dudusa sphingiformis,1,0,May,0,https://inaturalist-open-data.s3.amazonaws.com/photos/41139442/medium.jpg,https://www.inaturalist.org/observations/26490864
Insecta,,Cania bilinea,1,0,May,0,https://inaturalist-open-data.s3.amazonaws.com/photos/41139470/medium.jpg,https://www.inaturalist.org/observations/26490896
Insecta,,Aethaloessa calidalis,1,0,May,0,https://inaturalist-open-data.s3.amazonaws.com/photos/41139597/medium.jpg,https://www.inaturalist.org/observations/26490980
Insecta,,Neochauliodes umbratus,1,0,May,0,https://inaturalist-open-data.s3.amazonaws.com/photos/41139748/medium.jpg,https://www.inaturalist.org/observations/26491058
Insecta,,Pingasa ruginaria,1,0,May,0,https://inaturalist-open-data.s3.amazonaws.com/photos/41139891/medium.jpg,https://www.inaturalist.org/observations/26491104
Insecta,,Delias acalis shinkaii,1,0,May,0,https://inaturalist-open-data.s3.amazonaws.com/photos/41139983/medium.jpg,https://www.inaturalist.org/observations/26491140
Insecta,Clouded Tiger Moth,Creatonotos transiens,1,0,May,0,https://inaturalist-open-data.s3.amazonaws.com/photos/41213614/medium.jpg,https://www.inaturalist.org/observations/26536384
Insecta,,Blenina senex,1,0,May,0,https://inaturalist-open-data.s3.amazonaws.com/photos/41213728/medium.jpg,https://www.inaturalist.org/observations/26536474
Insecta,Green Drab,Ophiusa tirhaca,1,0,May,0,https://inaturalist-open-data.s3.amazonaws.com/photos/41213734/medium.jpg,https://www.inaturalist.org/observations/26536478
Insecta,Green Fruit-piercing Moth,Eudocima salaminia,1,0,May,0,https://inaturalist-open-data.s3.amazonaws.com/photos/41213788/medium.jpg,https://www.inaturalist.org/observations/26536504
Insecta,,Rhagoba octomaculalis,1,0,May,0,https://inaturalist-open-data.s3.amazonaws.com/photos/41213792/medium.jpg,https://www.inaturalist.org/observations/26536507
Insecta,,Amerila astreus,1,0,May,0,https://inaturalist-open-data.s3.amazonaws.com/photos/41213802/medium.jpg,https://www.inaturalist.org/observations/26536511
Insecta,,Krananda oliveomarginata,1,0,May,0,https://inaturalist-open-data.s3.amazonaws.com/photos/41213837/medium.jpg,https://www.inaturalist.org/observations/26536526
Insecta,,Xandrames dholaria,1,0,May,0,https://inaturalist-open-data.s3.amazonaws.com/photos/41213843/medium.jpg,https://www.inaturalist.org/observations/26536529
Insecta,,Hypochrosis hyadaria,1,0,May,0,https://inaturalist-open-data.s3.amazonaws.com/photos/41213855/medium.jpg,https://www.inaturalist.org/observations/26536533
Insecta,,Ziridava kanshireiensis,1,0,May,0,https://inaturalist-open-data.s3.amazonaws.com/photos/41213860/medium.jpg,https://www.inaturalist.org/observations/26536534
Insecta,,Asota producta,1,0,Jun,0,https://inaturalist-open-data.s3.amazonaws.com/photos/41226374/medium.jpg,https://www.inaturalist.org/observations/26544094
Insecta,,Acosmeryx anceus,1,0,Jun,0,https://inaturalist-open-data.s3.amazonaws.com/photos/41226384/medium.jpg,https://www.inaturalist.org/observations/26544104
Insecta,,Marumba spectabilis,1,0,Jun,0,https://inaturalist-open-data.s3.amazonaws.com/photos/41226408/medium.jpg,https://www.inaturalist.org/observations/26544114
Insecta,,Sphenarches zanclistes,1,0,Jun,0,https://inaturalist-open-data.s3.amazonaws.com/photos/41226446/medium.jpg,https://www.inaturalist.org/observations/26544144
Insecta,,Ambulyx obliterata,1,0,Jun,0,https://inaturalist-open-data.s3.amazonaws.com/photos/41226498/medium.jpg,https://www.inaturalist.org/observations/26544170
Insecta,,Westermannia superba,1,0,Jun,0,https://inaturalist-open-data.s3.amazonaws.com/photos/41226526/medium.jpg,https://www.inaturalist.org/observations/26544186
Insecta,,Xyleutes strix,1,0,Jun,0,https://inaturalist-open-data.s3.amazonaws.com/photos/41226561/medium.jpg,https://www.inaturalist.org/observations/26544210
Insecta,,Racotis inconclusa,1,0,Jun,0,https://inaturalist-open-data.s3.amazonaws.com/photos/41226574/medium.jpg,https://www.inaturalist.org/observations/26544230
Insecta,Oriental Orange Banded Green Geometer Moth,Eucyclodes gavissima,1,0,Jun,0,https://inaturalist-open-data.s3.amazonaws.com/photos/41635015/medium.jpg,https://www.inaturalist.org/observations/26799212
Insecta,,Hypospila bolinoides,1,0,Jun,0,https://inaturalist-open-data.s3.amazonaws.com/photos/41635027/medium.jpg,https://www.inaturalist.org/observations/26799217
Insecta,Poor Tiger Moth,Asota egens,1,0,Jun,0,https://inaturalist-open-data.s3.amazonaws.com/photos/41635031/medium.jpg,https://www.inaturalist.org/observations/26799218
Insecta,,Chorodna metaphaearia,1,0,Jun,0,https://inaturalist-open-data.s3.amazonaws.com/photos/41635035/medium.jpg,https://www.inaturalist.org/observations/26799219
Insecta,,Phyllodes eyndhovii,1,0,Jun,0,https://inaturalist-open-data.s3.amazonaws.com/photos/41635110/medium.jpg,https://www.inaturalist.org/observations/26799300
Insecta,,Asota ficus,1,0,Jun,0,https://inaturalist-open-data.s3.amazonaws.com/photos/41635118/medium.jpg,https://www.inaturalist.org/observations/26799308
Insecta,,Biston strigaria,1,0,Jun,0,https://inaturalist-open-data.s3.amazonaws.com/photos/41635122/medium.jpg,https://www.inaturalist.org/observations/26799309
Insecta,,Biston mediolata,1,0,Jun,0,https://inaturalist-open-data.s3.amazonaws.com/photos/41635148/medium.jpg,https://www.inaturalist.org/observations/26799321
Insecta,,Susica sinensis,1,0,Jun,0,https://inaturalist-open-data.s3.amazonaws.com/photos/41635153/medium.jpg,https://www.inaturalist.org/observations/26799322
Insecta,,Cyme euprepioides,1,0,Jun,0,https://inaturalist-open-data.s3.amazonaws.com/photos/41635166/medium.jpg,https://www.inaturalist.org/observations/26799331
Insecta,Rice Leaf-roller,Cnaphalocrocis medinalis,1,0,Jun,0,https://inaturalist-open-data.s3.amazonaws.com/photos/41635175/medium.jpg,https://www.inaturalist.org/observations/26799342
Insecta,,Scopula butleri,1,0,Jun,0,https://inaturalist-open-data.s3.amazonaws.com/photos/41635181/medium.jpg,https://www.inaturalist.org/observations/26799346
Insecta,,Toccolosida rubriceps,1,0,Jun,0,https://inaturalist-open-data.s3.amazonaws.com/photos/41635258/medium.jpg,https://www.inaturalist.org/observations/26799379
Insecta,Dimorphic Leafcutter,Megachile conjuncta,1,0,Jun,0,https://inaturalist-open-data.s3.amazonaws.com/photos/41783312/medium.jpg,https://www.inaturalist.org/observations/26891864
Insecta,,Arctolamia fasciata,1,0,Jun,0,https://inaturalist-open-data.s3.amazonaws.com/photos/41783326/medium.jpg,https://www.inaturalist.org/observations/26891866
Insecta,Siamese Rhinoceros Beetle,Xylotrupes socrates,1,0,Jun,0,https://inaturalist-open-data.s3.amazonaws.com/photos/41783431/medium.jpg,https://www.inaturalist.org/observations/26891890
Insecta,,Adites paraimpilia,1,0,Jun,0,https://inaturalist-open-data.s3.amazonaws.com/photos/41783470/medium.jpg,https://www.inaturalist.org/observations/26891907
Insecta,Handmaiden moth,Syntomoides imaon,1,0,Jun,0,https://inaturalist-open-data.s3.amazonaws.com/photos/41783491/medium.jpg,https://www.inaturalist.org/observations/26891915
Insecta,,Bertula abjudicalis,1,0,Jun,0,https://inaturalist-open-data.s3.amazonaws.com/photos/41783573/medium.jpg,https://www.inaturalist.org/observations/26891934
Insecta,Cotton Bollworm Moth,Helicoverpa armigera,1,0,Jun,0,https://inaturalist-open-data.s3.amazonaws.com/photos/41783683/medium.jpg,https://www.inaturalist.org/observations/26891960
Insecta,,Chiasmia nora,1,0,Jun,0,https://inaturalist-open-data.s3.amazonaws.com/photos/41783713/medium.jpg,https://www.inaturalist.org/observations/26891979
Insecta,,Syllepte taiwanalis,1,0,Jun,0,https://inaturalist-open-data.s3.amazonaws.com/photos/41783804/medium.jpg,https://www.inaturalist.org/observations/26892021
Insecta,Oriental Great Eggfly,Hypolimnas bolina jacintha,1,0,Aug,0,https://static.inaturalist.org/photos/42671926/medium.jpg,https://www.inaturalist.org/observations/27425433
Insecta,Restricted Demon,Notocrypta curvifascia,1,0,Jun,0,https://inaturalist-open-data.s3.amazonaws.com/photos/42894646/medium.jpg,https://www.inaturalist.org/observations/27560137
Insecta,,Phalera combusta,1,0,Jun,0,https://inaturalist-open-data.s3.amazonaws.com/photos/42894650/medium.jpg,https://www.inaturalist.org/observations/27560139
Insecta,,Hypomecis cineracea,1,0,Jun,0,https://inaturalist-open-data.s3.amazonaws.com/photos/42894654/medium.jpg,https://www.inaturalist.org/observations/27560142
Insecta,,Psilalcis vietnamensis,1,0,Jun,0,https://inaturalist-open-data.s3.amazonaws.com/photos/42894661/medium.jpg,https://www.inaturalist.org/observations/27560149
Insecta,Black Looper,Hyposidra talaca,1,0,Jun,0,https://inaturalist-open-data.s3.amazonaws.com/photos/42894683/medium.jpg,https://www.inaturalist.org/observations/27560163
Insecta,Common Five-ring,Ypthima baldus,1,0,Jun,0,https://inaturalist-open-data.s3.amazonaws.com/photos/42894695/medium.jpg,https://www.inaturalist.org/observations/27560168
Insecta,,Figulus bicolor,1,0,Jun,0,https://inaturalist-open-data.s3.amazonaws.com/photos/42894718/medium.jpg,https://www.inaturalist.org/observations/27560188
Insecta,Blue-spotted Forester Moth,Episteme adulatrix,1,0,Jun,0,https://inaturalist-open-data.s3.amazonaws.com/photos/42894726/medium.jpg,https://www.inaturalist.org/observations/27560194
Insecta,Colour Sergeant,Athyma nefte,1,0,Jun,0,https://inaturalist-open-data.s3.amazonaws.com/photos/42894735/medium.jpg,https://www.inaturalist.org/observations/27560202
Insecta,,Dorcus cervulus,1,0,Aug,0,https://inaturalist-open-data.s3.amazonaws.com/photos/47819250/medium.jpeg,https://www.inaturalist.org/observations/30602233
Plantae,,Saurauia napaulensis,1,0,Aug,0,https://inaturalist-open-data.s3.amazonaws.com/photos/48267619/medium.jpeg,https://www.inaturalist.org/observations/30876474
Insecta,,Allodahlia macropyga,1,0,Oct,0,https://inaturalist-open-data.s3.amazonaws.com/photos/48715225/medium.jpg,https://www.inaturalist.org/observations/31145537
Plantae,billygoat weed,Ageratum conyzoides,1,0,Nov,0,https://inaturalist-open-data.s3.amazonaws.com/photos/48715373/medium.jpg,https://www.inaturalist.org/observations/31145548
Insecta,Asian Lady Beetle,Harmonia axyridis,1,0,Nov,0,https://inaturalist-open-data.s3.amazonaws.com/photos/48715845/medium.jpg,https://www.inaturalist.org/observations/31145598
Insecta,,Picromerus griseus,1,0,Oct,0,https://inaturalist-open-data.s3.amazonaws.com/photos/48716177/medium.jpg,https://www.inaturalist.org/observations/31145649
Arachnida,,Gasteracantha aureola,1,0,Oct,0,https://inaturalist-open-data.s3.amazonaws.com/photos/48716351/medium.jpg,https://www.inaturalist.org/observations/31145673
Arachnida,Decorative Vleispider,Leucauge decorata,1,0,Oct,0,https://inaturalist-open-data.s3.amazonaws.com/photos/48716372/medium.jpg,https://www.inaturalist.org/observations/31145677
Insecta,,Vespa velutina variana,1,0,Nov,0,https://inaturalist-open-data.s3.amazonaws.com/photos/48716432/medium.jpg,https://www.inaturalist.org/observations/31145699
Plantae,staghorn clubmoss,Palhinhaea cernua,1,0,Feb,0,https://inaturalist-open-data.s3.amazonaws.com/photos/48745810/medium.jpg,https://www.inaturalist.org/observations/31161922
Insecta,Spotted sawtooth,Prioneris thestylis,1,1,Sep,0,https://static.inaturalist.org/photos/51306655/medium.jpeg,https://www.inaturalist.org/observations/32700521
Plantae,East-Himalayan Bell-Bush,Mackaya neesiana,1,0,Aug,0,https://inaturalist-open-data.s3.amazonaws.com/photos/52939570/medium.jpeg,https://www.inaturalist.org/observations/33689280
Plantae,Chinese elder,Sambucus javanica,1,0,Apr,0,https://inaturalist-open-data.s3.amazonaws.com/photos/54250730/medium.jpg,https://www.inaturalist.org/observations/34467406
Insecta,Common Cruiser,Vindula erota,1,0,Oct,0,https://inaturalist-open-data.s3.amazonaws.com/photos/55684987/medium.jpeg,https://www.inaturalist.org/observations/35321532
Plantae,Mexican Ruellia,Ruellia simplex,1,0,Oct,0,https://inaturalist-open-data.s3.amazonaws.com/photos/55686129/medium.jpg,https://www.inaturalist.org/observations/35321635
Plantae,Mile-a-minute vine,Ipomoea cairica,1,0,Oct,0,https://inaturalist-open-data.s3.amazonaws.com/photos/55687285/medium.jpg,https://www.inaturalist.org/observations/35322209
Fungi,turkey-tail,Trametes versicolor,1,0,Oct,0,https://inaturalist-open-data.s3.amazonaws.com/photos/55687458/medium.jpg,https://www.inaturalist.org/observations/35322221
Insecta,Common Crow,Euploea core,1,0,Nov,0,https://inaturalist-open-data.s3.amazonaws.com/photos/59119530/medium.jpeg,https://www.inaturalist.org/observations/37308012
Insecta,Himalayan Spotted Sawtooth,Prioneris thestylis thestylis,1,0,Nov,0,https://inaturalist-open-data.s3.amazonaws.com/photos/59119533/medium.jpeg,https://www.inaturalist.org/observations/37308013
Insecta,Tea Seed Bug,Poecilocoris latus,1,0,Dec,0,https://inaturalist-open-data.s3.amazonaws.com/photos/59833572/medium.jpeg,https://www.inaturalist.org/observations/37707669
Aves,Slaty-backed Forktail,Enicurus schistaceus,1,0,Feb,0,https://inaturalist-open-data.s3.amazonaws.com/photos/60030245/medium.jpeg,https://www.inaturalist.org/observations/37818112
Mammalia,Domestic Goat,Capra hircus,1,0,May,0,https://inaturalist-open-data.s3.amazonaws.com/photos/61672702/medium.jpeg,https://www.inaturalist.org/observations/38771315
Plantae,Spider flower,Cleome houtteana,1,0,Jul,0,https://static.inaturalist.org/photos/65545669/medium.jpeg,https://www.inaturalist.org/observations/41324792
Aves,Pallas's Leaf Warbler,Phylloscopus proregulus,1,0,Jan,0,https://inaturalist-open-data.s3.amazonaws.com/photos/67779837/medium.jpg,https://www.inaturalist.org/observations/42681426
Aves,Red-flanked Bluetail,Tarsiger cyanurus,1,0,Jan,0,https://inaturalist-open-data.s3.amazonaws.com/photos/67779915/medium.jpg,https://www.inaturalist.org/observations/42681427
Aves,Long-tailed Minivet,Pericrocotus ethologus,1,0,Jan,0,https://inaturalist-open-data.s3.amazonaws.com/photos/68059585/medium.jpg,https://www.inaturalist.org/observations/42681432
Aves,Red-tailed Laughingthrush,Trochalopteron milnei,1,0,Mar,0,https://static.inaturalist.org/photos/71072957/medium.jpg,https://www.inaturalist.org/observations/44833695
Aves,Silver-eared Mesia,Leiothrix argentauris,1,0,Mar,0,https://static.inaturalist.org/photos/71073041/medium.jpg,https://www.inaturalist.org/observations/44833696
Aves,Orange-bellied Leafbird,Chloropsis hardwickii,1,0,Mar,0,https://static.inaturalist.org/photos/71073391/medium.jpg,https://www.inaturalist.org/observations/44833697
Aves,Verditer Flycatcher,Eumyias thalassinus,1,0,Mar,0,https://static.inaturalist.org/photos/71075097/medium.jpg,https://www.inaturalist.org/observations/44833924
Plantae,,Osbeckia nepalensis,1,0,Aug,0,https://static.inaturalist.org/photos/84434947/medium.jpeg,https://www.inaturalist.org/observations/53097814
Plantae,Asian Rice,Oryza sativa,1,0,Aug,0,https://static.inaturalist.org/photos/84435009/medium.jpeg,https://www.inaturalist.org/observations/53097830
Plantae,Buttercup Orchid,Spathoglottis pubescens,1,1,Sep,0,https://static.inaturalist.org/photos/84924493/medium.jpg,https://www.inaturalist.org/observations/53396211
Insecta,,Cephalaeschna aipishishi,1,0,Jun,0,https://inaturalist-open-data.s3.amazonaws.com/photos/95498935/medium.jpeg,https://www.inaturalist.org/observations/59754082
Insecta,,Anotogaster chaoi,1,0,Jun,0,https://inaturalist-open-data.s3.amazonaws.com/photos/95692061/medium.jpeg,https://www.inaturalist.org/observations/59867279
Insecta,Yellow Forester,Lethe syrcis,1,0,Oct,0,https://inaturalist-open-data.s3.amazonaws.com/photos/99954610/medium.jpg,https://www.inaturalist.org/observations/62389651
Insecta,Slender-scaped Carpenter Bee,Xylocopa tenuiscapa,1,0,Oct,0,https://inaturalist-open-data.s3.amazonaws.com/photos/100101343/medium.jpg,https://www.inaturalist.org/observations/62473252
Insecta,Common Leopard,Phalanta phalantha,1,0,Oct,0,https://inaturalist-open-data.s3.amazonaws.com/photos/100102113/medium.jpg,https://www.inaturalist.org/observations/62474110
Aves,Oriental Honey-buzzard,Pernis ptilorhynchus,1,0,Oct,0,https://inaturalist-open-data.s3.amazonaws.com/photos/100207223/medium.jpg,https://www.inaturalist.org/observations/62532947
Aves,Eurasian Kestrel,Falco tinnunculus,1,0,Oct,0,https://inaturalist-open-data.s3.amazonaws.com/photos/100207818/medium.jpg,https://www.inaturalist.org/observations/62533198
Aves,Yellow-browed Warbler,Phylloscopus inornatus,1,0,Oct,0,https://inaturalist-open-data.s3.amazonaws.com/photos/100208391/medium.jpg,https://www.inaturalist.org/observations/62533570
Aves,Common Kingfisher,Alcedo atthis,1,0,Oct,0,https://inaturalist-open-data.s3.amazonaws.com/photos/100208850/medium.jpg,https://www.inaturalist.org/observations/62533844
Aves,Grey-headed Lapwing,Vanellus cinereus,1,0,Oct,0,https://inaturalist-open-data.s3.amazonaws.com/photos/100227890/medium.jpg,https://www.inaturalist.org/observations/62543625
Insecta,Common Mime Swallowtail,Papilio clytia,1,0,Aug,0,https://inaturalist-open-data.s3.amazonaws.com/photos/104626107/medium.jpg,https://www.inaturalist.org/observations/65026587
Aves,Collared Finchbill,Spizixos semitorques,1,0,Aug,0,https://inaturalist-open-data.s3.amazonaws.com/photos/104633730/medium.jpg,https://www.inaturalist.org/observations/65030689
Insecta,,Rhipidolestes jucundus,1,0,Jun,0,https://inaturalist-open-data.s3.amazonaws.com/photos/105773950/medium.jpeg,https://www.inaturalist.org/observations/65692197
Insecta,,Coeliccia hoanglienensis,1,0,Jun,0,https://inaturalist-open-data.s3.amazonaws.com/photos/105786458/medium.jpeg,https://www.inaturalist.org/observations/65699246
Plantae,Tree spinach,Chenopodium giganteum,1,0,May,0,https://inaturalist-open-data.s3.amazonaws.com/photos/113007758/medium.jpg,https://www.inaturalist.org/observations/68517634
Insecta,hill jezebel,Delias belladonna,1,0,May,0,https://inaturalist-open-data.s3.amazonaws.com/photos/111193411/medium.jpg,https://www.inaturalist.org/observations/68636958
Insecta,,Anisoneura aluco,1,0,Oct,0,https://inaturalist-open-data.s3.amazonaws.com/photos/111223760/medium.jpeg,https://www.inaturalist.org/observations/68654622
Insecta,,Protohermes tonkinensis,1,0,May,0,https://inaturalist-open-data.s3.amazonaws.com/photos/111627934/medium.jpg,https://www.inaturalist.org/observations/68873174
Insecta,Yellow Blotched Pearl Moth,Eurrhyparodes bracteolalis,1,0,Oct,0,https://inaturalist-open-data.s3.amazonaws.com/photos/111807592/medium.jpeg,https://www.inaturalist.org/observations/68969250
Insecta,Castor Semi-looper,Achaea janata,1,0,Oct,0,https://inaturalist-open-data.s3.amazonaws.com/photos/111807621/medium.jpeg,https://www.inaturalist.org/observations/68969252
Insecta,Indochinese Blue Pansy,Junonia orithya ocyale,1,0,May,0,https://inaturalist-open-data.s3.amazonaws.com/photos/112151446/medium.jpg,https://www.inaturalist.org/observations/69158312
Insecta,Small Transverse Ladybird Beetle,Coccinella transversalis,1,0,May,0,https://inaturalist-open-data.s3.amazonaws.com/photos/112332688/medium.jpg,https://www.inaturalist.org/observations/69256536
Plantae,Pacific island flatsedge,Cyperus cyperoides,1,0,May,0,https://inaturalist-open-data.s3.amazonaws.com/photos/113012899/medium.jpg,https://www.inaturalist.org/observations/69625457
Plantae,Mexican Stonecrop,Sedum mexicanum,1,0,Mar,0,https://inaturalist-open-data.s3.amazonaws.com/photos/117053506/medium.jpeg,https://www.inaturalist.org/observations/71853988
Plantae,false staghorn fern,Dicranopteris linearis,1,0,Apr,0,https://inaturalist-open-data.s3.amazonaws.com/photos/182975941/medium.jpeg,https://www.inaturalist.org/observations/108652032
Aves,Amur Stonechat,Saxicola stejnegeri,1,0,Apr,0,https://static.inaturalist.org/photos/199959188/medium.jpeg,https://www.inaturalist.org/observations/118354387
Plantae,Taro,Colocasia esculenta,1,0,Jul,0,https://inaturalist-open-data.s3.amazonaws.com/photos/212717750/medium.jpeg,https://www.inaturalist.org/observations/125434151
Amphibia,Ailao spiny toad,Leptobrachium ailaonicum,1,0,Jun,1,https://static.inaturalist.org/photos/217717589/medium.jpg,https://www.inaturalist.org/observations/128189883
Insecta,,Pycanum ochraceum,1,0,Aug,0,https://inaturalist-open-data.s3.amazonaws.com/photos/225187107/medium.jpg,https://www.inaturalist.org/observations/132249520
Insecta,Lesser Judy,Spitosa sobrina,1,0,Aug,0,https://inaturalist-open-data.s3.amazonaws.com/photos/225201942/medium.jpg,https://www.inaturalist.org/observations/132258135
Plantae,Fortune's Holly-fern,Cyrtomium fortunei,1,0,Aug,0,https://inaturalist-open-data.s3.amazonaws.com/photos/225202715/medium.jpg,https://www.inaturalist.org/observations/132258564
Insecta,Banana Stem weevil,Odoiporus longicollis,1,0,Jul,0,https://static.inaturalist.org/photos/232627117/medium.jpg,https://www.inaturalist.org/observations/136316440
Insecta,Flower Katydid,Sanaa intermedia,1,0,Oct,0,https://static.inaturalist.org/photos/237816843/medium.jpg,https://www.inaturalist.org/observations/139082114
Insecta,Black Forester,Lethe vindhya,1,0,Oct,0,https://inaturalist-open-data.s3.amazonaws.com/photos/240257923/medium.jpeg,https://www.inaturalist.org/observations/140362650
Insecta,,Cosmodela horii,1,0,Nov,0,https://inaturalist-open-data.s3.amazonaws.com/photos/243891811/medium.png,https://www.inaturalist.org/observations/142274294
Insecta,,Planovalvata confusa,1,0,Nov,0,https://inaturalist-open-data.s3.amazonaws.com/photos/243987346/medium.png,https://www.inaturalist.org/observations/142328790
Plantae,Climbing Flowering Broom,Floscopa scandens,1,0,Nov,0,https://inaturalist-open-data.s3.amazonaws.com/photos/243987622/medium.png,https://www.inaturalist.org/observations/142328807
Insecta,Three-spotted Grass Yellow,Eurema blanda,1,0,Nov,0,https://inaturalist-open-data.s3.amazonaws.com/photos/244489871/medium.png,https://www.inaturalist.org/observations/142592473
Insecta,,Miltochrista undulosa,1,0,Nov,0,https://inaturalist-open-data.s3.amazonaws.com/photos/244489941/medium.png,https://www.inaturalist.org/observations/142592485
Insecta,,Thinopteryx citrina,1,0,Nov,0,https://inaturalist-open-data.s3.amazonaws.com/photos/246459393/medium.png,https://www.inaturalist.org/observations/143685006
Aves,Domestic Muscovy Duck,Cairina moschata domestica,1,0,Dec,0,https://inaturalist-open-data.s3.amazonaws.com/photos/248059598/medium.jpeg,https://www.inaturalist.org/observations/144522694
Aves,Common Myna,Acridotheres tristis,1,0,Dec,0,https://inaturalist-open-data.s3.amazonaws.com/photos/248059784/medium.jpeg,https://www.inaturalist.org/observations/144522696
Insecta,,Pharsalia antennata,1,0,Oct,0,https://static.inaturalist.org/photos/259194502/medium.jpg,https://www.inaturalist.org/observations/150329969
Plantae,,Heptapleurum macrophyllum,1,0,Mar,0,https://inaturalist-open-data.s3.amazonaws.com/photos/260478779/medium.jpeg,https://www.inaturalist.org/observations/151003947
Insecta,,Rosalia lameerei,1,0,Jun,0,https://inaturalist-open-data.s3.amazonaws.com/photos/265407975/medium.jpg,https://www.inaturalist.org/observations/153651658
Insecta,Blue Peacock Swallowtail,Papilio arcturus,1,0,Apr,0,https://static.inaturalist.org/photos/269196724/medium.jpeg,https://www.inaturalist.org/observations/155713067
Insecta,Chinese Nawab,Polyura narcaeus,1,0,Apr,0,https://static.inaturalist.org/photos/269479498/medium.jpeg,https://www.inaturalist.org/observations/155873395
Insecta,,Papilio dialis doddsi,1,0,Apr,0,https://static.inaturalist.org/photos/269479521/medium.jpeg,https://www.inaturalist.org/observations/155873397
Insecta,Tailed Redbreast,Papilio bootes,1,0,Apr,0,https://static.inaturalist.org/photos/269479564/medium.jpeg,https://www.inaturalist.org/observations/155873401
Insecta,,Delias belladonna belladonna,1,0,May,0,https://static.inaturalist.org/photos/282731650/medium.jpeg,https://www.inaturalist.org/observations/163466011
Plantae,Golden Angel's Trumpet,Brugmansia aurea,1,0,Jul,0,https://static.inaturalist.org/photos/314550990/medium.jpeg,https://www.inaturalist.org/observations/172132693
Animalia,Shovel-headed Garden Worm,Bipalium kewense,1,0,Aug,0,https://static.inaturalist.org/photos/308327833/medium.jpeg,https://www.inaturalist.org/observations/177289132
Arachnida,Four-dotted Grass Spider,Burmattus albopunctatus,1,0,Aug,0,https://inaturalist-open-data.s3.amazonaws.com/photos/313948929/medium.jpeg,https://www.inaturalist.org/observations/180251357
Amphibia,Chapa Frog,Nidirana chapaensis,1,0,Aug,0,https://static.inaturalist.org/photos/314981339/medium.jpeg,https://www.inaturalist.org/observations/180789023
Plantae,,Henckelia anachoreta,1,0,Oct,0,https://static.inaturalist.org/photos/324388129/medium.jpg,https://www.inaturalist.org/observations/185711196
Plantae,,Selaginella vaginata,1,0,Oct,0,https://static.inaturalist.org/photos/324772811/medium.jpg,https://www.inaturalist.org/observations/185910372
Insecta,,Hexarthrius vitalisi vitalisi,1,0,Oct,0,https://static.inaturalist.org/photos/324774390/medium.jpg,https://www.inaturalist.org/observations/185911057
Plantae,,Alectra avensis,1,0,Oct,0,https://static.inaturalist.org/photos/324775433/medium.jpg,https://www.inaturalist.org/observations/185911684
Plantae,,Swertia nervosa,1,0,Oct,0,https://static.inaturalist.org/photos/324775987/medium.jpg,https://www.inaturalist.org/observations/185912044
Plantae,,Sonerila plagiocardia,1,0,Oct,0,https://static.inaturalist.org/photos/324777411/medium.jpg,https://www.inaturalist.org/observations/185912823
Arachnida,,Argiope hinderlichi,1,0,Oct,0,https://static.inaturalist.org/photos/324778186/medium.jpg,https://www.inaturalist.org/observations/185913213
Plantae,Fairy Fern,Odontosoria chinensis,1,0,Oct,0,https://static.inaturalist.org/photos/324779057/medium.jpg,https://www.inaturalist.org/observations/185913654
Insecta,,Phlaeoba antennata,1,0,Oct,0,https://static.inaturalist.org/photos/324779605/medium.jpg,https://www.inaturalist.org/observations/185913937
Plantae,Nepal Alder,Alnus nepalensis,1,0,Oct,0,https://static.inaturalist.org/photos/325254477/medium.jpg,https://www.inaturalist.org/observations/186152992
Insecta,,Xenocerus salamandrinus,1,0,Oct,0,https://static.inaturalist.org/photos/325255462/medium.jpg,https://www.inaturalist.org/observations/186153612
Insecta,Jade Hawkmoth,Daphnis hypothous,1,0,Oct,0,https://static.inaturalist.org/photos/329167482/medium.jpg,https://www.inaturalist.org/observations/188124973
Insecta,,Creatonotos fasciatus,1,0,Oct,0,https://static.inaturalist.org/photos/329167692/medium.jpg,https://www.inaturalist.org/observations/188125147
Plantae,Oriental Blechnum,Blechnum orientale,1,0,Oct,0,https://static.inaturalist.org/photos/329395391/medium.jpg,https://www.inaturalist.org/observations/188235863
Insecta,Pink Lymantria Moth,Lymantria mathura,1,0,Oct,0,https://static.inaturalist.org/photos/329898088/medium.jpg,https://www.inaturalist.org/observations/188489108
Insecta,,Ampelophaga rubiginosa,1,0,Oct,0,https://static.inaturalist.org/photos/329898115/medium.jpg,https://www.inaturalist.org/observations/188489113
Insecta,,Condate purpurea,1,0,Oct,0,https://static.inaturalist.org/photos/329898343/medium.jpg,https://www.inaturalist.org/observations/188489125
Aves,Long-tailed Shrike,Lanius schach,1,0,Oct,0,https://static.inaturalist.org/photos/329898692/medium.jpg,https://www.inaturalist.org/observations/188489151
Insecta,,Dercas verhuelli verhuelli,1,0,Oct,0,https://static.inaturalist.org/photos/329899248/medium.jpg,https://www.inaturalist.org/observations/188489175
Insecta,Common Mormon Swallowtail,Papilio polytes,1,0,Oct,0,https://static.inaturalist.org/photos/329899615/medium.jpg,https://www.inaturalist.org/observations/188489186
Insecta,Malaysian Moon Moth,Actias maenas,1,0,Nov,0,https://inaturalist-open-data.s3.amazonaws.com/photos/338209173/medium.jpg,https://www.inaturalist.org/observations/192632401
Insecta,Clara's Swallowtailed Moth,Ourapteryx clara,1,0,Nov,0,https://inaturalist-open-data.s3.amazonaws.com/photos/338209191/medium.jpg,https://www.inaturalist.org/observations/192632413
Insecta,Great Nawab,Polyura eudamippus,1,0,Apr,0,https://inaturalist-open-data.s3.amazonaws.com/photos/338672342/medium.jpg,https://www.inaturalist.org/observations/192865301
Insecta,,Taeniodera miksiciana,1,0,May,0,https://inaturalist-open-data.s3.amazonaws.com/photos/343350181/medium.jpeg,https://www.inaturalist.org/observations/195207503
Insecta,,Archaeoattacus vietnamensis,1,0,May,0,https://inaturalist-open-data.s3.amazonaws.com/photos/343549780/medium.jpeg,https://www.inaturalist.org/observations/195305792
Arachnida,Black-and-white Spiny Spider,Gasteracantha kuhli,1,0,Jan,0,https://inaturalist-open-data.s3.amazonaws.com/photos/349115443/medium.jpeg,https://www.inaturalist.org/observations/198118327
Plantae,Purple Justicia,Justicia procumbens,1,0,Jan,0,https://inaturalist-open-data.s3.amazonaws.com/photos/349656472/medium.jpeg,https://www.inaturalist.org/observations/198393809
Insecta,,Micromus linearis,1,0,Jan,0,https://inaturalist-open-data.s3.amazonaws.com/photos/349656630/medium.jpeg,https://www.inaturalist.org/observations/198393862
Insecta,,Eparchus insignis,1,0,Jan,0,https://inaturalist-open-data.s3.amazonaws.com/photos/349656671/medium.jpeg,https://www.inaturalist.org/observations/198393871
Animalia,Snake-headed Flatworm,Rhynchodemus sylvaticus,1,0,Jan,0,https://inaturalist-open-data.s3.amazonaws.com/photos/349656934/medium.jpeg,https://www.inaturalist.org/observations/198393950
Plantae,,Primula chapaensis,1,0,Jan,0,https://inaturalist-open-data.s3.amazonaws.com/photos/350170708/medium.jpeg,https://www.inaturalist.org/observations/198653767
Plantae,Palmgrass,Setaria palmifolia,1,0,Jan,0,https://inaturalist-open-data.s3.amazonaws.com/photos/350170770/medium.jpeg,https://www.inaturalist.org/observations/198653773
Aves,,Falco tinnunculus interstinctus,1,0,Jan,0,https://inaturalist-open-data.s3.amazonaws.com/photos/350171190/medium.jpeg,https://www.inaturalist.org/observations/198653851
Insecta,Bombay Locust,Patanga succincta,1,0,Jan,0,https://inaturalist-open-data.s3.amazonaws.com/photos/350171299/medium.jpeg,https://www.inaturalist.org/observations/198653860
Plantae,night bells,Brugmansia suaveolens,1,0,Jan,0,https://inaturalist-open-data.s3.amazonaws.com/photos/350171352/medium.jpeg,https://www.inaturalist.org/observations/198653866
Insecta,,Vatana ogromna,1,0,Jan,0,https://inaturalist-open-data.s3.amazonaws.com/photos/350171442/medium.jpeg,https://www.inaturalist.org/observations/198653893
Insecta,Indian Cotton Stainer,Dysdercus cingulatus,1,0,Jan,0,https://inaturalist-open-data.s3.amazonaws.com/photos/350171506/medium.jpeg,https://www.inaturalist.org/observations/198653909
Mollusca,Yellow Cellar Slug,Limacus flavus,1,0,Jan,0,https://inaturalist-open-data.s3.amazonaws.com/photos/350171755/medium.jpeg,https://www.inaturalist.org/observations/198653943
Aves,Oriental Magpie-Robin,Copsychus saularis,1,0,Jan,0,https://inaturalist-open-data.s3.amazonaws.com/photos/350307394/medium.jpeg,https://www.inaturalist.org/observations/198719641
Insecta,Blue Admiral,Kaniska canace,1,0,Jan,0,https://inaturalist-open-data.s3.amazonaws.com/photos/350307453/medium.jpeg,https://www.inaturalist.org/observations/198719642
Actinopterygii,Amur Carp,Cyprinus rubrofuscus,1,0,Jan,0,https://inaturalist-open-data.s3.amazonaws.com/photos/350316876/medium.jpeg,https://www.inaturalist.org/observations/198722407
Reptilia,,Takydromus kuehnei vietnamensis,1,0,Feb,0,https://static.inaturalist.org/photos/353119411/medium.jpg,https://www.inaturalist.org/observations/200173910
Aves,Eastern Cattle-Egret,Ardea coromanda,1,0,Feb,0,https://inaturalist-open-data.s3.amazonaws.com/photos/353759209/medium.jpeg,https://www.inaturalist.org/observations/200498810
Plantae,Paris Daisy,Euryops chrysanthemoides,1,0,Mar,0,https://inaturalist-open-data.s3.amazonaws.com/photos/356743942/medium.jpeg,https://www.inaturalist.org/observations/202034809
Fungi,splitgill mushroom,Schizophyllum commune,1,0,Mar,0,https://inaturalist-open-data.s3.amazonaws.com/photos/356747640/medium.jpeg,https://www.inaturalist.org/observations/202036422
Insecta,Giant Water Strider,Aquarius elongatus,1,0,Mar,0,https://inaturalist-open-data.s3.amazonaws.com/photos/357478194/medium.jpeg,https://www.inaturalist.org/observations/202412125
Mammalia,Maritime Striped Squirrel,Tamiops maritimus,1,0,Mar,0,https://inaturalist-open-data.s3.amazonaws.com/photos/357478226/medium.jpeg,https://www.inaturalist.org/observations/202412136
Insecta,Yellow-shouldered Hover Fly,Ischiodon scutellaris,1,0,Apr,0,https://inaturalist-open-data.s3.amazonaws.com/photos/363149177/medium.jpg,https://www.inaturalist.org/observations/205383058
Insecta,,Eristalis cerealis,1,0,Apr,0,https://inaturalist-open-data.s3.amazonaws.com/photos/363362593/medium.jpg,https://www.inaturalist.org/observations/205495152
Insecta,Brown-backed Red Marsh Hawk,Orthetrum chrysis,1,0,Apr,0,https://static.inaturalist.org/photos/364761617/medium.jpeg,https://www.inaturalist.org/observations/206243171
Insecta,Ochre Titan,Philoganga vetusta,1,0,Apr,0,https://static.inaturalist.org/photos/364761837/medium.jpeg,https://www.inaturalist.org/observations/206243332
Insecta,,Glycyphana horsfieldi,1,0,Apr,0,https://static.inaturalist.org/photos/365058487/medium.jpeg,https://www.inaturalist.org/observations/206408592
Insecta,,Coelophora bissellata,1,0,Apr,0,https://static.inaturalist.org/photos/365059452/medium.jpeg,https://www.inaturalist.org/observations/206409161
Insecta,,Eterusia tricolor,1,0,Apr,0,https://static.inaturalist.org/photos/365059596/medium.jpeg,https://www.inaturalist.org/observations/206409233
Insecta,,Oenopia mimica,1,0,Mar,0,https://inaturalist-open-data.s3.amazonaws.com/photos/367090982/medium.jpeg,https://www.inaturalist.org/observations/207528607
Insecta,Four-bar Swordtail,Graphium agetes,1,0,Mar,0,https://inaturalist-open-data.s3.amazonaws.com/photos/367091376/medium.jpeg,https://www.inaturalist.org/observations/207528642
Insecta,,Papilio epycides camilla,1,0,Mar,0,https://inaturalist-open-data.s3.amazonaws.com/photos/367091421/medium.jpeg,https://www.inaturalist.org/observations/207528647
Insecta,Dark-banded White,Talbotia naganum,1,0,Mar,0,https://inaturalist-open-data.s3.amazonaws.com/photos/367091492/medium.jpeg,https://www.inaturalist.org/observations/207528648
Arachnida,,Siler cupreus,1,0,Mar,0,https://inaturalist-open-data.s3.amazonaws.com/photos/367091633/medium.jpeg,https://www.inaturalist.org/observations/207528662
Aves,Plain Flowerpecker,Dicaeum minullum,1,0,Mar,0,https://inaturalist-open-data.s3.amazonaws.com/photos/367091913/medium.jpeg,https://www.inaturalist.org/observations/207528720
Aves,Gray-faced Buzzard,Butastur indicus,1,0,Mar,0,https://inaturalist-open-data.s3.amazonaws.com/photos/367092025/medium.jpeg,https://www.inaturalist.org/observations/207528737
Insecta,,Rhypotoses drepanioides,1,0,Nov,0,https://inaturalist-open-data.s3.amazonaws.com/photos/368130672/medium.jpg,https://www.inaturalist.org/observations/208083742
Plantae,Bloodleaf,Iresine diffusa herbstii,1,0,May,0,https://static.inaturalist.org/photos/376083802/medium.jpeg,https://www.inaturalist.org/observations/212814626
Insecta,Blue Striped Mime Swallowtail,Papilio slateri,1,0,May,0,https://static.inaturalist.org/photos/377629977/medium.jpg,https://www.inaturalist.org/observations/213671515
Insecta,,Relluna nurella,1,0,May,0,https://inaturalist-open-data.s3.amazonaws.com/photos/378031286/medium.jpeg,https://www.inaturalist.org/observations/213895468
Insecta,,Lymantria sinica,1,0,May,0,https://inaturalist-open-data.s3.amazonaws.com/photos/378047980/medium.jpeg,https://www.inaturalist.org/observations/213905200
Insecta,,Pretas,1,0,May,0,https://inaturalist-open-data.s3.amazonaws.com/photos/378068160/medium.jpeg,https://www.inaturalist.org/observations/213916554
Insecta,,Mimela seminigra,1,0,May,0,https://inaturalist-open-data.s3.amazonaws.com/photos/378445270/medium.jpeg,https://www.inaturalist.org/observations/214123091
Plantae,Cook pine,Araucaria columnaris,1,0,May,0,https://inaturalist-open-data.s3.amazonaws.com/photos/378447311/medium.jpeg,https://www.inaturalist.org/observations/214124069
Insecta,,Anomala praeclara,1,0,May,0,https://inaturalist-open-data.s3.amazonaws.com/photos/378461835/medium.jpeg,https://www.inaturalist.org/observations/214131416
Insecta,,Gallerucida ornatipennis,1,0,May,0,https://inaturalist-open-data.s3.amazonaws.com/photos/378462980/medium.jpeg,https://www.inaturalist.org/observations/214132030
Insecta,,Mimela laevicollis,1,0,May,0,https://inaturalist-open-data.s3.amazonaws.com/photos/378475092/medium.jpeg,https://www.inaturalist.org/observations/214137909
Insecta,Red necked longhorn beetle,Aromia bungii,1,0,May,0,https://inaturalist-open-data.s3.amazonaws.com/photos/378507151/medium.jpeg,https://www.inaturalist.org/observations/214154910
Insecta,Yellow-spotted Longicorn Beetle,Psacothea hilaris,1,0,May,0,https://inaturalist-open-data.s3.amazonaws.com/photos/378508268/medium.jpeg,https://www.inaturalist.org/observations/214155520
Insecta,,Monolepta signata,1,0,May,0,https://inaturalist-open-data.s3.amazonaws.com/photos/378552059/medium.jpeg,https://www.inaturalist.org/observations/214179502
Insecta,White-backed Planthopper,Sogatella furcifera,1,0,May,0,https://inaturalist-open-data.s3.amazonaws.com/photos/378554000/medium.jpeg,https://www.inaturalist.org/observations/214180780
Insecta,Six-spotted Zigzag Ladybird,Cheilomenes sexmaculata,1,0,May,0,https://inaturalist-open-data.s3.amazonaws.com/photos/378555581/medium.jpeg,https://www.inaturalist.org/observations/214181580
Insecta,,Aplosonyx orientalis,1,0,May,0,https://inaturalist-open-data.s3.amazonaws.com/photos/378841954/medium.jpeg,https://www.inaturalist.org/observations/214334426
Insecta,,Propylea luteopustulata,1,0,May,0,https://inaturalist-open-data.s3.amazonaws.com/photos/378842024/medium.jpeg,https://www.inaturalist.org/observations/214334458
Insecta,Japanese Burrowing Cricket,Velarifictorus micado,1,0,May,0,https://inaturalist-open-data.s3.amazonaws.com/photos/379191771/medium.jpeg,https://www.inaturalist.org/observations/214522794
Insecta,Golden Commodore,Parasarpa houlberti,1,0,May,0,https://static.inaturalist.org/photos/379590705/medium.jpeg,https://www.inaturalist.org/observations/214736645
Insecta,,Henicolabus spinipes,1,0,May,0,https://inaturalist-open-data.s3.amazonaws.com/photos/379630302/medium.jpeg,https://www.inaturalist.org/observations/214757167
Insecta,Sixteen-spotted Lady Beetle,Harmonia sedecimnotata,1,0,May,0,https://inaturalist-open-data.s3.amazonaws.com/photos/379653030/medium.jpeg,https://www.inaturalist.org/observations/214770375
Actinopterygii,Sharptooth Catfish,Clarias gariepinus,1,0,May,0,https://inaturalist-open-data.s3.amazonaws.com/photos/379947392/medium.jpeg,https://www.inaturalist.org/observations/214928159
Insecta,,Psychostrophia nymphidiaria,1,0,May,0,https://static.inaturalist.org/photos/380425758/medium.jpeg,https://www.inaturalist.org/observations/215186284
Insecta,,Cryptotympana mandarina,1,0,May,0,https://static.inaturalist.org/photos/381356657/medium.jpeg,https://www.inaturalist.org/observations/215681288
Insecta,,Batocera,1,0,May,0,https://static.inaturalist.org/photos/381366977/medium.jpg,https://www.inaturalist.org/observations/215686674
Insecta,,Aplosonyx chalybaeus,1,0,May,0,https://static.inaturalist.org/photos/383446817/medium.jpg,https://www.inaturalist.org/observations/216792959
Plantae,Redvein Abutilon,Callianthe picta,1,0,May,0,https://inaturalist-open-data.s3.amazonaws.com/photos/384294804/medium.jpg,https://www.inaturalist.org/observations/217240820
Aves,Mountain Tailorbird,Phyllergates cucullatus,1,0,Mar,0,https://inaturalist-open-data.s3.amazonaws.com/photos/388215817/medium.jpeg,https://www.inaturalist.org/observations/219336472
Insecta,,Lucanus derani,1,0,May,0,https://inaturalist-open-data.s3.amazonaws.com/photos/389849105/medium.jpeg,https://www.inaturalist.org/observations/220205605
Insecta,,Lucanus thibetanus furcifer,1,0,May,0,https://inaturalist-open-data.s3.amazonaws.com/photos/389855314/medium.jpeg,https://www.inaturalist.org/observations/220208967
Insecta,,Lucanus pulchellus,1,0,Jun,0,https://inaturalist-open-data.s3.amazonaws.com/photos/389861315/medium.jpeg,https://www.inaturalist.org/observations/220212399
Insecta,,Lucanus marazziorum,1,0,Jul,0,https://inaturalist-open-data.s3.amazonaws.com/photos/389861996/medium.jpeg,https://www.inaturalist.org/observations/220212736
Insecta,Antler Horn Beetle,Dicronocephalus wallichi,1,0,May,0,https://inaturalist-open-data.s3.amazonaws.com/photos/392309996/medium.jpg,https://www.inaturalist.org/observations/221526460
Insecta,Asian Red-tailed Spider Wasp,Tachypompilus analis,1,0,Jun,0,https://inaturalist-open-data.s3.amazonaws.com/photos/397619233/medium.jpeg,https://www.inaturalist.org/observations/224349095
Insecta,,Macrochenus tonkinensis,1,0,Jul,0,https://static.inaturalist.org/photos/404903331/medium.jpg,https://www.inaturalist.org/observations/227984101
Plantae,rose glorybower,Clerodendrum bungei,1,0,Jul,0,https://inaturalist-open-data.s3.amazonaws.com/photos/405614852/medium.jpg,https://www.inaturalist.org/observations/228566223
Insecta,,Cosmodela aurulenta juxtata,1,0,Jul,0,https://inaturalist-open-data.s3.amazonaws.com/photos/413369181/medium.jpeg,https://www.inaturalist.org/observations/232656513
Insecta,,Lucanus formosus,1,0,Jun,0,https://static.inaturalist.org/photos/413372263/medium.jpg,https://www.inaturalist.org/observations/232668636
Insecta,,Lucanus takakuwai,1,0,Jun,0,https://static.inaturalist.org/photos/413372474/medium.jpg,https://www.inaturalist.org/observations/232668684
Insecta,Gaudy Baron,Euthalia lubentina,1,0,Aug,0,https://static.inaturalist.org/photos/414074099/medium.jpeg,https://www.inaturalist.org/observations/233024340
Reptilia,,Archelaphe bella chapaensis,1,0,Jul,0,https://inaturalist-open-data.s3.amazonaws.com/photos/419688989/medium.jpg,https://www.inaturalist.org/observations/235947255
Plantae,Chameleon Plant,Houttuynia cordata,1,0,Aug,0,https://inaturalist-open-data.s3.amazonaws.com/photos/421858575/medium.jpeg,https://www.inaturalist.org/observations/237070924
Aves,Chinese Sparrowhawk,Tachyspiza soloensis,1,0,Jul,0,https://inaturalist-open-data.s3.amazonaws.com/photos/426720324/medium.jpeg,https://www.inaturalist.org/observations/239577849
Insecta,,Ithocritus multimaculatus,1,0,Jul,0,https://inaturalist-open-data.s3.amazonaws.com/photos/426791870/medium.jpeg,https://www.inaturalist.org/observations/239615947
Plantae,Dumortier's Liverwort,Dumortiera hirsuta,1,0,May,0,https://inaturalist-open-data.s3.amazonaws.com/photos/429205875/medium.jpeg,https://www.inaturalist.org/observations/240873047
Plantae,roundleaf toothcup,Rotala rotundifolia,1,0,May,0,https://inaturalist-open-data.s3.amazonaws.com/photos/429524135/medium.jpeg,https://www.inaturalist.org/observations/241039941
Aves,Crimson Sunbird,Aethopyga siparaja,1,1,Sep,0,https://inaturalist-open-data.s3.amazonaws.com/photos/432867276/medium.jpg,https://www.inaturalist.org/observations/242793121
Plantae,Devil’s Cotton,Abroma augustum,1,1,Sep,0,https://inaturalist-open-data.s3.amazonaws.com/photos/439303453/medium.jpeg,https://www.inaturalist.org/observations/246113199
Plantae,tomato,Solanum lycopersicum,1,0,Oct,0,https://inaturalist-open-data.s3.amazonaws.com/photos/446231418/medium.jpeg,https://www.inaturalist.org/observations/249607398
Reptilia,Tonkin Pit Viper,Ovophis tonkinensis,1,0,Aug,0,https://inaturalist-open-data.s3.amazonaws.com/photos/447172282/medium.jpg,https://www.inaturalist.org/observations/250079768
Reptilia,Chinese Bamboo Ratsnake,Oreocryptophis vaillanti,1,0,Jun,0,https://inaturalist-open-data.s3.amazonaws.com/photos/447173447/medium.jpg,https://www.inaturalist.org/observations/250080392
Reptilia,Common Mock Viper,Psammodynastes pulverulentus,1,1,Sep,0,https://inaturalist-open-data.s3.amazonaws.com/photos/447186844/medium.jpg,https://www.inaturalist.org/observations/250086610
Plantae,Mignonette vine,Anredera cordifolia,1,0,Dec,0,https://inaturalist-open-data.s3.amazonaws.com/photos/454295858/medium.jpeg,https://www.inaturalist.org/observations/253691750
Plantae,Roxburgh fig,Ficus auriculata,1,0,Nov,0,https://inaturalist-open-data.s3.amazonaws.com/photos/455079858/medium.jpeg,https://www.inaturalist.org/observations/254104076
Plantae,Edible debregeasia,Debregeasia orientalis,1,0,Nov,0,https://inaturalist-open-data.s3.amazonaws.com/photos/455079977/medium.jpeg,https://www.inaturalist.org/observations/254104130
Plantae,,Stephania cephalantha,1,0,Nov,0,https://inaturalist-open-data.s3.amazonaws.com/photos/455470087/medium.jpg,https://www.inaturalist.org/observations/254299892
Reptilia,Asian House Gecko,Hemidactylus frenatus,1,0,Dec,0,https://inaturalist-open-data.s3.amazonaws.com/photos/456257731/medium.jpg,https://www.inaturalist.org/observations/254692446
Insecta,,Ischyja manlia,1,0,Dec,0,https://inaturalist-open-data.s3.amazonaws.com/photos/456451947/medium.jpg,https://www.inaturalist.org/observations/254787578
Plantae,,Clematis leschenaultiana,1,0,Dec,0,https://inaturalist-open-data.s3.amazonaws.com/photos/456642737/medium.jpg,https://www.inaturalist.org/observations/254881270
Insecta,,Timomenus lugens,1,0,Dec,0,https://inaturalist-open-data.s3.amazonaws.com/photos/456666410/medium.jpg,https://www.inaturalist.org/observations/254892153
Insecta,,Lopharthrum comprimens,1,0,Dec,0,https://inaturalist-open-data.s3.amazonaws.com/photos/456815042/medium.jpg,https://www.inaturalist.org/observations/254966058
Insecta,,Macaldenia palumba,1,0,Dec,0,https://inaturalist-open-data.s3.amazonaws.com/photos/456949912/medium.jpg,https://www.inaturalist.org/observations/255033620
Plantae,Squash,Cucurbita moschata,1,0,Dec,0,https://inaturalist-open-data.s3.amazonaws.com/photos/456964999/medium.jpeg,https://www.inaturalist.org/observations/255041167
Plantae,Mother of Millions,Kalanchoe delagoensis,1,0,Dec,0,https://inaturalist-open-data.s3.amazonaws.com/photos/457140763/medium.jpg,https://www.inaturalist.org/observations/255128435
Plantae,China knotweed,Persicaria chinensis,1,0,Dec,0,https://inaturalist-open-data.s3.amazonaws.com/photos/457140926/medium.jpg,https://www.inaturalist.org/observations/255128501
Aves,Black-throated Sunbird,Aethopyga saturata,1,0,Dec,0,https://inaturalist-open-data.s3.amazonaws.com/photos/457231477/medium.jpeg,https://www.inaturalist.org/observations/255175441
Plantae,Pink Strobilanthes,Strobilanthes cusia,1,0,Dec,0,https://inaturalist-open-data.s3.amazonaws.com/photos/458184975/medium.jpg,https://www.inaturalist.org/observations/255648167
Plantae,Fishbone Fern,Nephrolepis cordifolia,1,0,Dec,0,https://inaturalist-open-data.s3.amazonaws.com/photos/458185030/medium.jpg,https://www.inaturalist.org/observations/255648180
Plantae,Giant fishtail palm,Caryota obtusa,1,0,Dec,0,https://inaturalist-open-data.s3.amazonaws.com/photos/458338064/medium.jpg,https://www.inaturalist.org/observations/255723981
Insecta,,Gabala argentata,1,0,Dec,0,https://inaturalist-open-data.s3.amazonaws.com/photos/458366032/medium.jpg,https://www.inaturalist.org/observations/255737133
Insecta,,Metoeca nymphulalis,1,0,Dec,0,https://inaturalist-open-data.s3.amazonaws.com/photos/458366049/medium.jpg,https://www.inaturalist.org/observations/255737135
Insecta,,Nola cretacea,1,0,Dec,0,https://inaturalist-open-data.s3.amazonaws.com/photos/458366060/medium.jpg,https://www.inaturalist.org/observations/255737138
Reptilia,Indo-Pacific House Gecko,Hemidactylus garnotii,1,0,Dec,0,https://inaturalist-open-data.s3.amazonaws.com/photos/458366074/medium.jpg,https://www.inaturalist.org/observations/255737147
Insecta,,Creobroter,1,0,Dec,0,https://inaturalist-open-data.s3.amazonaws.com/photos/458366105/medium.jpg,https://www.inaturalist.org/observations/255737157
Plantae,pot marigold,Calendula officinalis,1,0,Dec,0,https://inaturalist-open-data.s3.amazonaws.com/photos/459842124/medium.jpg,https://www.inaturalist.org/observations/256467872
Insecta,Dark Judy,Spitosa fylla,1,0,Dec,0,https://inaturalist-open-data.s3.amazonaws.com/photos/460151150/medium.jpg,https://www.inaturalist.org/observations/256619075
Insecta,Black-spotted Labyrinth,Neope muirheadii,1,0,Dec,0,https://inaturalist-open-data.s3.amazonaws.com/photos/460151165/medium.jpg,https://www.inaturalist.org/observations/256619084
Insecta,Common Mapwing,Cyrestis thyodamas,1,0,Jan,0,https://inaturalist-open-data.s3.amazonaws.com/photos/461822040/medium.jpg,https://www.inaturalist.org/observations/257442158
Insecta,,Actias sinensis sinensis,1,0,Dec,0,https://inaturalist-open-data.s3.amazonaws.com/photos/462913451/medium.jpg,https://www.inaturalist.org/observations/258043524
Insecta,,Cerasana rubripuncta,1,0,Dec,0,https://inaturalist-open-data.s3.amazonaws.com/photos/462913559/medium.jpg,https://www.inaturalist.org/observations/258043572
Insecta,,Maurilia iconica,1,0,Dec,0,https://inaturalist-open-data.s3.amazonaws.com/photos/462913603/medium.jpg,https://www.inaturalist.org/observations/258043580
Insecta,,Earias flavida,1,0,Dec,0,https://inaturalist-open-data.s3.amazonaws.com/photos/462913616/medium.jpg,https://www.inaturalist.org/observations/258043585
Insecta,,Risoba diversipennis,1,0,Dec,0,https://inaturalist-open-data.s3.amazonaws.com/photos/462913657/medium.jpg,https://www.inaturalist.org/observations/258043596
Insecta,,Ardonis chlorophilata,1,0,Dec,0,https://inaturalist-open-data.s3.amazonaws.com/photos/462913824/medium.jpg,https://www.inaturalist.org/observations/258043659
Insecta,,Dorcus branaungi,1,0,Nov,0,https://inaturalist-open-data.s3.amazonaws.com/photos/463934006/medium.jpg,https://www.inaturalist.org/observations/258561248
Insecta,,Risoba prominens,1,0,Dec,0,https://inaturalist-open-data.s3.amazonaws.com/photos/465883473/medium.jpg,https://www.inaturalist.org/observations/259523050
Insecta,,Tridrepana adelpha,1,0,Dec,0,https://inaturalist-open-data.s3.amazonaws.com/photos/465883538/medium.jpg,https://www.inaturalist.org/observations/259523070
Insecta,,Krananda semihyalina,1,0,Dec,0,https://inaturalist-open-data.s3.amazonaws.com/photos/465883666/medium.jpg,https://www.inaturalist.org/observations/259523150
Plantae,Mexican Bush Sage,Salvia leucantha,1,0,Feb,0,https://inaturalist-open-data.s3.amazonaws.com/photos/471934156/medium.jpg,https://www.inaturalist.org/observations/262770999
Plantae,Fringed Iris,Iris japonica,1,0,Feb,0,https://inaturalist-open-data.s3.amazonaws.com/photos/472055569/medium.jpg,https://www.inaturalist.org/observations/262831312
Aves,Grey Wagtail,Motacilla cinerea,1,0,Mar,0,https://static.inaturalist.org/photos/475513720/medium.jpeg,https://www.inaturalist.org/observations/264789417
Aves,Mrs Gould's Sunbird (Scarlet-breasted),Aethopyga gouldiae dabryii,1,0,Feb,0,https://inaturalist-open-data.s3.amazonaws.com/photos/478517528/medium.jpg,https://www.inaturalist.org/observations/266332064
Insecta,,Cydalima pfeifferae,1,0,Dec,0,https://inaturalist-open-data.s3.amazonaws.com/photos/483068582/medium.jpg,https://www.inaturalist.org/observations/268726632
Insecta,,Ophiusa trapezium,1,0,Dec,0,https://inaturalist-open-data.s3.amazonaws.com/photos/483069920/medium.jpg,https://www.inaturalist.org/observations/268726868
Amphibia,Mukhlesur's Narrow-mouthed Frog,Microhyla mukhlesuri,1,0,Apr,0,,https://www.inaturalist.org/observations/270825452
Insecta,,Dicronocephalus bowringi,1,0,Apr,0,https://static.inaturalist.org/photos/497276250/medium.jpeg,https://www.inaturalist.org/observations/276930767
Insecta,,Paratalainga distanti,1,0,May,0,https://inaturalist-open-data.s3.amazonaws.com/photos/503232600/medium.jpg,https://www.inaturalist.org/observations/280201822
Reptilia,Guanyinshan Mountain Pitviper,Ovophis zhaoermii,1,0,Oct,0,https://inaturalist-open-data.s3.amazonaws.com/photos/509117870/medium.jpg,https://www.inaturalist.org/observations/283343324
Plantae,Globe amaranth,Gomphrena globosa,1,0,Jun,0,https://inaturalist-open-data.s3.amazonaws.com/photos/515547989/medium.jpg,https://www.inaturalist.org/observations/286753235
Reptilia,Vietnam Water Snake,Hebius chapaensis,1,0,Jun,0,https://static.inaturalist.org/photos/516001123/medium.jpg,https://www.inaturalist.org/observations/286991949
Insecta,,Lymantria apicebrunnea,1,0,Jun,0,https://static.inaturalist.org/photos/517224350/medium.jpg,https://www.inaturalist.org/observations/287638616
Insecta,Brown Speckled Cicada,Asianopleura hilpa,1,0,Jun,0,https://static.inaturalist.org/photos/517224400/medium.jpg,https://www.inaturalist.org/observations/287639079
Fungi,bridal veil stinkhorn,Phallus indusiatus,1,0,Jun,0,https://static.inaturalist.org/photos/519167163/medium.jpg,https://www.inaturalist.org/observations/288639459
Insecta,Stripe-eyed Lagoon Fly,Eristalinus taeniops,1,0,Jun,0,https://static.inaturalist.org/photos/519599324/medium.jpg,https://www.inaturalist.org/observations/288908015
Insecta,Zebra Blue,Leptotes plinius,1,0,Jun,0,https://static.inaturalist.org/photos/521233704/medium.jpg,https://www.inaturalist.org/observations/289780284
Insecta,,Notonagemia analis,1,0,May,0,https://inaturalist-open-data.s3.amazonaws.com/photos/523427683/medium.jpg,https://www.inaturalist.org/observations/290941527
Insecta,,Talainga binghami,1,0,May,0,https://inaturalist-open-data.s3.amazonaws.com/photos/523428267/medium.jpg,https://www.inaturalist.org/observations/290941912
Insecta,Dark Blue Tiger,Tirumala septentrionis,1,0,Jun,0,https://inaturalist-open-data.s3.amazonaws.com/photos/525629316/medium.jpg,https://www.inaturalist.org/observations/292107289
Insecta,,Platerodrilus igneus,1,0,Jun,0,https://inaturalist-open-data.s3.amazonaws.com/photos/526141211/medium.jpg,https://www.inaturalist.org/observations/292375995
Plantae,Turkey Berry,Solanum torvum,1,0,Jun,0,https://static.inaturalist.org/photos/529185999/medium.jpg,https://www.inaturalist.org/observations/294018572
Insecta,Bumble Bees,Bombus,1,0,Jun,0,https://static.inaturalist.org/photos/529645018/medium.jpg,https://www.inaturalist.org/observations/294261201
Insecta,,Histia flabellicornis,1,0,Jul,0,https://inaturalist-open-data.s3.amazonaws.com/photos/532337636/medium.jpg,https://www.inaturalist.org/observations/295689987
Insecta,Black and White Helen,Papilio chaon,1,0,Jul,0,https://inaturalist-open-data.s3.amazonaws.com/photos/532687089/medium.jpg,https://www.inaturalist.org/observations/295873651
Insecta,Australian Cockroach,Validiblatta australasiae,1,0,Jul,0,https://static.inaturalist.org/photos/538257920/medium.jpg,https://www.inaturalist.org/observations/298798761
Insecta,,Macromia moorei malayana,1,0,Jul,0,https://inaturalist-open-data.s3.amazonaws.com/photos/542624243/medium.jpg,https://www.inaturalist.org/observations/301136562
Insecta,,Tosena albata,1,0,Jul,0,https://inaturalist-open-data.s3.amazonaws.com/photos/543828207/medium.jpg,https://www.inaturalist.org/observations/301778421
Insecta,,Camponotus singularis singularis,1,0,Jul,0,https://inaturalist-open-data.s3.amazonaws.com/photos/543828507/medium.jpg,https://www.inaturalist.org/observations/301778633
Insecta,Green Dragontail Butterfly,Lamproptera meges,1,0,Aug,0,https://inaturalist-open-data.s3.amazonaws.com/photos/546746287/medium.jpg,https://www.inaturalist.org/observations/303346896
Insecta,,Mesopodagrion tibetanum,1,0,Apr,0,https://inaturalist-open-data.s3.amazonaws.com/photos/548391331/medium.jpg,https://www.inaturalist.org/observations/304212746
Insecta,Spectacle Swordtail,Graphium mandarinus,1,0,Apr,0,https://inaturalist-open-data.s3.amazonaws.com/photos/549267709/medium.jpg,https://www.inaturalist.org/observations/304677103
Insecta,Yellow Labyrinth,Neope armandii,1,0,Apr,0,https://inaturalist-open-data.s3.amazonaws.com/photos/550150350/medium.jpg,https://www.inaturalist.org/observations/305144816
Insecta,,Neolucanus maximus,1,0,Aug,0,https://static.inaturalist.org/photos/550177602/medium.jpg,https://www.inaturalist.org/observations/305155951
Insecta,,Barca bicolor,1,0,Apr,0,https://inaturalist-open-data.s3.amazonaws.com/photos/550741523/medium.jpg,https://www.inaturalist.org/observations/305450472
Insecta,Parry's Stag-beetle,Neolucanus parryi,1,0,Aug,0,https://static.inaturalist.org/photos/550749154/medium.jpg,https://www.inaturalist.org/observations/305453224
Aves,,Monticola solitarius pandoo,1,0,Apr,0,https://inaturalist-open-data.s3.amazonaws.com/photos/550834152/medium.jpg,https://www.inaturalist.org/observations/305501137
Insecta,Lemon Migrant,Catopsilia pomona,1,0,Apr,0,https://inaturalist-open-data.s3.amazonaws.com/photos/551630439/medium.jpg,https://www.inaturalist.org/observations/305919093
Insecta,Slate Awl,Hasora anura,1,0,Apr,0,https://inaturalist-open-data.s3.amazonaws.com/photos/551640349/medium.jpg,https://www.inaturalist.org/observations/305925678
Plantae,Fansipan fir,Abies delavayi fansipanensis,1,0,Aug,1,https://inaturalist-open-data.s3.amazonaws.com/photos/554942394/medium.jpg,https://www.inaturalist.org/observations/307650078
Insecta,Tawny Rajah,Charaxes bernardus,1,0,Aug,0,https://static.inaturalist.org/photos/556359467/medium.jpg,https://www.inaturalist.org/observations/308381049
Insecta,,Matrona basilaris,1,0,Aug,0,https://static.inaturalist.org/photos/556359946/medium.jpg,https://www.inaturalist.org/observations/308381250
Plantae,Red-Lipped Habenaria,Habenaria rhodocheila,1,0,Aug,0,https://inaturalist-open-data.s3.amazonaws.com/photos/559359031/medium.jpg,https://www.inaturalist.org/observations/309957409
Reptilia,Japalure,Diploderma chapaense,1,0,Aug,0,https://static.inaturalist.org/photos/563432504/medium.jpg,https://www.inaturalist.org/observations/312089242
Insecta,Common Jay,Graphium doson,1,1,Sep,0,https://static.inaturalist.org/photos/565333735/medium.jpg,https://www.inaturalist.org/observations/313073595
Aves,Swan Goose,Anser cygnoides,1,1,Sep,0,https://static.inaturalist.org/photos/565334102/medium.jpg,https://www.inaturalist.org/observations/313073755
Aves,Scaly-breasted Munia,Lonchura punctulata,1,1,Sep,0,https://static.inaturalist.org/photos/565635919/medium.jpg,https://www.inaturalist.org/observations/313234591
Plantae,Hairy Pouzolz's Bush,Gonostegia hirta,1,1,Sep,0,https://static.inaturalist.org/photos/565730595/medium.jpg,https://www.inaturalist.org/observations/313281019
Mammalia,Domestic Pig,Sus scrofa domesticus,1,0,Oct,0,https://inaturalist-open-data.s3.amazonaws.com/photos/572222077/medium.jpg,https://www.inaturalist.org/observations/316701132
Plantae,Indian shot,Canna indica,1,0,Oct,0,https://static.inaturalist.org/photos/576223169/medium.jpg,https://www.inaturalist.org/observations/318804669
Insecta,Yellow-legged Hornet,Vespa velutina,1,0,Oct,0,https://inaturalist-open-data.s3.amazonaws.com/photos/577497000/medium.jpg,https://www.inaturalist.org/observations/319470888
Reptilia,Yunnan Bamboo Pitviper,Trimeresurus yunnanensis,1,0,Oct,0,https://static.inaturalist.org/photos/578352140/medium.jpg,https://www.inaturalist.org/observations/319915677
Plantae,,Begonia cathayana,1,0,Oct,0,https://inaturalist-open-data.s3.amazonaws.com/photos/578765436/medium.jpg,https://www.inaturalist.org/observations/320130021
Insecta,,Pyrops clavatus,1,0,Oct,0,https://inaturalist-open-data.s3.amazonaws.com/photos/578768498/medium.jpg,https://www.inaturalist.org/observations/320131331
Plantae,fuzzy flatsedge,Cyperus pilosus,1,0,Oct,0,https://inaturalist-open-data.s3.amazonaws.com/photos/578768553/medium.jpg,https://www.inaturalist.org/observations/320131366
Aves,Cinnamon Bittern,Botaurus cinnamomeus,1,0,Aug,0,https://inaturalist-open-data.s3.amazonaws.com/photos/579148384/medium.jpg,https://www.inaturalist.org/observations/320328637
Aves,Blue-throated Barbet,Psilopogon asiaticus,1,0,Aug,0,https://inaturalist-open-data.s3.amazonaws.com/photos/579149437/medium.jpg,https://www.inaturalist.org/observations/320328638
Aves,Red Junglefowl,Gallus gallus,1,0,Aug,0,https://inaturalist-open-data.s3.amazonaws.com/photos/579149726/medium.jpg,https://www.inaturalist.org/observations/320328639
Aves,Plain Prinia,Prinia inornata,1,0,Aug,0,https://inaturalist-open-data.s3.amazonaws.com/photos/579150643/medium.jpg,https://www.inaturalist.org/observations/320329205
Insecta,Giant Honey Bee,Apis dorsata,1,0,Oct,0,https://inaturalist-open-data.s3.amazonaws.com/photos/579789980/medium.jpg,https://www.inaturalist.org/observations/320656164
Insecta,Plain Palm-Dart,Cephrenes acalle,1,0,Oct,0,https://inaturalist-open-data.s3.amazonaws.com/photos/579804979/medium.jpg,https://www.inaturalist.org/observations/320662940
Insecta,Green Commodore,Sumalia daraxa,1,0,Oct,0,https://inaturalist-open-data.s3.amazonaws.com/photos/580068672/medium.jpg,https://www.inaturalist.org/observations/320796600
Insecta,,Rosalia formosa,1,0,Oct,0,https://inaturalist-open-data.s3.amazonaws.com/photos/580071092/medium.jpg,https://www.inaturalist.org/observations/320797823
Insecta,,Coelophora saucia,1,0,Oct,0,https://inaturalist-open-data.s3.amazonaws.com/photos/580441477/medium.jpg,https://www.inaturalist.org/observations/320985462
Aves,Swinhoe's White-eye,Zosterops simplex,1,0,Mar,0,https://inaturalist-open-data.s3.amazonaws.com/photos/581606488/medium.jpg,https://www.inaturalist.org/observations/321583129
Insecta,,Amana angulifera,1,1,Sep,0,https://inaturalist-open-data.s3.amazonaws.com/photos/582018524/medium.jpg,https://www.inaturalist.org/observations/321796065
Plantae,Elegant Zinnia,Zinnia elegans,1,0,Oct,0,https://static.inaturalist.org/photos/586032163/medium.jpg,https://www.inaturalist.org/observations/323840101
Insecta,Yellow-sided Carpenter,Xylocopa minor,1,0,Oct,0,https://inaturalist-open-data.s3.amazonaws.com/photos/586387956/medium.jpg,https://www.inaturalist.org/observations/324021440
Plantae,African tulip tree,Spathodea campanulata,1,0,Oct,0,https://static.inaturalist.org/photos/586524011/medium.jpg,https://www.inaturalist.org/observations/324087919
Plantae,,Liparis bistriata,1,0,Oct,0,https://inaturalist-open-data.s3.amazonaws.com/photos/591652814/medium.jpg,https://www.inaturalist.org/observations/326656788
Insecta,,Ceracris nigricornis,1,0,Oct,0,https://inaturalist-open-data.s3.amazonaws.com/photos/591653295/medium.jpg,https://www.inaturalist.org/observations/326656997
Insecta,,Isyndus lativentris,1,0,Nov,0,https://static.inaturalist.org/photos/591807982/medium.jpg,https://www.inaturalist.org/observations/326733158
Insecta,Blackvein Sergeant,Athyma ranga,1,0,Nov,0,https://static.inaturalist.org/photos/591864946/medium.jpg,https://www.inaturalist.org/observations/326761133
Insecta,Elongated Sergeant,Athyma orientalis,1,0,Nov,0,https://inaturalist-open-data.s3.amazonaws.com/photos/593255020/medium.jpg,https://www.inaturalist.org/observations/327458678
Plantae,Cultivated tobacco,Nicotiana tabacum,1,0,Nov,0,https://inaturalist-open-data.s3.amazonaws.com/photos/594347414/medium.jpg,https://www.inaturalist.org/observations/328036096
Insecta,Sullied Brown Sailer,Neptis nata,1,0,Nov,0,https://static.inaturalist.org/photos/594690082/medium.jpg,https://www.inaturalist.org/observations/328208084
Insecta,Okinawa Mud Wasp,Delta esuriens,1,0,Nov,0,https://static.inaturalist.org/photos/594690653/medium.jpg,https://www.inaturalist.org/observations/328208403
Insecta,Spotted Palmfly,Elymnias malelas,1,0,Nov,0,https://static.inaturalist.org/photos/594690810/medium.jpg,https://www.inaturalist.org/observations/328208499
Insecta,,Holocraspedon nigripuncta,1,0,Nov,0,https://inaturalist-open-data.s3.amazonaws.com/photos/594871036/medium.jpg,https://www.inaturalist.org/observations/328299020
Plantae,Arrowleaf Elephant's Ear,Xanthosoma sagittifolium,1,0,Nov,0,https://inaturalist-open-data.s3.amazonaws.com/photos/594883237/medium.jpg,https://www.inaturalist.org/observations/328304430
Plantae,,Sandea japonica,1,0,Dec,0,https://inaturalist-open-data.s3.amazonaws.com/photos/599005085/medium.jpg,https://www.inaturalist.org/observations/330345025
Insecta,Bathroom Moth Fly,Clogmia albipunctata,1,0,Dec,0,https://inaturalist-open-data.s3.amazonaws.com/photos/599018819/medium.jpg,https://www.inaturalist.org/observations/330351372
Insecta,,Macrosemia tonkiniana,1,0,Jul,0,https://inaturalist-open-data.s3.amazonaws.com/photos/599469831/medium.jpg,https://www.inaturalist.org/observations/330570459
Insecta,Black-tailed Hornet,Vespa ducalis,1,0,Dec,0,https://inaturalist-open-data.s3.amazonaws.com/photos/599488452/medium.jpg,https://www.inaturalist.org/observations/330580190
Actinopterygii,Western Mosquitofish,Gambusia affinis,1,0,Jan,0,https://inaturalist-open-data.s3.amazonaws.com/photos/609142512/medium.jpg,https://www.inaturalist.org/observations/335324544
Arachnida,Hasselt's Spiny Spider,Macracantha hasselti,1,0,Jan,0,https://inaturalist-open-data.s3.amazonaws.com/photos/609252101/medium.jpg,https://www.inaturalist.org/observations/335378969
Mollusca,,Meghimatium pictum,1,0,Dec,0,https://inaturalist-open-data.s3.amazonaws.com/photos/612410082/medium.jpg,https://www.inaturalist.org/observations/336944279
Insecta,,Macdunnoughia tetragona,1,0,Feb,0,https://inaturalist-open-data.s3.amazonaws.com/photos/617413055/medium.jpg,https://www.inaturalist.org/observations/339170961
Insecta,,Amata sperbius,1,0,Mar,0,https://static.inaturalist.org/photos/625994312/medium.jpg,https://www.inaturalist.org/observations/343628715
Amphibia,Asian Common Toad,Duttaphrynus melanostictus,1,0,Mar,0,https://static.inaturalist.org/photos/626478269/medium.jpg,https://www.inaturalist.org/observations/343872868
Insecta,Blue Flower Chafer,Gametis jucunda,1,0,Mar,0,https://static.inaturalist.org/photos/626478555/medium.jpg,https://www.inaturalist.org/observations/343873014
Reptilia,Burmese False Bloodsucker,Pseudocalotes microlepis,1,0,Mar,0,https://static.inaturalist.org/photos/626586642/medium.jpg,https://www.inaturalist.org/observations/343873679
Insecta,,Coelophora duvaucelii,1,0,Mar,0,https://inaturalist-open-data.s3.amazonaws.com/photos/628411123/medium.jpg,https://www.inaturalist.org/observations/344866792
Animalia,Orange Rosary Millipede,Helicorthomorpha holstii,1,0,May,0,https://inaturalist-open-data.s3.amazonaws.com/photos/628576339/medium.jpg,https://www.inaturalist.org/observations/344953299
Insecta,,Anomala yunnana,1,0,May,0,https://inaturalist-open-data.s3.amazonaws.com/photos/628577616/medium.jpg,https://www.inaturalist.org/observations/344954205
Plantae,,Musa splendida,1,0,Jul,0,https://inaturalist-open-data.s3.amazonaws.com/photos/633880968/medium.jpg,https://www.inaturalist.org/observations/347637550
Plantae,,Caulokaempferia petelotii,1,0,Jul,0,https://inaturalist-open-data.s3.amazonaws.com/photos/633881288/medium.jpg,https://www.inaturalist.org/observations/347637705
Insecta,,Loepa formosensis,1,0,Mar,0,https://static.inaturalist.org/photos/634596448/medium.jpg,https://www.inaturalist.org/observations/347937107
Insecta,French Duke,Euthalia franciae,1,0,Apr,0,https://inaturalist-open-data.s3.amazonaws.com/photos/635558586/medium.jpg,https://www.inaturalist.org/observations/348480724
Insecta,,Clanis bilineata,1,0,Apr,0,https://inaturalist-open-data.s3.amazonaws.com/photos/640709590/medium.jpg,https://www.inaturalist.org/observations/351121413
Insecta,Five-bar Swordtail,Graphium antiphates,1,0,Apr,0,https://inaturalist-open-data.s3.amazonaws.com/photos/640712191/medium.jpg,https://www.inaturalist.org/observations/351122687
Insecta,,Paratalainga fucipennis,1,0,Apr,0,https://inaturalist-open-data.s3.amazonaws.com/photos/640850416/medium.jpg,https://www.inaturalist.org/observations/351195238
Plantae,mile-a-minute weed,Persicaria perfoliata,1,0,Apr,0,https://inaturalist-open-data.s3.amazonaws.com/photos/643610976/medium.jpg,https://www.inaturalist.org/observations/352665554
Plantae,Skyflower,Duranta erecta,1,0,Apr,0,https://inaturalist-open-data.s3.amazonaws.com/photos/644352852/medium.jpg,https://www.inaturalist.org/observations/353117009
Aves,Grey-backed Shrike,Lanius tephronotus,1,0,Apr,0,https://inaturalist-open-data.s3.amazonaws.com/photos/644395731/medium.jpg,https://www.inaturalist.org/observations/353138499
Insecta,,Glenea pulchra,1,0,Apr,0,https://inaturalist-open-data.s3.amazonaws.com/photos/644399765/medium.jpg,https://www.inaturalist.org/observations/353143300
Plantae,Chinese fringe flower,Loropetalum chinense,1,0,Apr,0,https://inaturalist-open-data.s3.amazonaws.com/photos/644399903/medium.jpg,https://www.inaturalist.org/observations/353143396
Plantae,curly kale,Brassica oleracea sabellica,1,0,Apr,0,https://inaturalist-open-data.s3.amazonaws.com/photos/646036423/medium.jpg,https://www.inaturalist.org/observations/354104445
Plantae,Crown-of-Thorns,Euphorbia milii,1,0,Apr,0,https://inaturalist-open-data.s3.amazonaws.com/photos/646043876/medium.jpg,https://www.inaturalist.org/observations/354108483
Plantae,Campbell's Maple,Acer campbellii,1,0,Apr,0,https://inaturalist-open-data.s3.amazonaws.com/photos/646358943/medium.jpg,https://www.inaturalist.org/observations/354301411
Aves,Chestnut-crowned Warbler,Phylloscopus castaniceps,1,0,Apr,0,https://inaturalist-open-data.s3.amazonaws.com/photos/651850005/medium.jpg,https://www.inaturalist.org/observations/357391733
Aves,White-collared Yuhina,Parayuhina diademata,1,0,Apr,0,https://inaturalist-open-data.s3.amazonaws.com/photos/651851113/medium.jpg,https://www.inaturalist.org/observations/357392266
Insecta,five-horned Rhinoceros Beetle,Eupatorus gracilicornis,1,1,Sep,0,https://inaturalist-open-data.s3.amazonaws.com/photos/652826532/medium.jpg,https://www.inaturalist.org/observations/357901493
Actinopterygii,Asian Swamp Eel,Monopterus albus,1,0,May,0,https://inaturalist-open-data.s3.amazonaws.com/photos/656641920/medium.jpg,https://www.inaturalist.org/observations/359878035
Insecta,,Rhombodera latipronotum,1,0,May,0,https://inaturalist-open-data.s3.amazonaws.com/photos/663138731/medium.jpg,https://www.inaturalist.org/observations/363286825
Aves,Asian Openbill,Anastomus oscitans,1,0,Mar,0,https://inaturalist-open-data.s3.amazonaws.com/photos/667407231/medium.jpg,https://www.inaturalist.org/observations/365545738
Insecta,,Epicopeia hainesii,1,0,Jun,0,https://inaturalist-open-data.s3.amazonaws.com/photos/671410613/medium.jpg,https://www.inaturalist.org/observations/367638886
Aves,Fire-breasted Flowerpecker,Dicaeum ignipectus,1,0,May,0,https://inaturalist-open-data.s3.amazonaws.com/photos/671595402/medium.jpg,https://www.inaturalist.org/observations/367739591
Aves,Russet Sparrow,Passer cinnamomeus,1,0,May,0,https://inaturalist-open-data.s3.amazonaws.com/photos/671600963/medium.jpg,https://www.inaturalist.org/observations/367742411
Aves,Brown-breasted Flycatcher,Muscicapa muttui,1,0,May,0,https://inaturalist-open-data.s3.amazonaws.com/photos/671951572/medium.jpg,https://www.inaturalist.org/observations/367925317
Insecta,Red-breast Jezebel,Delias acalis,1,0,Jun,0,https://inaturalist-open-data.s3.amazonaws.com/photos/681421609/medium.jpg,https://www.inaturalist.org/observations/372886538
Plantae,,Aleuritopteris formosana,1,0,May,0,https://inaturalist-open-data.s3.amazonaws.com/photos/692034980/medium.jpg,https://www.inaturalist.org/observations/378385962
Plantae,Nepal Persicaria,Persicaria nepalensis,1,0,May,0,https://inaturalist-open-data.s3.amazonaws.com/photos/693846925/medium.jpg,https://www.inaturalist.org/observations/379321271
Plantae,,Prunella vulgaris asiatica,1,0,May,0,https://inaturalist-open-data.s3.amazonaws.com/photos/694306174/medium.jpg,https://www.inaturalist.org/observations/379563395
Plantae,Mayflower Glorybower,Clerodendrum cyrtophyllum,1,0,Jul,0,https://inaturalist-open-data.s3.amazonaws.com/photos/695649627/medium.jpg,https://www.inaturalist.org/observations/380249754
Insecta,,Epicauta hirticornis,1,0,Jul,0,https://inaturalist-open-data.s3.amazonaws.com/photos/695650677/medium.jpg,https://www.inaturalist.org/observations/380250295
Insecta,,Aruta flavipes,1,0,Mar,0,https://static.inaturalist.org/photos/697727525/medium.jpg,https://www.inaturalist.org/observations/381325869
Insecta,Peacock Jewel,Aristocypha fenestrella,1,0,Mar,0,https://static.inaturalist.org/photos/697730014/medium.jpg,https://www.inaturalist.org/observations/381329267
Insecta,Chocolate Albatross,Appias lyncida,1,0,Jul,0,https://inaturalist-open-data.s3.amazonaws.com/photos/703261573/medium.jpg,https://www.inaturalist.org/observations/384197628
Insecta,Carinate Locust,Trilophidia annulata,1,0,Jul,0,https://inaturalist-open-data.s3.amazonaws.com/photos/703268532/medium.jpg,https://www.inaturalist.org/observations/384200323
Insecta,,Sirthenea flavipes,1,0,Jul,0,https://inaturalist-open-data.s3.amazonaws.com/photos/703271890/medium.jpg,https://www.inaturalist.org/observations/384202781
Insecta,Black Soldier Fly,Hermetia illucens,1,0,Jul,0,https://inaturalist-open-data.s3.amazonaws.com/photos/703279919/medium.jpg,https://www.inaturalist.org/observations/384207425
Plantae,,Gynura barbareifolia,1,0,May,0,https://inaturalist-open-data.s3.amazonaws.com/photos/705941930/medium.jpg,https://www.inaturalist.org/observations/385644505
Plantae,Rock-ginger Fern,Drynaria coronans,1,0,Aug,0,https://inaturalist-open-data.s3.amazonaws.com/photos/712330502/medium.jpg,https://www.inaturalist.org/observations/388903125
Insecta,Common Tiger Butterfly,Danaus genutia,1,0,Aug,0,https://static.inaturalist.org/photos/721803270/medium.jpg,https://www.inaturalist.org/observations/393771919
Insecta,,Ptecticus aurifer,1,0,Aug,0,https://static.inaturalist.org/photos/722365406/medium.jpg,https://www.inaturalist.org/observations/394057798
