group,common_name,scientific_name,lat,lon,observed_on,coords_obscured,obs_url,photo_url
Amphibia,Fea's Flying Tree Frog,Zhangixalus feae,22.32705,103.83359,2016-06-24,no,http://www.inaturalist.org/observations/3567772,https://static.inaturalist.org/photos/4142362/medium.jpg
Amphibia,Chapa Torrent Frog,Odorrana chapaensis,22.30074,103.79665,2016-06-23,yes,http://www.inaturalist.org/observations/3567783,https://static.inaturalist.org/photos/4142379/medium.jpg
Mollusca,African Giant Snail,Lissachatina fulica,22.33632,103.84404,2017-11-08,no,https://www.inaturalist.org/observations/8729922,https://static.inaturalist.org/photos/11712779/medium.jpg
Plantae,mock strawberry,Potentilla indica,22.33717,103.84804,2017-11-21,no,https://www.inaturalist.org/observations/8884929,https://static.inaturalist.org/photos/11950107/medium.jpg
Arachnida,Joro Spider,Trichonephila clavata,22.33658,103.84749,2017-11-21,no,https://www.inaturalist.org/observations/8886378,https://static.inaturalist.org/photos/11960212/medium.jpg
Plantae,tropical soda-apple,Solanum viarum,22.32721,103.85928,2017-11-21,no,https://www.inaturalist.org/observations/8890691,https://static.inaturalist.org/photos/11960294/medium.jpg
Reptilia,Yunnan Beauty Snake,Elaphe taeniura yunnanensis,22.33232,103.84326,2018-05-07,no,https://www.inaturalist.org/observations/12283783,https://static.inaturalist.org/photos/17667832/medium.jpeg
Plantae,Peach,Prunus persica,22.35130,103.88574,2018-01-25,no,https://www.inaturalist.org/observations/13287625,https://static.inaturalist.org/photos/19455857/medium.jpeg
Insecta,Wandering Glider,Pantala flavescens,22.33467,103.84077,2018-09-05,no,https://www.inaturalist.org/observations/16226116,https://static.inaturalist.org/photos/24351208/medium.jpg
Insecta,,Neolucanus giganteus,22.39989,103.83685,2018-09-25,no,https://www.inaturalist.org/observations/16937023,https://static.inaturalist.org/photos/25595633/medium.jpg
Aves,Domestic Chicken,Gallus gallus domesticus,22.32818,103.83508,2016-11-17,no,https://www.inaturalist.org/observations/17704165,https://inaturalist-open-data.s3.amazonaws.com/photos/26986215/medium.jpg
Plantae,Cup-and-saucer vine,Cobaea scandens,22.33482,103.84427,2018-11-26,no,https://www.inaturalist.org/observations/18640434,https://static.inaturalist.org/photos/28533175/medium.jpg
Plantae,Cup-and-saucer vine,Cobaea scandens,22.33485,103.84427,2018-11-26,no,https://www.inaturalist.org/observations/18640469,https://static.inaturalist.org/photos/28533210/medium.jpg
Plantae,Yunnan banana,Musa itinerans,22.34256,103.81260,2018-11-30,no,https://www.inaturalist.org/observations/18731025,https://inaturalist-open-data.s3.amazonaws.com/photos/28681056/medium.jpg
Plantae,sweet wild banana,Musa balbisiana,22.34453,103.82684,2018-12-01,no,https://www.inaturalist.org/observations/18746277,https://inaturalist-open-data.s3.amazonaws.com/photos/28705661/medium.jpg
Insecta,Chinese Yellow Swallowtail,Papilio xuthus,22.33459,103.84653,2018-06-26,no,https://www.inaturalist.org/observations/18956277,https://static.inaturalist.org/photos/29063107/medium.jpeg
Plantae,Hairy Beggarticks,Bidens pilosa,22.31411,103.87706,2019-01-16,no,https://www.inaturalist.org/observations/19672343,https://inaturalist-open-data.s3.amazonaws.com/photos/30299428/medium.jpg
Plantae,,Rubus ellipticus obcordatus,22.31376,103.87727,2019-01-16,no,https://www.inaturalist.org/observations/19672365,https://inaturalist-open-data.s3.amazonaws.com/photos/30299459/medium.jpg
Plantae,pink knotweed,Persicaria capitata,22.31371,103.87733,2019-01-16,no,https://www.inaturalist.org/observations/19672379,https://inaturalist-open-data.s3.amazonaws.com/photos/30299481/medium.jpg
Plantae,castor bean,Ricinus communis,22.31375,103.87658,2019-01-16,no,https://www.inaturalist.org/observations/19672383,https://inaturalist-open-data.s3.amazonaws.com/photos/30299492/medium.jpg
Plantae,Small Hounds Tongue,Cynoglossum lanceolatum,22.31373,103.87679,2019-01-16,no,https://www.inaturalist.org/observations/19672384,https://inaturalist-open-data.s3.amazonaws.com/photos/30299498/medium.jpg
Plantae,tropical soda-apple,Solanum viarum,22.31423,103.87744,2019-01-16,no,https://www.inaturalist.org/observations/19672389,https://inaturalist-open-data.s3.amazonaws.com/photos/30299508/medium.jpg
Plantae,,Elsholtzia blanda,22.31189,103.88590,2019-01-16,no,https://www.inaturalist.org/observations/19672397,https://inaturalist-open-data.s3.amazonaws.com/photos/30299516/medium.jpg
Plantae,bluemink,Ageratum houstonianum,22.31452,103.87641,2019-01-16,no,https://www.inaturalist.org/observations/19672414,https://inaturalist-open-data.s3.amazonaws.com/photos/30299518/medium.jpg
Plantae,black maidenhair fern,Adiantum capillus-veneris,22.31798,103.86782,2019-01-17,no,https://www.inaturalist.org/observations/19687838,https://inaturalist-open-data.s3.amazonaws.com/photos/30325513/medium.jpg
Plantae,Bristletips,Oxyspora paniculata,22.31798,103.86783,2019-01-17,no,https://www.inaturalist.org/observations/19687845,https://inaturalist-open-data.s3.amazonaws.com/photos/30325533/medium.jpg
Plantae,orange wild rhea,Debregeasia longifolia,22.31791,103.86780,2019-01-17,no,https://www.inaturalist.org/observations/19687852,https://inaturalist-open-data.s3.amazonaws.com/photos/30325541/medium.jpg
Plantae,pink knotweed,Persicaria capitata,22.31879,103.86430,2019-01-17,no,https://www.inaturalist.org/observations/19687856,https://inaturalist-open-data.s3.amazonaws.com/photos/30325546/medium.jpg
Plantae,Yoruban bologi,Crassocephalum rubens,22.31114,103.87634,2019-01-17,no,https://www.inaturalist.org/observations/19689709,https://inaturalist-open-data.s3.amazonaws.com/photos/30329219/medium.jpg
Plantae,castor bean,Ricinus communis,22.31306,103.87689,2019-01-17,no,https://www.inaturalist.org/observations/19689727,https://inaturalist-open-data.s3.amazonaws.com/photos/30329247/medium.jpg
Insecta,Punchinello,Zemeros flegyas,22.33435,103.85303,2017-10-04,no,https://www.inaturalist.org/observations/25719688,https://inaturalist-open-data.s3.amazonaws.com/photos/39868657/medium.jpeg
Reptilia,Heller's Red-necked Keelback,Rhabdophis helleri,22.33333,103.82284,2018-10-06,no,https://www.inaturalist.org/observations/26080752,https://static.inaturalist.org/photos/40464759/medium.jpeg
Insecta,Great Eggfly,Hypolimnas bolina,22.27621,103.96702,2019-05-30,no,https://www.inaturalist.org/observations/26490691,https://inaturalist-open-data.s3.amazonaws.com/photos/41139039/medium.jpg
Insecta,Tiger-Striped Wasp Moth,Amata polymita,22.27621,103.96702,2019-05-30,no,https://www.inaturalist.org/observations/26490696,https://inaturalist-open-data.s3.amazonaws.com/photos/41139076/medium.jpg
Insecta,,Parum colligata,22.27621,103.96702,2019-05-30,no,https://www.inaturalist.org/observations/26490698,https://inaturalist-open-data.s3.amazonaws.com/photos/41139081/medium.jpg
Insecta,,Sarcinodes reductatus,22.27621,103.96702,2019-05-30,no,https://www.inaturalist.org/observations/26490704,https://inaturalist-open-data.s3.amazonaws.com/photos/41139104/medium.jpg
Insecta,,Cyana dudgeoni,22.27621,103.96702,2019-05-30,no,https://www.inaturalist.org/observations/26490706,https://inaturalist-open-data.s3.amazonaws.com/photos/41139107/medium.jpg
Insecta,,Ptisciana seminivea,22.27621,103.96702,2019-05-30,no,https://www.inaturalist.org/observations/26490712,https://inaturalist-open-data.s3.amazonaws.com/photos/41139124/medium.jpg
Insecta,,Bradina diagonalis,22.27621,103.96702,2019-05-30,no,https://www.inaturalist.org/observations/26490719,https://inaturalist-open-data.s3.amazonaws.com/photos/41139134/medium.jpg
Insecta,,Meganola brunellus,22.27621,103.96702,2019-05-30,no,https://www.inaturalist.org/observations/26490722,https://inaturalist-open-data.s3.amazonaws.com/photos/41139136/medium.jpg
Insecta,Red slug caterpillar,Eterusia aedea,22.27621,103.96702,2019-05-30,no,https://www.inaturalist.org/observations/26490726,https://inaturalist-open-data.s3.amazonaws.com/photos/41139157/medium.jpg
Insecta,Short-winged Rice Grasshopper,Pseudoxya diminuta,22.27621,103.96702,2019-05-30,no,https://www.inaturalist.org/observations/26490745,https://inaturalist-open-data.s3.amazonaws.com/photos/41139192/medium.jpg
Insecta,Crimson-tailed Marsh Hawk,Orthetrum pruinosum,22.27621,103.96702,2019-05-30,no,https://www.inaturalist.org/observations/26490774,https://inaturalist-open-data.s3.amazonaws.com/photos/41139266/medium.jpg
Insecta,Asian Widow,Palpopleura sexmaculata,22.27621,103.96702,2019-05-30,no,https://www.inaturalist.org/observations/26490779,https://inaturalist-open-data.s3.amazonaws.com/photos/41139277/medium.jpg
Insecta,Asian Widow,Palpopleura sexmaculata,22.27621,103.96702,2019-05-30,no,https://www.inaturalist.org/observations/26490781,https://inaturalist-open-data.s3.amazonaws.com/photos/41139283/medium.jpg
Insecta,Wandering Glider,Pantala flavescens,22.27621,103.96702,2019-05-30,no,https://www.inaturalist.org/observations/26490783,https://inaturalist-open-data.s3.amazonaws.com/photos/41139290/medium.jpg
Insecta,Black planthopper,Ricania speculum,22.27621,103.96702,2019-05-30,no,https://www.inaturalist.org/observations/26490785,https://inaturalist-open-data.s3.amazonaws.com/photos/41139304/medium.jpg
Insecta,Golden Birdwing,Troides aeacus,22.27621,103.96702,2019-05-30,no,https://www.inaturalist.org/observations/26490788,https://inaturalist-open-data.s3.amazonaws.com/photos/41139309/medium.jpg
Insecta,Jeweled Flower Mantis,Creobroter gemmatus,22.27621,103.96702,2019-05-30,no,https://www.inaturalist.org/observations/26490791,https://inaturalist-open-data.s3.amazonaws.com/photos/41139315/medium.jpg
Amphibia,Spot-legged Tree Frog,Polypedates megacephalus,22.27621,103.96702,2019-05-30,no,https://www.inaturalist.org/observations/26490792,https://inaturalist-open-data.s3.amazonaws.com/photos/41139322/medium.jpg
Insecta,,Neoneuromus ignobilis,22.27621,103.96702,2019-05-30,no,https://www.inaturalist.org/observations/26490819,https://inaturalist-open-data.s3.amazonaws.com/photos/41139361/medium.jpg
Insecta,,Neoneuromus ignobilis,22.27621,103.96702,2019-05-30,no,https://www.inaturalist.org/observations/26490825,https://inaturalist-open-data.s3.amazonaws.com/photos/41139371/medium.jpg
Amphibia,Spot-legged Tree Frog,Polypedates megacephalus,22.27621,103.96702,2019-05-30,no,https://www.inaturalist.org/observations/26490845,https://inaturalist-open-data.s3.amazonaws.com/photos/41139405/medium.jpg
Insecta,Cross-line Wave Moth,Traminda aventiaria,22.27621,103.96702,2019-05-30,no,https://www.inaturalist.org/observations/26490859,https://inaturalist-open-data.s3.amazonaws.com/photos/41139431/medium.jpg
Insecta,,Dudusa sphingiformis,22.27621,103.96702,2019-05-30,no,https://www.inaturalist.org/observations/26490864,https://inaturalist-open-data.s3.amazonaws.com/photos/41139442/medium.jpg
Insecta,,Acanthaspis ruficeps,22.27621,103.96702,2019-05-30,no,https://www.inaturalist.org/observations/26490884,https://inaturalist-open-data.s3.amazonaws.com/photos/41139463/medium.jpg
Insecta,,Cania bilinea,22.27621,103.96702,2019-05-30,no,https://www.inaturalist.org/observations/26490896,https://inaturalist-open-data.s3.amazonaws.com/photos/41139470/medium.jpg
Insecta,,Neoneuromus ignobilis,22.27621,103.96702,2019-05-30,no,https://www.inaturalist.org/observations/26490902,https://inaturalist-open-data.s3.amazonaws.com/photos/41139477/medium.jpg
Insecta,,Protohermes striatulus,22.27621,103.96702,2019-05-30,no,https://www.inaturalist.org/observations/26490926,https://inaturalist-open-data.s3.amazonaws.com/photos/41139501/medium.jpg
Insecta,,Aethaloessa calidalis,22.27621,103.96702,2019-05-30,no,https://www.inaturalist.org/observations/26490980,https://inaturalist-open-data.s3.amazonaws.com/photos/41139597/medium.jpg
Insecta,Oriental leafworm moth,Spodoptera litura,22.27621,103.96702,2019-05-30,no,https://www.inaturalist.org/observations/26490984,https://inaturalist-open-data.s3.amazonaws.com/photos/41139608/medium.jpg
Amphibia,Spot-legged Tree Frog,Polypedates megacephalus,22.27621,103.96702,2019-05-30,no,https://www.inaturalist.org/observations/26490988,https://inaturalist-open-data.s3.amazonaws.com/photos/41139616/medium.jpg
Insecta,,Asota plaginota,22.27621,103.96702,2019-05-30,no,https://www.inaturalist.org/observations/26491005,https://inaturalist-open-data.s3.amazonaws.com/photos/41139650/medium.jpg
Insecta,,Aglaomorpha plagiata,22.27621,103.96702,2019-05-30,no,https://www.inaturalist.org/observations/26491009,https://inaturalist-open-data.s3.amazonaws.com/photos/41139668/medium.jpg
Insecta,,Acanthaspis ruficeps,22.27621,103.96702,2019-05-30,no,https://www.inaturalist.org/observations/26491011,https://inaturalist-open-data.s3.amazonaws.com/photos/41139674/medium.jpg
Arachnida,Adanson's House Jumper,Hasarius adansoni,22.27621,103.96702,2019-05-30,no,https://www.inaturalist.org/observations/26491049,https://inaturalist-open-data.s3.amazonaws.com/photos/41139727/medium.jpg
Insecta,,Neochauliodes umbratus,22.27621,103.96702,2019-05-30,no,https://www.inaturalist.org/observations/26491058,https://inaturalist-open-data.s3.amazonaws.com/photos/41139748/medium.jpg
Insecta,,Phocoderma velutina,22.27621,103.96702,2019-05-30,no,https://www.inaturalist.org/observations/26491096,https://inaturalist-open-data.s3.amazonaws.com/photos/41139856/medium.jpg
Insecta,Yam Hawkmoth,Theretra nessus,22.27621,103.96702,2019-05-31,no,https://www.inaturalist.org/observations/26491101,https://inaturalist-open-data.s3.amazonaws.com/photos/41139872/medium.jpg
Insecta,,Pingasa ruginaria,22.27621,103.96702,2019-05-31,no,https://www.inaturalist.org/observations/26491104,https://inaturalist-open-data.s3.amazonaws.com/photos/41139891/medium.jpg
Insecta,,Orudiza protheclaria,22.27621,103.96702,2019-05-31,no,https://www.inaturalist.org/observations/26491118,https://inaturalist-open-data.s3.amazonaws.com/photos/41139924/medium.jpg
Insecta,,Chiasmia fidoniata,22.27621,103.96702,2019-05-31,no,https://www.inaturalist.org/observations/26491124,https://inaturalist-open-data.s3.amazonaws.com/photos/41139942/medium.jpg
Insecta,Transverse moth,Xanthodes transversa,22.27621,103.96702,2019-05-31,no,https://www.inaturalist.org/observations/26491128,https://inaturalist-open-data.s3.amazonaws.com/photos/41139949/medium.jpg
Insecta,Common Sergeant,Athyma perius,22.27621,103.96702,2019-05-31,no,https://www.inaturalist.org/observations/26491134,https://inaturalist-open-data.s3.amazonaws.com/photos/41139968/medium.jpg
Insecta,Tropical Fritillary,Argynnis hyperbius,22.27621,103.96702,2019-05-31,no,https://www.inaturalist.org/observations/26491138,https://inaturalist-open-data.s3.amazonaws.com/photos/41139976/medium.jpg
Insecta,,Delias acalis shinkaii,22.27621,103.96702,2019-05-31,no,https://www.inaturalist.org/observations/26491140,https://inaturalist-open-data.s3.amazonaws.com/photos/41139983/medium.jpg
Insecta,Spangle Swallowtail,Papilio protenor,22.27621,103.96702,2019-05-31,no,https://www.inaturalist.org/observations/26536346,https://inaturalist-open-data.s3.amazonaws.com/photos/41213556/medium.jpg
Insecta,,Hemithyrsocera vittata,22.27621,103.96702,2019-05-31,no,https://www.inaturalist.org/observations/26536349,https://inaturalist-open-data.s3.amazonaws.com/photos/41213564/medium.jpg
Insecta,,Lemyra stigmata,22.27621,103.96702,2019-05-31,no,https://www.inaturalist.org/observations/26536382,https://inaturalist-open-data.s3.amazonaws.com/photos/41213608/medium.jpg
Insecta,Clouded Tiger Moth,Creatonotos transiens,22.27621,103.96702,2019-05-31,no,https://www.inaturalist.org/observations/26536384,https://inaturalist-open-data.s3.amazonaws.com/photos/41213614/medium.jpg
Insecta,Oriental leafworm moth,Spodoptera litura,22.27621,103.96702,2019-05-31,no,https://www.inaturalist.org/observations/26536408,https://inaturalist-open-data.s3.amazonaws.com/photos/41213647/medium.jpg
Insecta,Mung Bean Moth,Maruca vitrata,22.27621,103.96702,2019-05-31,no,https://www.inaturalist.org/observations/26536420,https://inaturalist-open-data.s3.amazonaws.com/photos/41213660/medium.jpg
Insecta,,Phocoderma velutina,22.27621,103.96702,2019-05-31,no,https://www.inaturalist.org/observations/26536428,https://inaturalist-open-data.s3.amazonaws.com/photos/41213667/medium.jpg
Insecta,,Blenina senex,22.27621,103.96702,2019-05-31,no,https://www.inaturalist.org/observations/26536474,https://inaturalist-open-data.s3.amazonaws.com/photos/41213728/medium.jpg
Insecta,Green Drab,Ophiusa tirhaca,22.27621,103.96702,2019-05-31,no,https://www.inaturalist.org/observations/26536478,https://inaturalist-open-data.s3.amazonaws.com/photos/41213734/medium.jpg
Insecta,Common Owl Moth,Erebus macrops,22.27621,103.96702,2019-05-31,no,https://www.inaturalist.org/observations/26536481,https://inaturalist-open-data.s3.amazonaws.com/photos/41213738/medium.jpg
Insecta,,Protohermes striatulus,22.27621,103.96702,2019-05-31,no,https://www.inaturalist.org/observations/26536487,https://inaturalist-open-data.s3.amazonaws.com/photos/41213751/medium.jpg
Insecta,,Rhesala imparata,22.27621,103.96702,2019-05-31,no,https://www.inaturalist.org/observations/26536495,https://inaturalist-open-data.s3.amazonaws.com/photos/41213766/medium.jpg
Insecta,Green Fruit-piercing Moth,Eudocima salaminia,22.27621,103.96702,2019-05-31,no,https://www.inaturalist.org/observations/26536504,https://inaturalist-open-data.s3.amazonaws.com/photos/41213788/medium.jpg
Insecta,,Rhagoba octomaculalis,22.27621,103.96702,2019-05-31,no,https://www.inaturalist.org/observations/26536507,https://inaturalist-open-data.s3.amazonaws.com/photos/41213792/medium.jpg
Insecta,,Asota plaginota,22.27621,103.96702,2019-05-31,no,https://www.inaturalist.org/observations/26536509,https://inaturalist-open-data.s3.amazonaws.com/photos/41213795/medium.jpg
Insecta,,Amerila astreus,22.27621,103.96702,2019-05-31,no,https://www.inaturalist.org/observations/26536511,https://inaturalist-open-data.s3.amazonaws.com/photos/41213802/medium.jpg
Insecta,Convolvulus Hawkmoth,Agrius convolvuli,22.27621,103.96702,2019-05-31,no,https://www.inaturalist.org/observations/26536512,https://inaturalist-open-data.s3.amazonaws.com/photos/41213811/medium.jpg
Insecta,,Protohermes striatulus,22.27621,103.96702,2019-05-31,no,https://www.inaturalist.org/observations/26536522,https://inaturalist-open-data.s3.amazonaws.com/photos/41213831/medium.jpg
Insecta,,Rhesala imparata,22.27621,103.96702,2019-05-31,no,https://www.inaturalist.org/observations/26536525,https://inaturalist-open-data.s3.amazonaws.com/photos/41213835/medium.jpg
Insecta,,Krananda oliveomarginata,22.27621,103.96702,2019-05-31,no,https://www.inaturalist.org/observations/26536526,https://inaturalist-open-data.s3.amazonaws.com/photos/41213837/medium.jpg
Insecta,,Heortia vitessoides,22.27621,103.96702,2019-05-31,no,https://www.inaturalist.org/observations/26536527,https://inaturalist-open-data.s3.amazonaws.com/photos/41213840/medium.jpg
Insecta,,Xandrames dholaria,22.27621,103.96702,2019-05-31,no,https://www.inaturalist.org/observations/26536529,https://inaturalist-open-data.s3.amazonaws.com/photos/41213843/medium.jpg
Insecta,,Hypochrosis hyadaria,22.27621,103.96702,2019-05-31,no,https://www.inaturalist.org/observations/26536533,https://inaturalist-open-data.s3.amazonaws.com/photos/41213855/medium.jpg
Insecta,,Ziridava kanshireiensis,22.27621,103.96702,2019-05-31,no,https://www.inaturalist.org/observations/26536534,https://inaturalist-open-data.s3.amazonaws.com/photos/41213860/medium.jpg
Insecta,Chinese Bushbrown,Mycalesis gotama,22.27621,103.96702,2019-05-31,no,https://www.inaturalist.org/observations/26536539,https://inaturalist-open-data.s3.amazonaws.com/photos/41213875/medium.jpg
Insecta,,Rhesala imparata,22.27621,103.96702,2019-06-01,no,https://www.inaturalist.org/observations/26544072,https://inaturalist-open-data.s3.amazonaws.com/photos/41226345/medium.jpg
Insecta,,Lemyra stigmata,22.27621,103.96702,2019-06-01,no,https://www.inaturalist.org/observations/26544082,https://inaturalist-open-data.s3.amazonaws.com/photos/41226363/medium.jpg
Insecta,,Protohermes striatulus,22.27621,103.96702,2019-06-01,no,https://www.inaturalist.org/observations/26544084,https://inaturalist-open-data.s3.amazonaws.com/photos/41226366/medium.jpg
Insecta,Tropical Swallowtail Moth,Lyssa zampa,22.27621,103.96702,2019-06-01,no,https://www.inaturalist.org/observations/26544087,https://inaturalist-open-data.s3.amazonaws.com/photos/41226368/medium.jpg
Insecta,Indian Moon Moth,Actias selene,22.27621,103.96702,2019-06-01,no,https://www.inaturalist.org/observations/26544088,https://inaturalist-open-data.s3.amazonaws.com/photos/41226369/medium.jpg
Insecta,,Asota producta,22.27621,103.96702,2019-06-01,no,https://www.inaturalist.org/observations/26544094,https://inaturalist-open-data.s3.amazonaws.com/photos/41226374/medium.jpg
Insecta,Greater Death's Head Hawkmoth,Acherontia lachesis,22.27621,103.96702,2019-06-01,no,https://www.inaturalist.org/observations/26544097,https://inaturalist-open-data.s3.amazonaws.com/photos/41226377/medium.jpg
Insecta,,Acosmeryx anceus,22.27621,103.96702,2019-06-01,no,https://www.inaturalist.org/observations/26544104,https://inaturalist-open-data.s3.amazonaws.com/photos/41226384/medium.jpg
Insecta,Greater Death's Head Hawkmoth,Acherontia lachesis,22.27621,103.96702,2019-06-01,no,https://www.inaturalist.org/observations/26544105,https://inaturalist-open-data.s3.amazonaws.com/photos/41226397/medium.jpg
Insecta,,Marumba spectabilis,22.27621,103.96702,2019-06-01,no,https://www.inaturalist.org/observations/26544114,https://inaturalist-open-data.s3.amazonaws.com/photos/41226408/medium.jpg
Insecta,,Aglaomorpha plagiata,22.27621,103.96702,2019-06-01,no,https://www.inaturalist.org/observations/26544118,https://inaturalist-open-data.s3.amazonaws.com/photos/41226413/medium.jpg
Insecta,Tropical Swallowtail Moth,Lyssa zampa,22.27621,103.96702,2019-06-01,no,https://www.inaturalist.org/observations/26544119,https://inaturalist-open-data.s3.amazonaws.com/photos/41226418/medium.jpg
Insecta,Canning's Lesser Atlas Moth,Samia canningi,22.27621,103.96702,2019-06-01,no,https://www.inaturalist.org/observations/26544122,https://inaturalist-open-data.s3.amazonaws.com/photos/41226425/medium.jpg
Insecta,,Cleora alienaria,22.27621,103.96702,2019-06-01,no,https://www.inaturalist.org/observations/26544127,https://inaturalist-open-data.s3.amazonaws.com/photos/41226431/medium.jpg
Insecta,,Chorodna strixaria,22.27621,103.96702,2019-06-01,no,https://www.inaturalist.org/observations/26544132,https://inaturalist-open-data.s3.amazonaws.com/photos/41226435/medium.jpg
Insecta,,Sphenarches zanclistes,22.27621,103.96702,2019-06-01,no,https://www.inaturalist.org/observations/26544144,https://inaturalist-open-data.s3.amazonaws.com/photos/41226446/medium.jpg
Insecta,Chequered Snout,Pygospila tyres,22.27621,103.96702,2019-06-01,no,https://www.inaturalist.org/observations/26544155,https://inaturalist-open-data.s3.amazonaws.com/photos/41226462/medium.jpg
Insecta,,Stichophthalma howqua,22.27621,103.96702,2019-06-01,no,https://www.inaturalist.org/observations/26544159,https://inaturalist-open-data.s3.amazonaws.com/photos/41226467/medium.jpg
Insecta,Chequered Snout,Pygospila tyres,22.27621,103.96702,2019-06-01,no,https://www.inaturalist.org/observations/26544164,https://inaturalist-open-data.s3.amazonaws.com/photos/41226481/medium.jpg
Insecta,Greater Death's Head Hawkmoth,Acherontia lachesis,22.27621,103.96702,2019-06-01,no,https://www.inaturalist.org/observations/26544166,https://inaturalist-open-data.s3.amazonaws.com/photos/41226486/medium.jpg
Insecta,Greater Death's Head Hawkmoth,Acherontia lachesis,22.27621,103.96702,2019-06-01,no,https://www.inaturalist.org/observations/26544167,https://inaturalist-open-data.s3.amazonaws.com/photos/41226489/medium.jpg
Insecta,,Aglaomorpha plagiata,22.27621,103.96702,2019-06-01,no,https://www.inaturalist.org/observations/26544168,https://inaturalist-open-data.s3.amazonaws.com/photos/41226492/medium.jpg
Insecta,,Ambulyx obliterata,22.27621,103.96702,2019-06-01,no,https://www.inaturalist.org/observations/26544170,https://inaturalist-open-data.s3.amazonaws.com/photos/41226498/medium.jpg
Insecta,Tropical Swallowtail Moth,Lyssa zampa,22.27621,103.96702,2019-06-01,no,https://www.inaturalist.org/observations/26544172,https://inaturalist-open-data.s3.amazonaws.com/photos/41226503/medium.jpg
Insecta,,Aglaomorpha plagiata,22.27621,103.96702,2019-06-01,no,https://www.inaturalist.org/observations/26544183,https://inaturalist-open-data.s3.amazonaws.com/photos/41226523/medium.jpg
Insecta,,Westermannia superba,22.27621,103.96702,2019-06-01,no,https://www.inaturalist.org/observations/26544186,https://inaturalist-open-data.s3.amazonaws.com/photos/41226526/medium.jpg
Insecta,,Protohermes striatulus,22.27621,103.96702,2019-06-01,no,https://www.inaturalist.org/observations/26544206,https://inaturalist-open-data.s3.amazonaws.com/photos/41226555/medium.jpg
Insecta,,Xyleutes strix,22.27621,103.96702,2019-06-01,no,https://www.inaturalist.org/observations/26544210,https://inaturalist-open-data.s3.amazonaws.com/photos/41226561/medium.jpg
Insecta,,Racotis inconclusa,22.27621,103.96702,2019-06-01,no,https://www.inaturalist.org/observations/26544230,https://inaturalist-open-data.s3.amazonaws.com/photos/41226574/medium.jpg
Insecta,Asian Widow,Palpopleura sexmaculata,22.27621,103.96702,2019-06-01,no,https://www.inaturalist.org/observations/26544251,https://inaturalist-open-data.s3.amazonaws.com/photos/41226586/medium.jpg
Insecta,Wandering Glider,Pantala flavescens,22.27621,103.96702,2019-06-01,no,https://www.inaturalist.org/observations/26544253,https://inaturalist-open-data.s3.amazonaws.com/photos/41226589/medium.jpg
Insecta,Scarlet Skimmer,Crocothemis servilia,22.27621,103.96702,2019-06-01,no,https://www.inaturalist.org/observations/26544255,https://inaturalist-open-data.s3.amazonaws.com/photos/41226592/medium.jpg
Insecta,Asian Widow,Palpopleura sexmaculata,22.27621,103.96702,2019-06-01,no,https://www.inaturalist.org/observations/26544256,https://inaturalist-open-data.s3.amazonaws.com/photos/41226599/medium.jpg
Insecta,Oriental Orange Banded Green Geometer Moth,Eucyclodes gavissima,22.27621,103.96702,2019-06-01,no,https://www.inaturalist.org/observations/26799212,https://inaturalist-open-data.s3.amazonaws.com/photos/41635015/medium.jpg
Insecta,,Hypospila bolinoides,22.27621,103.96702,2019-06-01,no,https://www.inaturalist.org/observations/26799217,https://inaturalist-open-data.s3.amazonaws.com/photos/41635027/medium.jpg
Insecta,Poor Tiger Moth,Asota egens,22.27621,103.96702,2019-06-01,no,https://www.inaturalist.org/observations/26799218,https://inaturalist-open-data.s3.amazonaws.com/photos/41635031/medium.jpg
Insecta,,Chorodna metaphaearia,22.27621,103.96702,2019-06-01,no,https://www.inaturalist.org/observations/26799219,https://inaturalist-open-data.s3.amazonaws.com/photos/41635035/medium.jpg
Insecta,Canning's Lesser Atlas Moth,Samia canningi,22.27621,103.96702,2019-06-01,no,https://www.inaturalist.org/observations/26799222,https://inaturalist-open-data.s3.amazonaws.com/photos/41635039/medium.jpg
Insecta,,Chorodna strixaria,22.27621,103.96702,2019-06-01,no,https://www.inaturalist.org/observations/26799236,https://inaturalist-open-data.s3.amazonaws.com/photos/41635069/medium.jpg
Insecta,Tropical Swallowtail Moth,Lyssa zampa,22.27621,103.96702,2019-06-01,no,https://www.inaturalist.org/observations/26799258,https://inaturalist-open-data.s3.amazonaws.com/photos/41635081/medium.jpg
Insecta,,Cyana dudgeoni,22.27621,103.96702,2019-06-01,no,https://www.inaturalist.org/observations/26799290,https://inaturalist-open-data.s3.amazonaws.com/photos/41635103/medium.jpg
Insecta,,Phyllodes eyndhovii,22.27621,103.96702,2019-06-01,no,https://www.inaturalist.org/observations/26799300,https://inaturalist-open-data.s3.amazonaws.com/photos/41635110/medium.jpg
Insecta,Chequered Snout,Pygospila tyres,22.27621,103.96702,2019-06-01,no,https://www.inaturalist.org/observations/26799306,https://inaturalist-open-data.s3.amazonaws.com/photos/41635115/medium.jpg
Insecta,,Asota ficus,22.27621,103.96702,2019-06-01,no,https://www.inaturalist.org/observations/26799308,https://inaturalist-open-data.s3.amazonaws.com/photos/41635118/medium.jpg
Insecta,,Biston strigaria,22.27621,103.96702,2019-06-01,no,https://www.inaturalist.org/observations/26799309,https://inaturalist-open-data.s3.amazonaws.com/photos/41635122/medium.jpg
Insecta,,Cleora alienaria,22.27621,103.96702,2019-06-01,no,https://www.inaturalist.org/observations/26799313,https://inaturalist-open-data.s3.amazonaws.com/photos/41635134/medium.jpg
Insecta,Common Sergeant,Athyma perius,22.27621,103.96702,2019-06-01,no,https://www.inaturalist.org/observations/26799314,https://inaturalist-open-data.s3.amazonaws.com/photos/41635139/medium.jpg
Insecta,,Biston mediolata,22.27621,103.96702,2019-06-01,no,https://www.inaturalist.org/observations/26799321,https://inaturalist-open-data.s3.amazonaws.com/photos/41635148/medium.jpg
Insecta,,Susica sinensis,22.27621,103.96702,2019-06-01,no,https://www.inaturalist.org/observations/26799322,https://inaturalist-open-data.s3.amazonaws.com/photos/41635153/medium.jpg
Insecta,,Cyme euprepioides,22.27621,103.96702,2019-06-01,no,https://www.inaturalist.org/observations/26799331,https://inaturalist-open-data.s3.amazonaws.com/photos/41635166/medium.jpg
Insecta,,Myrioblephara simplaria,22.27621,103.96702,2019-06-01,no,https://www.inaturalist.org/observations/26799337,https://inaturalist-open-data.s3.amazonaws.com/photos/41635171/medium.jpg
Insecta,Rice Leaf-roller,Cnaphalocrocis medinalis,22.27621,103.96702,2019-06-01,no,https://www.inaturalist.org/observations/26799342,https://inaturalist-open-data.s3.amazonaws.com/photos/41635175/medium.jpg
Insecta,,Scopula butleri,22.27621,103.96702,2019-06-01,no,https://www.inaturalist.org/observations/26799346,https://inaturalist-open-data.s3.amazonaws.com/photos/41635181/medium.jpg
Insecta,,Bradina diagonalis,22.27621,103.96702,2019-06-01,no,https://www.inaturalist.org/observations/26799377,https://inaturalist-open-data.s3.amazonaws.com/photos/41635251/medium.jpg
Insecta,Tropical Swallowtail Moth,Lyssa zampa,22.27621,103.96702,2019-06-01,no,https://www.inaturalist.org/observations/26799378,https://inaturalist-open-data.s3.amazonaws.com/photos/41635255/medium.jpg
Insecta,,Toccolosida rubriceps,22.27621,103.96702,2019-06-01,no,https://www.inaturalist.org/observations/26799379,https://inaturalist-open-data.s3.amazonaws.com/photos/41635258/medium.jpg
Insecta,,Trombonia brevialata,22.27621,103.96702,2019-06-01,no,https://www.inaturalist.org/observations/26799381,https://inaturalist-open-data.s3.amazonaws.com/photos/41635261/medium.jpg
Insecta,Chequered Snout,Pygospila tyres,22.27621,103.96702,2019-06-01,no,https://www.inaturalist.org/observations/26799385,https://inaturalist-open-data.s3.amazonaws.com/photos/41635274/medium.jpg
Insecta,,Chiasmia fidoniata,22.27621,103.96702,2019-06-01,no,https://www.inaturalist.org/observations/26799391,https://inaturalist-open-data.s3.amazonaws.com/photos/41635287/medium.jpg
Insecta,Greater Death's Head Hawkmoth,Acherontia lachesis,22.27621,103.96702,2019-06-01,no,https://www.inaturalist.org/observations/26799406,https://inaturalist-open-data.s3.amazonaws.com/photos/41635304/medium.jpg
Insecta,Greater Death's Head Hawkmoth,Acherontia lachesis,22.27621,103.96702,2019-06-01,no,https://www.inaturalist.org/observations/26799411,https://inaturalist-open-data.s3.amazonaws.com/photos/41635310/medium.jpg
Insecta,,Myrioblephara simplaria,22.27621,103.96702,2019-06-01,no,https://www.inaturalist.org/observations/26799415,https://inaturalist-open-data.s3.amazonaws.com/photos/41635316/medium.jpg
Insecta,Crimson-tailed Marsh Hawk,Orthetrum pruinosum,22.27621,103.96702,2019-06-01,no,https://www.inaturalist.org/observations/26799418,https://inaturalist-open-data.s3.amazonaws.com/photos/41635323/medium.jpg
Insecta,Scarlet Skimmer,Crocothemis servilia,22.27621,103.96702,2019-06-01,no,https://www.inaturalist.org/observations/26799420,https://inaturalist-open-data.s3.amazonaws.com/photos/41635329/medium.jpg
Insecta,,Eucoptacra binghami,22.27621,103.96702,2019-06-01,no,https://www.inaturalist.org/observations/26799421,https://inaturalist-open-data.s3.amazonaws.com/photos/41635336/medium.jpg
Insecta,Blue Pansy,Junonia orithya,22.27621,103.96702,2019-06-01,no,https://www.inaturalist.org/observations/26799422,https://inaturalist-open-data.s3.amazonaws.com/photos/41635339/medium.jpg
Insecta,Asian Widow,Palpopleura sexmaculata,22.27621,103.96702,2019-06-01,no,https://www.inaturalist.org/observations/26799423,https://inaturalist-open-data.s3.amazonaws.com/photos/41635344/medium.jpg
Insecta,Scarlet Skimmer,Crocothemis servilia,22.27621,103.96702,2019-06-01,no,https://www.inaturalist.org/observations/26799429,https://inaturalist-open-data.s3.amazonaws.com/photos/41635351/medium.jpg
Insecta,Asian Widow,Palpopleura sexmaculata,22.27621,103.96702,2019-06-01,no,https://www.inaturalist.org/observations/26799434,https://inaturalist-open-data.s3.amazonaws.com/photos/41635373/medium.jpg
Insecta,,Phytomia errans,22.27621,103.96702,2019-06-01,no,https://www.inaturalist.org/observations/26799435,https://inaturalist-open-data.s3.amazonaws.com/photos/41635366/medium.jpg
Insecta,Dimorphic Leafcutter,Megachile conjuncta,22.27621,103.96702,2019-06-02,no,https://www.inaturalist.org/observations/26891864,https://inaturalist-open-data.s3.amazonaws.com/photos/41783312/medium.jpg
Insecta,,Arctolamia fasciata,22.27621,103.96702,2019-06-02,no,https://www.inaturalist.org/observations/26891866,https://inaturalist-open-data.s3.amazonaws.com/photos/41783326/medium.jpg
Insecta,Paris Peacock Swallowtail,Papilio paris,22.27621,103.96702,2019-06-02,no,https://www.inaturalist.org/observations/26891867,https://inaturalist-open-data.s3.amazonaws.com/photos/41783331/medium.jpg
Insecta,Circe,Hestinalis nama,22.27621,103.96702,2019-06-02,no,https://www.inaturalist.org/observations/26891868,https://inaturalist-open-data.s3.amazonaws.com/photos/41783336/medium.jpg
Insecta,Asian Widow,Palpopleura sexmaculata,22.27621,103.96702,2019-06-02,no,https://www.inaturalist.org/observations/26891870,https://inaturalist-open-data.s3.amazonaws.com/photos/41783341/medium.jpg
Insecta,Blue Marsh Hawk,Orthetrum glaucum,22.27621,103.96702,2019-06-02,no,https://www.inaturalist.org/observations/26891872,https://inaturalist-open-data.s3.amazonaws.com/photos/41783346/medium.jpg
Insecta,Blue-tailed Forest Hawk,Orthetrum triangulare,22.27621,103.96702,2019-06-02,no,https://www.inaturalist.org/observations/26891873,https://inaturalist-open-data.s3.amazonaws.com/photos/41783353/medium.jpg
Insecta,Blue Marsh Hawk,Orthetrum glaucum,22.27621,103.96702,2019-06-02,no,https://www.inaturalist.org/observations/26891877,https://inaturalist-open-data.s3.amazonaws.com/photos/41783369/medium.jpg
Insecta,Hawaiian Beet Webworm Moth,Spoladea recurvalis,22.27621,103.96702,2019-06-02,no,https://www.inaturalist.org/observations/26891881,https://inaturalist-open-data.s3.amazonaws.com/photos/41783387/medium.jpg
Insecta,,Hemithyrsocera vittata,22.27621,103.96702,2019-06-02,no,https://www.inaturalist.org/observations/26891882,https://inaturalist-open-data.s3.amazonaws.com/photos/41783392/medium.jpg
Insecta,Asian Widow,Palpopleura sexmaculata,22.27621,103.96702,2019-06-02,no,https://www.inaturalist.org/observations/26891884,https://inaturalist-open-data.s3.amazonaws.com/photos/41783400/medium.jpg
Insecta,,Stichophthalma howqua,22.27621,103.96702,2019-06-02,no,https://www.inaturalist.org/observations/26891885,https://inaturalist-open-data.s3.amazonaws.com/photos/41783407/medium.jpg
Insecta,Lime Swallowtail,Papilio demoleus,22.27621,103.96702,2019-06-02,no,https://www.inaturalist.org/observations/26891889,https://inaturalist-open-data.s3.amazonaws.com/photos/41783423/medium.jpg
Insecta,Siamese Rhinoceros Beetle,Xylotrupes socrates,22.27621,103.96702,2019-06-02,no,https://www.inaturalist.org/observations/26891890,https://inaturalist-open-data.s3.amazonaws.com/photos/41783431/medium.jpg
Insecta,,Acanthaspis ruficeps,22.27621,103.96702,2019-06-02,no,https://www.inaturalist.org/observations/26891901,https://inaturalist-open-data.s3.amazonaws.com/photos/41783454/medium.jpg
Insecta,,Adites paraimpilia,22.27621,103.96702,2019-06-02,no,https://www.inaturalist.org/observations/26891907,https://inaturalist-open-data.s3.amazonaws.com/photos/41783470/medium.jpg
Insecta,Handmaiden moth,Syntomoides imaon,22.27621,103.96702,2019-06-02,no,https://www.inaturalist.org/observations/26891915,https://inaturalist-open-data.s3.amazonaws.com/photos/41783491/medium.jpg
Insecta,,Bertula abjudicalis,22.27621,103.96702,2019-06-02,no,https://www.inaturalist.org/observations/26891934,https://inaturalist-open-data.s3.amazonaws.com/photos/41783573/medium.jpg
Insecta,Painted Lady,Vanessa cardui,22.27621,103.96702,2019-06-02,no,https://www.inaturalist.org/observations/26891936,https://inaturalist-open-data.s3.amazonaws.com/photos/41783584/medium.jpg
Insecta,Convolvulus Hawkmoth,Agrius convolvuli,22.27621,103.96702,2019-06-02,no,https://www.inaturalist.org/observations/26891941,https://inaturalist-open-data.s3.amazonaws.com/photos/41783612/medium.jpg
Insecta,Blue Pansy,Junonia orithya,22.27621,103.96702,2019-06-02,no,https://www.inaturalist.org/observations/26891954,https://inaturalist-open-data.s3.amazonaws.com/photos/41783675/medium.jpg
Insecta,Cotton Bollworm Moth,Helicoverpa armigera,22.27621,103.96702,2019-06-02,no,https://www.inaturalist.org/observations/26891960,https://inaturalist-open-data.s3.amazonaws.com/photos/41783683/medium.jpg
Insecta,,Chiasmia nora,22.27621,103.96702,2019-06-02,no,https://www.inaturalist.org/observations/26891979,https://inaturalist-open-data.s3.amazonaws.com/photos/41783713/medium.jpg
Insecta,Transverse moth,Xanthodes transversa,22.27621,103.96702,2019-06-02,no,https://www.inaturalist.org/observations/26891983,https://inaturalist-open-data.s3.amazonaws.com/photos/41783721/medium.jpg
Insecta,,Bradina diagonalis,22.27621,103.96702,2019-06-02,no,https://www.inaturalist.org/observations/26892002,https://inaturalist-open-data.s3.amazonaws.com/photos/41783756/medium.jpg
Insecta,,Acanthaspis ruficeps,22.27621,103.96702,2019-06-02,no,https://www.inaturalist.org/observations/26892020,https://inaturalist-open-data.s3.amazonaws.com/photos/41783793/medium.jpg
Insecta,,Syllepte taiwanalis,22.27621,103.96702,2019-06-02,no,https://www.inaturalist.org/observations/26892021,https://inaturalist-open-data.s3.amazonaws.com/photos/41783804/medium.jpg
Insecta,,Orudiza protheclaria,22.27621,103.96702,2019-06-02,no,https://www.inaturalist.org/observations/26892026,https://inaturalist-open-data.s3.amazonaws.com/photos/41783828/medium.jpg
Insecta,Oriental Great Eggfly,Hypolimnas bolina jacintha,22.30226,103.89670,2017-08-18,no,https://www.inaturalist.org/observations/27425433,https://static.inaturalist.org/photos/42671926/medium.jpg
Aves,Sooty-headed Bulbul,Pycnonotus aurigaster,22.29443,103.90592,2017-08-18,no,https://www.inaturalist.org/observations/27425535,https://static.inaturalist.org/photos/42672478/medium.jpg
Insecta,Restricted Demon,Notocrypta curvifascia,22.27621,103.96702,2019-06-03,no,https://www.inaturalist.org/observations/27560137,https://inaturalist-open-data.s3.amazonaws.com/photos/42894646/medium.jpg
Insecta,,Phalera combusta,22.27621,103.96702,2019-06-03,no,https://www.inaturalist.org/observations/27560139,https://inaturalist-open-data.s3.amazonaws.com/photos/42894650/medium.jpg
Insecta,,Hypomecis cineracea,22.27621,103.96702,2019-06-03,no,https://www.inaturalist.org/observations/27560142,https://inaturalist-open-data.s3.amazonaws.com/photos/42894654/medium.jpg
Insecta,,Psilalcis vietnamensis,22.27621,103.96702,2019-06-03,no,https://www.inaturalist.org/observations/27560149,https://inaturalist-open-data.s3.amazonaws.com/photos/42894661/medium.jpg
Insecta,,Protohermes striatulus,22.27621,103.96702,2019-06-03,no,https://www.inaturalist.org/observations/27560154,https://inaturalist-open-data.s3.amazonaws.com/photos/42894666/medium.jpg
Insecta,Black Looper,Hyposidra talaca,22.27621,103.96702,2019-06-03,no,https://www.inaturalist.org/observations/27560163,https://inaturalist-open-data.s3.amazonaws.com/photos/42894683/medium.jpg
Insecta,Chinese Red-base Jezebel,Delias pasithoe pasithoe,22.27621,103.96702,2019-06-03,no,https://www.inaturalist.org/observations/27560166,https://inaturalist-open-data.s3.amazonaws.com/photos/42894689/medium.jpg
Insecta,Common Five-ring,Ypthima baldus,22.27621,103.96702,2019-06-03,no,https://www.inaturalist.org/observations/27560168,https://inaturalist-open-data.s3.amazonaws.com/photos/42894695/medium.jpg
Insecta,Common Bluebottle,Graphium sarpedon,22.27621,103.96702,2019-06-03,no,https://www.inaturalist.org/observations/27560169,https://inaturalist-open-data.s3.amazonaws.com/photos/42894696/medium.jpg
Insecta,Common Sergeant,Athyma perius,22.27621,103.96702,2019-06-03,no,https://www.inaturalist.org/observations/27560170,https://inaturalist-open-data.s3.amazonaws.com/photos/42894698/medium.jpg
Insecta,Chinese Red-base Jezebel,Delias pasithoe pasithoe,22.27621,103.96702,2019-06-03,no,https://www.inaturalist.org/observations/27560178,https://inaturalist-open-data.s3.amazonaws.com/photos/42894709/medium.jpg
Insecta,,Protohermes striatulus,22.27621,103.96702,2019-06-03,no,https://www.inaturalist.org/observations/27560180,https://inaturalist-open-data.s3.amazonaws.com/photos/42894711/medium.jpg
Insecta,Lilacine Bushbrown,Mycalesis francisca,22.27621,103.96702,2019-06-03,no,https://www.inaturalist.org/observations/27560183,https://inaturalist-open-data.s3.amazonaws.com/photos/42894713/medium.jpg
Insecta,,Figulus bicolor,22.27621,103.96702,2019-06-03,no,https://www.inaturalist.org/observations/27560188,https://inaturalist-open-data.s3.amazonaws.com/photos/42894718/medium.jpg
Insecta,Great Eggfly,Hypolimnas bolina,22.27621,103.96702,2019-06-03,no,https://www.inaturalist.org/observations/27560189,https://inaturalist-open-data.s3.amazonaws.com/photos/42894721/medium.jpg
Insecta,Common Sergeant,Athyma perius,22.27621,103.96702,2019-06-03,no,https://www.inaturalist.org/observations/27560192,https://inaturalist-open-data.s3.amazonaws.com/photos/42894723/medium.jpg
Insecta,Blue-spotted Forester Moth,Episteme adulatrix,22.27621,103.96702,2019-06-03,no,https://www.inaturalist.org/observations/27560194,https://inaturalist-open-data.s3.amazonaws.com/photos/42894726/medium.jpg
Insecta,,Gametis bealiae,22.27621,103.96702,2019-06-03,no,https://www.inaturalist.org/observations/27560197,https://inaturalist-open-data.s3.amazonaws.com/photos/42894729/medium.jpg
Insecta,Tropical Fritillary,Argynnis hyperbius,22.27621,103.96702,2019-06-03,no,https://www.inaturalist.org/observations/27560200,https://inaturalist-open-data.s3.amazonaws.com/photos/42894732/medium.jpg
Insecta,Colour Sergeant,Athyma nefte,22.27621,103.96702,2019-06-03,no,https://www.inaturalist.org/observations/27560202,https://inaturalist-open-data.s3.amazonaws.com/photos/42894735/medium.jpg
Insecta,Danaid Eggfly,Hypolimnas misippus,22.27621,103.96702,2019-06-03,no,https://www.inaturalist.org/observations/27560203,https://inaturalist-open-data.s3.amazonaws.com/photos/42894737/medium.jpg
Insecta,Paris Peacock Swallowtail,Papilio paris,22.27621,103.96702,2019-06-03,no,https://www.inaturalist.org/observations/27560204,https://inaturalist-open-data.s3.amazonaws.com/photos/42894740/medium.jpg
Insecta,Wandering Glider,Pantala flavescens,22.27621,103.96702,2019-06-03,no,https://www.inaturalist.org/observations/27560206,https://inaturalist-open-data.s3.amazonaws.com/photos/42894742/medium.jpg
Insecta,Tropical Fritillary,Argynnis hyperbius,22.27621,103.96702,2019-06-03,no,https://www.inaturalist.org/observations/27560208,https://inaturalist-open-data.s3.amazonaws.com/photos/42894745/medium.jpg
Insecta,Slender Skimmer,Orthetrum sabina,22.27621,103.96702,2019-06-03,no,https://www.inaturalist.org/observations/27560213,https://inaturalist-open-data.s3.amazonaws.com/photos/42894749/medium.jpg
Plantae,Jerusalem cherry,Solanum pseudocapsicum,22.33514,103.83750,2019-07-10,no,https://www.inaturalist.org/observations/28543833,https://inaturalist-open-data.s3.amazonaws.com/photos/44503781/medium.jpg
Insecta,Blue Pansy,Junonia orithya,22.30118,103.89221,2019-07-13,no,https://www.inaturalist.org/observations/28721021,https://inaturalist-open-data.s3.amazonaws.com/photos/44790920/medium.jpg
Plantae,Jewels of Opar,Talinum paniculatum,22.30063,103.89212,2019-07-19,no,https://www.inaturalist.org/observations/29309755,https://inaturalist-open-data.s3.amazonaws.com/photos/45737482/medium.jpeg
Plantae,common water hyacinth,Pontederia crassipes,22.32737,103.83526,2019-07-31,no,https://www.inaturalist.org/observations/29904771,https://static.inaturalist.org/photos/46697515/medium.jpg
Insecta,,Stichophthalma howqua,22.38833,103.85413,2015-06-21,no,https://www.inaturalist.org/observations/30514193,https://inaturalist-open-data.s3.amazonaws.com/photos/47677563/medium.jpg
Insecta,Punchinello,Zemeros flegyas,22.29918,104.00890,2015-06-21,no,https://www.inaturalist.org/observations/30519690,https://inaturalist-open-data.s3.amazonaws.com/photos/47686415/medium.jpg
Insecta,Straight-banded Treebrown,Lethe verma,22.33537,103.84025,2019-08-11,no,https://www.inaturalist.org/observations/30577694,https://inaturalist-open-data.s3.amazonaws.com/photos/47777838/medium.jpeg
Plantae,Cup-and-saucer vine,Cobaea scandens,22.33397,103.84991,2019-08-11,no,https://www.inaturalist.org/observations/30590548,https://inaturalist-open-data.s3.amazonaws.com/photos/47799820/medium.jpeg
Plantae,,Lysionotus pauciflorus,22.33284,103.84970,2019-08-11,no,https://www.inaturalist.org/observations/30590559,https://inaturalist-open-data.s3.amazonaws.com/photos/47799829/medium.jpeg
Insecta,,Dorcus cervulus,22.32806,103.83164,2019-08-11,no,https://www.inaturalist.org/observations/30602233,https://inaturalist-open-data.s3.amazonaws.com/photos/47819250/medium.jpeg
Insecta,,Trombonia brevialata,22.32796,103.83182,2019-08-11,no,https://www.inaturalist.org/observations/30608943,https://inaturalist-open-data.s3.amazonaws.com/photos/47828676/medium.jpeg
Arachnida,Black-striped Orchard Spider,Leucauge celebesiana,22.33277,103.85051,2019-08-10,no,https://www.inaturalist.org/observations/30611023,https://inaturalist-open-data.s3.amazonaws.com/photos/47831849/medium.jpeg
Plantae,,Saurauia napaulensis,22.33870,103.82892,2019-08-12,no,https://www.inaturalist.org/observations/30876474,https://inaturalist-open-data.s3.amazonaws.com/photos/48267619/medium.jpeg
Plantae,Caesar weed,Urena lobata,22.33356,103.84901,2019-08-10,no,https://www.inaturalist.org/observations/30937431,https://inaturalist-open-data.s3.amazonaws.com/photos/48368191/medium.jpeg
Aves,Domestic Swan Goose,Anser cygnoides domesticus,22.33636,103.84379,2011-11-02,no,https://www.inaturalist.org/observations/31145492,https://inaturalist-open-data.s3.amazonaws.com/photos/48714463/medium.jpg
Insecta,Great Mormon,Papilio agenor,22.33636,103.84379,2011-11-02,no,https://www.inaturalist.org/observations/31145503,https://inaturalist-open-data.s3.amazonaws.com/photos/48714670/medium.jpg
Insecta,Great Mormon,Papilio agenor,22.33636,103.84379,2011-11-02,no,https://www.inaturalist.org/observations/31145506,https://inaturalist-open-data.s3.amazonaws.com/photos/48714713/medium.jpg
Insecta,Large Green Grasshopper,Chondracris rosea,22.33636,103.84379,2011-11-01,no,https://www.inaturalist.org/observations/31145528,https://inaturalist-open-data.s3.amazonaws.com/photos/48714926/medium.jpg
Insecta,Black-tailed Marsh Dart,Ceriagrion fallax,22.33636,103.84379,2011-11-01,no,https://www.inaturalist.org/observations/31145535,https://inaturalist-open-data.s3.amazonaws.com/photos/48715167/medium.jpg
Insecta,,Allodahlia macropyga,22.33636,103.84379,2011-10-31,no,https://www.inaturalist.org/observations/31145537,https://inaturalist-open-data.s3.amazonaws.com/photos/48715225/medium.jpg
Plantae,billygoat weed,Ageratum conyzoides,22.33636,103.84379,2011-11-01,no,https://www.inaturalist.org/observations/31145548,https://inaturalist-open-data.s3.amazonaws.com/photos/48715373/medium.jpg
Insecta,Asian Lady Beetle,Harmonia axyridis,22.33636,103.84379,2011-11-02,no,https://www.inaturalist.org/observations/31145598,https://inaturalist-open-data.s3.amazonaws.com/photos/48715845/medium.jpg
Insecta,,Picromerus griseus,22.33636,103.84379,2011-10-31,no,https://www.inaturalist.org/observations/31145649,https://inaturalist-open-data.s3.amazonaws.com/photos/48716177/medium.jpg
Arachnida,Joro Spider,Trichonephila clavata,22.33636,103.84379,2011-10-31,no,https://www.inaturalist.org/observations/31145666,https://inaturalist-open-data.s3.amazonaws.com/photos/48716306/medium.jpg
Arachnida,Spiny Orb-Weaver Spider,Gasteracantha diadesmia,22.33636,103.84379,2011-11-02,no,https://www.inaturalist.org/observations/31145668,https://inaturalist-open-data.s3.amazonaws.com/photos/48716329/medium.jpg
Arachnida,,Gasteracantha aureola,22.33636,103.84379,2011-10-31,no,https://www.inaturalist.org/observations/31145673,https://inaturalist-open-data.s3.amazonaws.com/photos/48716351/medium.jpg
Arachnida,Decorative Vleispider,Leucauge decorata,22.33636,103.84379,2011-10-31,no,https://www.inaturalist.org/observations/31145677,https://inaturalist-open-data.s3.amazonaws.com/photos/48716372/medium.jpg
Insecta,,Vespa velutina variana,22.33636,103.84379,2011-11-01,no,https://www.inaturalist.org/observations/31145699,https://inaturalist-open-data.s3.amazonaws.com/photos/48716432/medium.jpg
Plantae,,Luculia gratissima,22.33636,103.84379,2011-10-31,no,https://www.inaturalist.org/observations/31145740,https://inaturalist-open-data.s3.amazonaws.com/photos/48716727/medium.jpg
Insecta,,Camponotus singularis,22.33636,103.84379,2011-11-02,no,https://www.inaturalist.org/observations/31145742,https://inaturalist-open-data.s3.amazonaws.com/photos/48716750/medium.jpg
Plantae,pink knotweed,Persicaria capitata,22.29381,103.91093,2018-02-24,no,https://www.inaturalist.org/observations/31161446,https://inaturalist-open-data.s3.amazonaws.com/photos/48744844/medium.jpg
Plantae,staghorn clubmoss,Palhinhaea cernua,22.29273,103.90505,2018-02-07,no,https://www.inaturalist.org/observations/31161922,https://inaturalist-open-data.s3.amazonaws.com/photos/48745810/medium.jpg
Insecta,Red-based Jezebel,Delias pasithoe,22.32574,103.86453,2019-09-14,no,https://www.inaturalist.org/observations/32699868,https://static.inaturalist.org/photos/51305759/medium.jpeg
Insecta,Paris Peacock Swallowtail,Papilio paris,22.29775,103.91182,2019-09-12,no,https://www.inaturalist.org/observations/32700414,https://static.inaturalist.org/photos/51306491/medium.jpeg
Insecta,Spotted sawtooth,Prioneris thestylis,22.31074,103.89998,2019-09-11,no,https://www.inaturalist.org/observations/32700521,https://static.inaturalist.org/photos/51306655/medium.jpeg
Insecta,White Commodore,Limenitis dudu,22.31350,103.88408,2019-09-11,no,https://www.inaturalist.org/observations/32700659,https://static.inaturalist.org/photos/51306887/medium.jpeg
Insecta,Common Jester,Symbrenthia lilaea,22.32922,103.87236,2019-09-12,no,https://www.inaturalist.org/observations/32700726,https://static.inaturalist.org/photos/51306994/medium.jpeg
Insecta,Glassy Tiger,Parantica aglea,22.32098,103.88161,2019-09-12,no,https://www.inaturalist.org/observations/32700789,https://static.inaturalist.org/photos/51307093/medium.jpeg
Insecta,Blue Pansy,Junonia orithya,22.32478,103.88009,2019-09-12,no,https://www.inaturalist.org/observations/32701059,https://static.inaturalist.org/photos/51307486/medium.jpeg
Plantae,East-Himalayan Bell-Bush,Mackaya neesiana,22.33422,103.84959,2019-08-11,no,https://www.inaturalist.org/observations/33689280,https://inaturalist-open-data.s3.amazonaws.com/photos/52939570/medium.jpeg
Plantae,Chinese elder,Sambucus javanica,22.32812,103.83728,2017-04-15,no,https://www.inaturalist.org/observations/34467406,https://inaturalist-open-data.s3.amazonaws.com/photos/54250730/medium.jpg
Plantae,Artillery Plant,Pilea microphylla,22.33663,103.84462,2019-10-23,no,https://www.inaturalist.org/observations/34764875,https://inaturalist-open-data.s3.amazonaws.com/photos/54754578/medium.jpeg
Insecta,Yam Hawkmoth,Theretra nessus,22.33216,103.83973,2019-10-29,no,https://www.inaturalist.org/observations/35081887,https://inaturalist-open-data.s3.amazonaws.com/photos/55297755/medium.jpeg
Plantae,pink knotweed,Persicaria capitata,22.33055,103.83391,2019-10-23,no,https://www.inaturalist.org/observations/35321523,https://inaturalist-open-data.s3.amazonaws.com/photos/55684704/medium.jpg
Plantae,oceanblue morning glory,Ipomoea indica,22.32885,103.83423,2019-10-23,no,https://www.inaturalist.org/observations/35321524,https://inaturalist-open-data.s3.amazonaws.com/photos/55684752/medium.jpg
Insecta,Common Cruiser,Vindula erota,22.32743,103.83428,2019-10-23,no,https://www.inaturalist.org/observations/35321532,https://inaturalist-open-data.s3.amazonaws.com/photos/55684987/medium.jpeg
Plantae,tropical soda-apple,Solanum viarum,22.33697,103.81884,2019-10-23,no,https://www.inaturalist.org/observations/35321555,https://inaturalist-open-data.s3.amazonaws.com/photos/55685273/medium.jpg
Plantae,Caesar weed,Urena lobata,22.33954,103.81605,2019-10-23,no,https://www.inaturalist.org/observations/35321563,https://inaturalist-open-data.s3.amazonaws.com/photos/55685478/medium.jpg
Plantae,castor bean,Ricinus communis,22.34003,103.81524,2019-10-23,no,https://www.inaturalist.org/observations/35321571,https://inaturalist-open-data.s3.amazonaws.com/photos/55685540/medium.jpg
Plantae,tropical soda-apple,Solanum viarum,22.35700,103.79391,2019-10-23,no,https://www.inaturalist.org/observations/35321581,https://inaturalist-open-data.s3.amazonaws.com/photos/55685566/medium.jpg
Plantae,Mexican Ruellia,Ruellia simplex,22.35913,103.80878,2019-10-23,no,https://www.inaturalist.org/observations/35321635,https://inaturalist-open-data.s3.amazonaws.com/photos/55686129/medium.jpg
Arachnida,Joro Spider,Trichonephila clavata,22.31039,103.88159,2019-10-24,no,https://www.inaturalist.org/observations/35322192,https://inaturalist-open-data.s3.amazonaws.com/photos/55686813/medium.jpg
Plantae,Butterfly ginger lily,Hedychium coronarium,22.31025,103.87340,2019-10-24,no,https://www.inaturalist.org/observations/35322196,https://inaturalist-open-data.s3.amazonaws.com/photos/55686907/medium.jpeg
Plantae,Mile-a-minute vine,Ipomoea cairica,22.30463,103.88213,2019-10-24,no,https://www.inaturalist.org/observations/35322209,https://inaturalist-open-data.s3.amazonaws.com/photos/55687285/medium.jpg
Plantae,pink knotweed,Persicaria capitata,22.30468,103.88219,2019-10-24,no,https://www.inaturalist.org/observations/35322210,https://inaturalist-open-data.s3.amazonaws.com/photos/55687290/medium.jpg
Plantae,Garden balsam,Impatiens balsamina,22.30357,103.88335,2019-10-24,no,https://www.inaturalist.org/observations/35322212,https://inaturalist-open-data.s3.amazonaws.com/photos/55687332/medium.jpg
Plantae,Papaya,Carica papaya,22.30358,103.88610,2019-10-24,no,https://www.inaturalist.org/observations/35322213,https://inaturalist-open-data.s3.amazonaws.com/photos/55687352/medium.jpg
Plantae,oceanblue morning glory,Ipomoea indica,22.30436,103.89053,2019-10-24,no,https://www.inaturalist.org/observations/35322214,https://inaturalist-open-data.s3.amazonaws.com/photos/55687358/medium.jpg
Plantae,Yoruban bologi,Crassocephalum rubens,22.39765,103.84166,2019-10-24,no,https://www.inaturalist.org/observations/35322218,https://inaturalist-open-data.s3.amazonaws.com/photos/55687422/medium.jpg
Arachnida,Joro Spider,Trichonephila clavata,22.40051,103.83839,2019-10-24,no,https://www.inaturalist.org/observations/35322219,https://inaturalist-open-data.s3.amazonaws.com/photos/55687443/medium.jpg
Fungi,turkey-tail,Trametes versicolor,22.39514,103.84209,2019-10-24,no,https://www.inaturalist.org/observations/35322221,https://inaturalist-open-data.s3.amazonaws.com/photos/55687458/medium.jpg
Plantae,castor bean,Ricinus communis,22.40226,103.83740,2019-10-24,no,https://www.inaturalist.org/observations/35322226,https://inaturalist-open-data.s3.amazonaws.com/photos/55687490/medium.jpg
Plantae,,Paraboea sinensis,22.33258,103.85497,2019-08-10,no,https://www.inaturalist.org/observations/36546372,https://inaturalist-open-data.s3.amazonaws.com/photos/57785077/medium.jpeg
Plantae,Lesser Torenia,Torenia concolor,22.33215,103.85494,2019-08-10,no,https://www.inaturalist.org/observations/36546425,https://inaturalist-open-data.s3.amazonaws.com/photos/57785223/medium.jpeg
Reptilia,Chinese Green Snake,Ptyas major,22.33922,103.84584,2019-08-26,no,https://www.inaturalist.org/observations/36722407,https://inaturalist-open-data.s3.amazonaws.com/photos/58092756/medium.jpeg
Plantae,,Lysionotus pauciflorus,22.33175,103.85439,2019-08-10,no,https://www.inaturalist.org/observations/36920538,https://inaturalist-open-data.s3.amazonaws.com/photos/58440479/medium.jpeg
Plantae,,Begonia labordei,22.33210,103.85622,2019-08-10,no,https://www.inaturalist.org/observations/36920819,https://inaturalist-open-data.s3.amazonaws.com/photos/58440879/medium.jpeg
Aves,Eastern Buzzard,Buteo japonicus,22.33326,103.84247,2019-11-10,no,https://www.inaturalist.org/observations/37308010,https://inaturalist-open-data.s3.amazonaws.com/photos/59119506/medium.jpeg
Arachnida,Joro Spider,Trichonephila clavata,22.33428,103.84671,2019-11-11,no,https://www.inaturalist.org/observations/37308011,https://inaturalist-open-data.s3.amazonaws.com/photos/59119508/medium.jpeg
Insecta,Common Crow,Euploea core,22.33409,103.84681,2019-11-11,no,https://www.inaturalist.org/observations/37308012,https://inaturalist-open-data.s3.amazonaws.com/photos/59119530/medium.jpeg
Insecta,Himalayan Spotted Sawtooth,Prioneris thestylis thestylis,22.33403,103.84700,2019-11-11,no,https://www.inaturalist.org/observations/37308013,https://inaturalist-open-data.s3.amazonaws.com/photos/59119533/medium.jpeg
Insecta,Blue Pansy,Junonia orithya,22.39155,103.83870,2019-11-11,no,https://www.inaturalist.org/observations/37308017,https://inaturalist-open-data.s3.amazonaws.com/photos/59119556/medium.jpeg
Reptilia,Yunnan Beauty Snake,Elaphe taeniura yunnanensis,22.38863,103.83766,2019-11-11,no,https://www.inaturalist.org/observations/37308018,https://inaturalist-open-data.s3.amazonaws.com/photos/59119568/medium.jpeg
Aves,Eurasian Tree Sparrow,Passer montanus,22.31416,103.85754,2019-11-12,no,https://www.inaturalist.org/observations/37309108,https://inaturalist-open-data.s3.amazonaws.com/photos/59121441/medium.jpeg
Insecta,Indian Cabbage White,Pieris canidia,22.31436,103.85747,2019-11-12,no,https://www.inaturalist.org/observations/37309109,https://inaturalist-open-data.s3.amazonaws.com/photos/59121454/medium.jpeg
Insecta,Peacock Pansy,Junonia almana,22.31204,103.85944,2019-11-12,no,https://www.inaturalist.org/observations/37309110,https://inaturalist-open-data.s3.amazonaws.com/photos/59121462/medium.jpeg
Insecta,,Creobroter apicalis,22.31213,103.85925,2019-11-12,no,https://www.inaturalist.org/observations/37309117,https://inaturalist-open-data.s3.amazonaws.com/photos/59121468/medium.jpeg
Insecta,Chinese Moon Moth,Actias ningpoana,22.33932,103.84917,2017-09-25,no,https://www.inaturalist.org/observations/37632332,https://inaturalist-open-data.s3.amazonaws.com/photos/59693465/medium.jpeg
Insecta,Tea Seed Bug,Poecilocoris latus,22.34210,103.79415,2009-12-03,no,https://www.inaturalist.org/observations/37707669,https://inaturalist-open-data.s3.amazonaws.com/photos/59833572/medium.jpeg
Arachnida,Joro Spider,Trichonephila clavata,22.34210,103.79415,2009-11-26,no,https://www.inaturalist.org/observations/37707674,https://inaturalist-open-data.s3.amazonaws.com/photos/59833676/medium.jpeg
Arachnida,Joro Spider,Trichonephila clavata,22.34210,103.79415,2009-12-11,no,https://www.inaturalist.org/observations/37707676,https://inaturalist-open-data.s3.amazonaws.com/photos/59833721/medium.jpeg
Plantae,tropical soda-apple,Solanum viarum,22.29318,103.90926,2020-01-21,no,https://www.inaturalist.org/observations/37805117,https://inaturalist-open-data.s3.amazonaws.com/photos/60006883/medium.jpeg
Aves,Slaty-backed Forktail,Enicurus schistaceus,22.33200,103.81532,2011-02-23,no,https://www.inaturalist.org/observations/37818112,https://inaturalist-open-data.s3.amazonaws.com/photos/60030245/medium.jpeg
Reptilia,Kuhne's Grass Lizard,Takydromus kuehnei,22.29685,103.92465,2020-01-24,no,https://www.inaturalist.org/observations/37912248,https://inaturalist-open-data.s3.amazonaws.com/photos/60174803/medium.jpeg
Plantae,Yoruban bologi,Crassocephalum rubens,22.29180,103.91174,2020-01-23,no,https://www.inaturalist.org/observations/37912313,https://inaturalist-open-data.s3.amazonaws.com/photos/60174821/medium.jpeg
Plantae,Asian Taro,Alocasia odora,22.32821,103.83360,2020-02-07,no,https://www.inaturalist.org/observations/38382113,https://inaturalist-open-data.s3.amazonaws.com/photos/60993888/medium.jpg
Mammalia,Domestic Goat,Capra hircus,22.32680,103.83375,2010-05-16,no,https://www.inaturalist.org/observations/38771315,https://inaturalist-open-data.s3.amazonaws.com/photos/61672702/medium.jpeg
Plantae,Cannabis,Cannabis sativa,22.33446,103.84653,2019-08-26,no,https://www.inaturalist.org/observations/40965861,https://inaturalist-open-data.s3.amazonaws.com/photos/64955076/medium.jpg
Plantae,Spider flower,Cleome houtteana,22.33237,103.84311,2019-07-25,no,https://www.inaturalist.org/observations/41324792,https://static.inaturalist.org/photos/65545669/medium.jpeg
Insecta,Chinese Peacock Swallowtail,Papilio bianor,22.30200,103.85281,2017-03-14,no,https://www.inaturalist.org/observations/42229632,https://inaturalist-open-data.s3.amazonaws.com/photos/67040875/medium.jpeg
Aves,Hill Prinia,Prinia superciliaris,22.33462,103.84701,2019-01-24,no,https://www.inaturalist.org/observations/42681425,https://inaturalist-open-data.s3.amazonaws.com/photos/67779730/medium.jpg
Aves,Pallas's Leaf Warbler,Phylloscopus proregulus,22.33463,103.84704,2019-01-24,no,https://www.inaturalist.org/observations/42681426,https://inaturalist-open-data.s3.amazonaws.com/photos/67779837/medium.jpg
Aves,Red-flanked Bluetail,Tarsiger cyanurus,22.33463,103.84699,2019-01-24,no,https://www.inaturalist.org/observations/42681427,https://inaturalist-open-data.s3.amazonaws.com/photos/67779915/medium.jpg
Aves,White-rumped Munia,Lonchura striata,22.33465,103.84701,2019-01-24,no,https://www.inaturalist.org/observations/42681431,https://inaturalist-open-data.s3.amazonaws.com/photos/67780046/medium.jpg
Aves,Long-tailed Minivet,Pericrocotus ethologus,22.33466,103.84701,2019-01-24,no,https://www.inaturalist.org/observations/42681432,https://inaturalist-open-data.s3.amazonaws.com/photos/68059585/medium.jpg
Aves,Black-throated Tit,Aegithalos concinnus,22.33465,103.84702,2019-01-24,no,https://www.inaturalist.org/observations/42681437,https://inaturalist-open-data.s3.amazonaws.com/photos/67780269/medium.jpg
Aves,Black-headed Greenfinch,Chloris ambigua,22.33467,103.84702,2019-01-24,no,https://www.inaturalist.org/observations/42681438,https://inaturalist-open-data.s3.amazonaws.com/photos/67780373/medium.jpg
Aves,Vinous-throated Parrotbill,Suthora webbiana,22.33472,103.84666,2019-01-24,no,https://www.inaturalist.org/observations/42857547,https://inaturalist-open-data.s3.amazonaws.com/photos/68057785/medium.jpg
Aves,Red-tailed Laughingthrush,Trochalopteron milnei,22.32276,103.83054,2011-03-19,no,https://www.inaturalist.org/observations/44833695,https://static.inaturalist.org/photos/71072957/medium.jpg
Aves,Silver-eared Mesia,Leiothrix argentauris,22.32276,103.83054,2011-03-19,no,https://www.inaturalist.org/observations/44833696,https://static.inaturalist.org/photos/71073041/medium.jpg
Aves,Orange-bellied Leafbird,Chloropsis hardwickii,22.32276,103.83054,2011-03-19,no,https://www.inaturalist.org/observations/44833697,https://static.inaturalist.org/photos/71073391/medium.jpg
Aves,Little Forktail,Enicurus scouleri,22.32276,103.83054,2011-03-19,no,https://www.inaturalist.org/observations/44833701,https://static.inaturalist.org/photos/71073667/medium.jpg
Aves,White-capped Redstart,Phoenicurus leucocephalus,22.32276,103.83054,2011-03-19,no,https://www.inaturalist.org/observations/44833705,https://static.inaturalist.org/photos/71073685/medium.jpg
Aves,Plumbeous Water Redstart,Phoenicurus fuliginosus,22.32276,103.83054,2011-03-19,no,https://www.inaturalist.org/observations/44833707,https://static.inaturalist.org/photos/71073719/medium.jpg
Aves,Verditer Flycatcher,Eumyias thalassinus,22.33539,103.84460,2011-03-20,no,https://www.inaturalist.org/observations/44833924,https://static.inaturalist.org/photos/71075097/medium.jpg
Aves,Black-throated Tit,Aegithalos concinnus,22.33539,103.84460,2011-03-20,no,https://www.inaturalist.org/observations/44833925,https://static.inaturalist.org/photos/71075106/medium.jpg
Insecta,Yellow Coster,Telchinia issoria,22.30137,103.87908,2017-08-05,no,https://www.inaturalist.org/observations/46264960,https://static.inaturalist.org/photos/73373921/medium.jpg
Plantae,tropical soda-apple,Solanum viarum,22.33485,103.82177,2019-10-14,no,https://www.inaturalist.org/observations/47579446,https://inaturalist-open-data.s3.amazonaws.com/photos/75465901/medium.jpeg
Insecta,Large Green Grasshopper,Chondracris rosea,22.32544,103.84555,2019-11-12,no,https://www.inaturalist.org/observations/52250236,https://inaturalist-open-data.s3.amazonaws.com/photos/83048830/medium.jpeg
Insecta,,Dorcus antaeus miyashitai,22.33636,103.84378,2000-06-15,no,https://www.inaturalist.org/observations/52951553,https://inaturalist-open-data.s3.amazonaws.com/photos/84201742/medium.jpeg
Insecta,,Dorcus antaeus miyashitai,22.33636,103.84378,2000-06-15,no,https://www.inaturalist.org/observations/52951780,https://inaturalist-open-data.s3.amazonaws.com/photos/84202066/medium.jpeg
Plantae,,Osbeckia nepalensis,22.33636,103.84379,2015-08-30,no,https://www.inaturalist.org/observations/53097814,https://static.inaturalist.org/photos/84434947/medium.jpeg
Plantae,Cannabis,Cannabis sativa,22.33636,103.84379,2015-08-31,no,https://www.inaturalist.org/observations/53097815,https://static.inaturalist.org/photos/84434977/medium.jpeg
Plantae,Asian Rice,Oryza sativa,22.33636,103.84379,2015-08-31,no,https://www.inaturalist.org/observations/53097830,https://static.inaturalist.org/photos/84435009/medium.jpeg
Plantae,Sensitive Plant,Mimosa pudica,22.33636,103.84379,2015-08-31,no,https://www.inaturalist.org/observations/53097831,https://static.inaturalist.org/photos/84435041/medium.jpeg
Plantae,Buttercup Orchid,Spathoglottis pubescens,22.37075,103.86674,2018-09-12,no,https://www.inaturalist.org/observations/53396211,https://static.inaturalist.org/photos/84924493/medium.jpg
Insecta,Tropical Fritillary,Argynnis hyperbius,22.29692,103.85339,2019-04-14,no,https://www.inaturalist.org/observations/56056384,https://static.inaturalist.org/photos/89300309/medium.jpeg
Insecta,Blue Marsh Hawk,Orthetrum glaucum,22.30239,103.87271,2019-04-14,no,https://www.inaturalist.org/observations/56056769,https://static.inaturalist.org/photos/89300938/medium.jpeg
Arachnida,Giant Golden Orbweaver,Nephila pilipes,22.30980,103.87804,2019-04-08,no,https://www.inaturalist.org/observations/56056939,https://static.inaturalist.org/photos/89301263/medium.jpeg
Insecta,Crimson-tailed Marsh Hawk,Orthetrum pruinosum,22.29721,103.88913,2019-04-11,no,https://www.inaturalist.org/observations/56057771,https://static.inaturalist.org/photos/89302461/medium.jpeg
Amphibia,Paddy Field Frog,Fejervarya limnocharis,22.29357,103.88911,2019-04-07,no,https://www.inaturalist.org/observations/56057898,https://static.inaturalist.org/photos/89302719/medium.jpeg
Insecta,Great Mormon,Papilio agenor,22.34277,103.81149,2019-07-04,no,https://www.inaturalist.org/observations/57120415,https://inaturalist-open-data.s3.amazonaws.com/photos/91084866/medium.jpg
Insecta,,Cephalaeschna aipishishi,22.33636,103.84379,2018-06-12,no,https://www.inaturalist.org/observations/59754082,https://inaturalist-open-data.s3.amazonaws.com/photos/95498935/medium.jpeg
Insecta,,Anotogaster chaoi,22.33636,103.84379,2018-06-12,no,https://www.inaturalist.org/observations/59867279,https://inaturalist-open-data.s3.amazonaws.com/photos/95692061/medium.jpeg
Insecta,Great Eggfly,Hypolimnas bolina,22.39382,103.83033,2020-07-18,no,https://www.inaturalist.org/observations/61944315,https://static.inaturalist.org/photos/99184684/medium.jpg
Insecta,Common Sergeant,Athyma perius,22.30006,103.88066,2020-10-10,no,https://www.inaturalist.org/observations/62388714,https://inaturalist-open-data.s3.amazonaws.com/photos/99953067/medium.jpg
Insecta,Great Mormon,Papilio agenor,22.30221,103.87829,2020-10-10,no,https://www.inaturalist.org/observations/62388972,https://inaturalist-open-data.s3.amazonaws.com/photos/99953455/medium.jpg
Insecta,Saddlebag Glider,Tramea virginia,22.30495,103.86478,2020-10-10,no,https://www.inaturalist.org/observations/62389398,https://inaturalist-open-data.s3.amazonaws.com/photos/99954180/medium.jpg
Insecta,Popinjay,Stibochiona nicea,22.30241,103.87499,2020-10-10,no,https://www.inaturalist.org/observations/62389599,https://inaturalist-open-data.s3.amazonaws.com/photos/99954403/medium.jpg
Insecta,Yellow Forester,Lethe syrcis,22.30264,103.88872,2020-10-10,no,https://www.inaturalist.org/observations/62389651,https://inaturalist-open-data.s3.amazonaws.com/photos/99954610/medium.jpg
Insecta,,Pidorus albifascia,22.30276,103.87529,2020-10-10,no,https://www.inaturalist.org/observations/62389714,https://inaturalist-open-data.s3.amazonaws.com/photos/99954653/medium.jpg
Insecta,Orange Staff Sergeant Butterfly,Athyma cama,22.30268,103.87581,2020-10-10,no,https://www.inaturalist.org/observations/62389797,https://inaturalist-open-data.s3.amazonaws.com/photos/99954742/medium.jpg
Insecta,Blue Marsh Hawk,Orthetrum glaucum,22.30264,103.88872,2020-10-10,no,https://www.inaturalist.org/observations/62473103,https://inaturalist-open-data.s3.amazonaws.com/photos/100101176/medium.jpg
Insecta,Slender-scaped Carpenter Bee,Xylocopa tenuiscapa,22.30224,103.88527,2020-10-10,no,https://www.inaturalist.org/observations/62473252,https://inaturalist-open-data.s3.amazonaws.com/photos/100101343/medium.jpg
Insecta,Common Leopard,Phalanta phalantha,22.30272,103.88392,2020-10-10,no,https://www.inaturalist.org/observations/62474110,https://inaturalist-open-data.s3.amazonaws.com/photos/100102113/medium.jpg
Aves,Oriental Honey-buzzard,Pernis ptilorhynchus,22.33573,103.84791,2020-10-12,no,https://www.inaturalist.org/observations/62532947,https://inaturalist-open-data.s3.amazonaws.com/photos/100207223/medium.jpg
Aves,Eurasian Kestrel,Falco tinnunculus,22.33446,103.85855,2020-10-12,no,https://www.inaturalist.org/observations/62533198,https://inaturalist-open-data.s3.amazonaws.com/photos/100207818/medium.jpg
Aves,Asian Tit,Parus cinereus,22.33302,103.84874,2020-10-12,no,https://www.inaturalist.org/observations/62533386,https://inaturalist-open-data.s3.amazonaws.com/photos/100208032/medium.jpg
Aves,Yellow-browed Warbler,Phylloscopus inornatus,22.33311,103.84885,2020-10-12,no,https://www.inaturalist.org/observations/62533570,https://inaturalist-open-data.s3.amazonaws.com/photos/100208391/medium.jpg
Aves,Common Kingfisher,Alcedo atthis,22.33839,103.84726,2020-10-12,no,https://www.inaturalist.org/observations/62533844,https://inaturalist-open-data.s3.amazonaws.com/photos/100208850/medium.jpg
Aves,Grey-headed Canary-Flycatcher,Culicicapa ceylonensis,22.33350,103.84876,2020-10-12,no,https://www.inaturalist.org/observations/62533920,https://inaturalist-open-data.s3.amazonaws.com/photos/100208973/medium.jpg
Aves,Asian Brown Flycatcher,Muscicapa dauurica,22.33446,103.84653,2020-10-12,no,https://www.inaturalist.org/observations/62543491,https://inaturalist-open-data.s3.amazonaws.com/photos/100227676/medium.jpg
Aves,Grey-headed Lapwing,Vanellus cinereus,22.33835,103.84713,2020-10-12,no,https://www.inaturalist.org/observations/62543625,https://inaturalist-open-data.s3.amazonaws.com/photos/100227890/medium.jpg
Aves,Black-headed Greenfinch,Chloris ambigua,22.33577,103.84117,2020-10-12,no,https://www.inaturalist.org/observations/62544096,https://inaturalist-open-data.s3.amazonaws.com/photos/100228842/medium.jpg
Aves,Oriental Greenfinch,Chloris sinica,22.33573,103.84130,2020-10-12,no,https://www.inaturalist.org/observations/62544114,https://inaturalist-open-data.s3.amazonaws.com/photos/100228948/medium.jpg
Aves,Grey Bushchat,Saxicola ferreus,22.33006,103.83576,2020-10-15,no,https://www.inaturalist.org/observations/62770121,https://inaturalist-open-data.s3.amazonaws.com/photos/100630835/medium.jpg
Insecta,,Caliphaea confusa,22.33636,103.84379,2018-06-12,no,https://www.inaturalist.org/observations/64730465,https://inaturalist-open-data.s3.amazonaws.com/photos/104116106/medium.jpeg
Aves,Plumbeous Water Redstart,Phoenicurus fuliginosus,22.31935,103.84609,2019-08-17,no,https://www.inaturalist.org/observations/65026583,https://inaturalist-open-data.s3.amazonaws.com/photos/104626070/medium.jpg
Insecta,Common Mime Swallowtail,Papilio clytia,22.33869,103.84585,2019-08-18,no,https://www.inaturalist.org/observations/65026587,https://inaturalist-open-data.s3.amazonaws.com/photos/104626107/medium.jpg
Aves,Hill Prinia,Prinia superciliaris,22.35503,103.81323,2019-08-16,no,https://www.inaturalist.org/observations/65030688,https://inaturalist-open-data.s3.amazonaws.com/photos/104633725/medium.jpg
Aves,Collared Finchbill,Spizixos semitorques,22.35488,103.81327,2019-08-16,no,https://www.inaturalist.org/observations/65030689,https://inaturalist-open-data.s3.amazonaws.com/photos/104633730/medium.jpg
Aves,Brown-breasted Bulbul,Pycnonotus xanthorrhous,22.35669,103.81173,2019-08-16,no,https://www.inaturalist.org/observations/65030691,https://inaturalist-open-data.s3.amazonaws.com/photos/104633736/medium.jpg
Aves,Hill Prinia,Prinia superciliaris,22.35551,103.81259,2019-08-16,no,https://www.inaturalist.org/observations/65030692,https://inaturalist-open-data.s3.amazonaws.com/photos/104633742/medium.jpg
Aves,Sooty-headed Bulbul,Pycnonotus aurigaster,22.32943,103.83385,2019-08-17,no,https://www.inaturalist.org/observations/65030693,https://inaturalist-open-data.s3.amazonaws.com/photos/104633745/medium.jpg
Insecta,Blue Pansy,Junonia orithya,22.33122,103.83586,2019-08-17,no,https://www.inaturalist.org/observations/65030694,https://inaturalist-open-data.s3.amazonaws.com/photos/104633756/medium.jpg
Aves,Sooty-headed Bulbul,Pycnonotus aurigaster,22.36077,103.80865,2019-08-18,no,https://www.inaturalist.org/observations/65030695,https://inaturalist-open-data.s3.amazonaws.com/photos/104633771/medium.jpg
Insecta,,Rhipidolestes jucundus,22.33636,103.84379,2018-06-12,no,https://www.inaturalist.org/observations/65692197,https://inaturalist-open-data.s3.amazonaws.com/photos/105773950/medium.jpeg
Insecta,,Calicnemia uenoi,22.33636,103.84379,2018-06-12,no,https://www.inaturalist.org/observations/65694080,https://inaturalist-open-data.s3.amazonaws.com/photos/105777210/medium.jpeg
Insecta,,Coeliccia hoanglienensis,22.33636,103.84379,2018-06-12,no,https://www.inaturalist.org/observations/65699246,https://inaturalist-open-data.s3.amazonaws.com/photos/105786458/medium.jpeg
Plantae,,Luculia gratissima,22.33180,103.86061,2009-11-01,no,https://www.inaturalist.org/observations/66134788,https://inaturalist-open-data.s3.amazonaws.com/photos/106547823/medium.jpeg
Plantae,Yellow ginger,Hedychium flavescens,22.34171,103.85900,2019-08-10,no,https://www.inaturalist.org/observations/66155411,https://inaturalist-open-data.s3.amazonaws.com/photos/106585359/medium.jpg
Insecta,Indian Cabbage White,Pieris canidia,22.32868,103.83473,2013-11-08,no,https://www.inaturalist.org/observations/66673258,https://inaturalist-open-data.s3.amazonaws.com/photos/107533022/medium.jpeg
Insecta,Punchinello,Zemeros flegyas,22.32720,103.83070,2013-11-08,no,https://www.inaturalist.org/observations/66673260,https://inaturalist-open-data.s3.amazonaws.com/photos/107533028/medium.jpeg
Insecta,Small Yellow Sailer,Neptis miah,22.32741,103.83454,2013-11-08,no,https://www.inaturalist.org/observations/66673262,https://inaturalist-open-data.s3.amazonaws.com/photos/107533041/medium.jpeg
Insecta,Common Rose Swallowtail,Pachliopta aristolochiae,22.32830,103.84762,2017-07-15,no,https://www.inaturalist.org/observations/68149238,https://inaturalist-open-data.s3.amazonaws.com/photos/110276578/medium.jpeg
Insecta,Tropical Fritillary,Argynnis hyperbius,22.32829,103.84763,2017-07-15,no,https://www.inaturalist.org/observations/68149239,https://inaturalist-open-data.s3.amazonaws.com/photos/110276582/medium.jpeg
Insecta,Yellow Coster,Telchinia issoria,22.33636,103.84379,2009-05-10,no,https://www.inaturalist.org/observations/68486224,https://inaturalist-open-data.s3.amazonaws.com/photos/110899474/medium.jpg
Plantae,Tree spinach,Chenopodium giganteum,22.33636,103.84379,2009-05-08,no,https://www.inaturalist.org/observations/68517634,https://inaturalist-open-data.s3.amazonaws.com/photos/113007758/medium.jpg
Insecta,hill jezebel,Delias belladonna,22.33636,103.84379,2009-05-08,no,https://www.inaturalist.org/observations/68636958,https://inaturalist-open-data.s3.amazonaws.com/photos/111193411/medium.jpg
Insecta,,Anisoneura aluco,22.33661,103.84337,2017-10-22,no,https://www.inaturalist.org/observations/68654622,https://inaturalist-open-data.s3.amazonaws.com/photos/111223760/medium.jpeg
Insecta,,Protohermes tonkinensis,22.33636,103.84379,2009-05-09,no,https://www.inaturalist.org/observations/68873174,https://inaturalist-open-data.s3.amazonaws.com/photos/111627934/medium.jpg
Insecta,,Uncobotyodes patulalis,22.33661,103.84337,2017-10-22,no,https://www.inaturalist.org/observations/68969249,https://inaturalist-open-data.s3.amazonaws.com/photos/111807584/medium.jpeg
Insecta,Yellow Blotched Pearl Moth,Eurrhyparodes bracteolalis,22.33661,103.84337,2017-10-22,no,https://www.inaturalist.org/observations/68969250,https://inaturalist-open-data.s3.amazonaws.com/photos/111807592/medium.jpeg
Insecta,Hawaiian Beet Webworm Moth,Spoladea recurvalis,22.33661,103.84337,2017-10-22,no,https://www.inaturalist.org/observations/68969251,https://inaturalist-open-data.s3.amazonaws.com/photos/111807599/medium.jpeg
Insecta,Castor Semi-looper,Achaea janata,22.33661,103.84337,2017-10-22,no,https://www.inaturalist.org/observations/68969252,https://inaturalist-open-data.s3.amazonaws.com/photos/111807621/medium.jpeg
Insecta,,Arthroschista hilaralis,22.33661,103.84337,2017-10-22,no,https://www.inaturalist.org/observations/68969260,https://inaturalist-open-data.s3.amazonaws.com/photos/111807653/medium.jpeg
Insecta,Mung Bean Moth,Maruca vitrata,22.33661,103.84337,2017-10-22,no,https://www.inaturalist.org/observations/69089124,https://inaturalist-open-data.s3.amazonaws.com/photos/112029285/medium.jpeg
Insecta,,Blenina quinaria,22.31507,103.91672,2017-10-22,no,https://www.inaturalist.org/observations/69089697,https://inaturalist-open-data.s3.amazonaws.com/photos/112030484/medium.jpeg
Insecta,Indochinese Blue Pansy,Junonia orithya ocyale,22.33636,103.84379,2009-05-08,no,https://www.inaturalist.org/observations/69158312,https://inaturalist-open-data.s3.amazonaws.com/photos/112151446/medium.jpg
Insecta,,Asota plaginota,22.33636,103.84379,2009-05-14,no,https://www.inaturalist.org/observations/69204168,https://inaturalist-open-data.s3.amazonaws.com/photos/112243825/medium.jpg
Insecta,Small Transverse Ladybird Beetle,Coccinella transversalis,22.33636,103.84379,2009-05-08,no,https://www.inaturalist.org/observations/69256536,https://inaturalist-open-data.s3.amazonaws.com/photos/112332688/medium.jpg
Plantae,Pacific island flatsedge,Cyperus cyperoides,22.33636,103.84379,2009-05-08,no,https://www.inaturalist.org/observations/69625457,https://inaturalist-open-data.s3.amazonaws.com/photos/113012899/medium.jpg
Plantae,Largeflower pink-sorrel,Oxalis debilis,22.33636,103.84379,2009-05-10,no,https://www.inaturalist.org/observations/69631556,https://inaturalist-open-data.s3.amazonaws.com/photos/113025756/medium.jpg
Plantae,bluemink,Ageratum houstonianum,22.29718,103.90423,2016-03-02,no,https://www.inaturalist.org/observations/69975619,https://inaturalist-open-data.s3.amazonaws.com/photos/113669291/medium.jpeg
Insecta,,Lemyra stigmata,22.33636,103.84379,2009-05-14,no,https://www.inaturalist.org/observations/70441177,https://inaturalist-open-data.s3.amazonaws.com/photos/114517975/medium.jpg
Plantae,Creeping Woodsorrel,Oxalis corniculata,22.32693,103.84708,2021-03-23,no,https://www.inaturalist.org/observations/71853627,https://inaturalist-open-data.s3.amazonaws.com/photos/117052914/medium.jpeg
Plantae,Mexican Stonecrop,Sedum mexicanum,22.32691,103.84655,2021-03-23,no,https://www.inaturalist.org/observations/71853988,https://inaturalist-open-data.s3.amazonaws.com/photos/117053506/medium.jpeg
Plantae,pink knotweed,Persicaria capitata,22.32686,103.84653,2021-03-23,no,https://www.inaturalist.org/observations/71854929,https://inaturalist-open-data.s3.amazonaws.com/photos/117055513/medium.jpeg
Plantae,bluemink,Ageratum houstonianum,22.33636,103.84379,2016-10-19,no,https://www.inaturalist.org/observations/76908060,https://inaturalist-open-data.s3.amazonaws.com/photos/125775939/medium.jpeg
Plantae,pink knotweed,Persicaria capitata,22.33636,103.84379,2016-10-19,no,https://www.inaturalist.org/observations/76908066,https://inaturalist-open-data.s3.amazonaws.com/photos/125776282/medium.jpeg
Insecta,Yam Hawkmoth,Theretra nessus,22.33636,103.84379,2018-11-08,no,https://www.inaturalist.org/observations/91655936,https://inaturalist-open-data.s3.amazonaws.com/photos/151646574/medium.jpg
Insecta,,Eudohrnia metallica,22.34442,103.84316,2020-05-24,no,https://www.inaturalist.org/observations/100046297,https://static.inaturalist.org/photos/166920260/medium.jpeg
Reptilia,Yunnan Beauty Snake,Elaphe taeniura yunnanensis,22.33955,103.84796,2020-05-26,no,https://www.inaturalist.org/observations/100654407,https://static.inaturalist.org/photos/168023853/medium.jpeg
Aves,Eurasian Tree Sparrow,Passer montanus,22.33700,103.82499,2019-12-26,no,https://www.inaturalist.org/observations/101248317,https://inaturalist-open-data.s3.amazonaws.com/photos/169066607/medium.jpeg
Insecta,Spangle Swallowtail,Papilio protenor,22.39382,103.83032,2020-07-18,no,https://www.inaturalist.org/observations/105365870,https://static.inaturalist.org/photos/176775528/medium.jpg
Plantae,pink knotweed,Persicaria capitata,22.31787,103.86003,2008-04-11,no,https://www.inaturalist.org/observations/108652021,https://inaturalist-open-data.s3.amazonaws.com/photos/182975754/medium.jpeg
Plantae,mu oil tree,Vernicia montana,22.31787,103.86003,2008-04-11,no,https://www.inaturalist.org/observations/108652028,https://inaturalist-open-data.s3.amazonaws.com/photos/182975890/medium.jpeg
Plantae,Garden balsam,Impatiens balsamina,22.31787,103.86003,2008-04-11,no,https://www.inaturalist.org/observations/108652030,https://inaturalist-open-data.s3.amazonaws.com/photos/182975920/medium.jpeg
Plantae,false staghorn fern,Dicranopteris linearis,22.31787,103.86003,2008-04-11,no,https://www.inaturalist.org/observations/108652032,https://inaturalist-open-data.s3.amazonaws.com/photos/182975941/medium.jpeg
Aves,Plumbeous Water Redstart,Phoenicurus fuliginosus,22.32757,103.83450,2022-04-17,no,https://www.inaturalist.org/observations/118353962,https://static.inaturalist.org/photos/199958415/medium.jpeg
Aves,Amur Stonechat,Saxicola stejnegeri,22.31596,103.84858,2022-04-18,no,https://www.inaturalist.org/observations/118354387,https://static.inaturalist.org/photos/199959188/medium.jpeg
Plantae,,Begonia labordei,22.33262,103.86357,2019-08-10,no,https://www.inaturalist.org/observations/118590922,https://inaturalist-open-data.s3.amazonaws.com/photos/200383730/medium.jpeg
Plantae,Beach Spider Lily,Hymenocallis littoralis,22.27634,103.96626,2022-06-06,no,https://www.inaturalist.org/observations/120457294,https://inaturalist-open-data.s3.amazonaws.com/photos/203743800/medium.jpeg
Plantae,bluemink,Ageratum houstonianum,22.31864,103.85799,2022-07-07,no,https://www.inaturalist.org/observations/125428850,https://inaturalist-open-data.s3.amazonaws.com/photos/212707939/medium.jpeg
Plantae,Lesser Torenia,Torenia concolor,22.31226,103.86084,2022-07-07,no,https://www.inaturalist.org/observations/125428918,https://inaturalist-open-data.s3.amazonaws.com/photos/212707975/medium.jpeg
Insecta,,Stichophthalma howqua,22.31039,103.86384,2022-07-07,no,https://www.inaturalist.org/observations/125428938,https://inaturalist-open-data.s3.amazonaws.com/photos/212716944/medium.jpeg
Insecta,Red-based Jezebel,Delias pasithoe,22.30941,103.86559,2022-07-07,no,https://www.inaturalist.org/observations/125433686,https://inaturalist-open-data.s3.amazonaws.com/photos/212716978/medium.jpeg
Insecta,Paris Peacock Swallowtail,Papilio paris,22.31057,103.86723,2022-07-07,no,https://www.inaturalist.org/observations/125433699,https://inaturalist-open-data.s3.amazonaws.com/photos/212717359/medium.jpeg
Plantae,Taro,Colocasia esculenta,22.29311,103.90173,2022-07-08,no,https://www.inaturalist.org/observations/125434151,https://inaturalist-open-data.s3.amazonaws.com/photos/212717750/medium.jpeg
Aves,Plumbeous Water Redstart,Phoenicurus fuliginosus,22.32738,103.83420,2010-05-16,no,https://www.inaturalist.org/observations/126385574,https://inaturalist-open-data.s3.amazonaws.com/photos/214429289/medium.jpg
Amphibia,Ailao spiny toad,Leptobrachium ailaonicum,22.30361,103.98549,2022-06-16,yes,https://www.inaturalist.org/observations/128189883,https://static.inaturalist.org/photos/217717589/medium.jpg
Plantae,,Paraboea sinensis,22.33274,103.84981,2019-08-11,no,https://www.inaturalist.org/observations/129852346,https://inaturalist-open-data.s3.amazonaws.com/photos/220732919/medium.jpeg
Plantae,Paper mulberry,Broussonetia papyrifera,22.33303,103.84810,2019-08-11,no,https://www.inaturalist.org/observations/129852507,https://inaturalist-open-data.s3.amazonaws.com/photos/220733222/medium.jpeg
Plantae,,Begonia labordei,22.33423,103.84817,2019-08-11,no,https://www.inaturalist.org/observations/129852649,https://inaturalist-open-data.s3.amazonaws.com/photos/220733506/medium.jpeg
Insecta,Spangle Swallowtail,Papilio protenor,22.33686,103.82485,2022-08-24,no,https://www.inaturalist.org/observations/132126396,https://inaturalist-open-data.s3.amazonaws.com/photos/224958581/medium.jpg
Insecta,,Pycanum ochraceum,22.32117,103.85173,2022-08-25,no,https://www.inaturalist.org/observations/132249520,https://inaturalist-open-data.s3.amazonaws.com/photos/225187107/medium.jpg
Plantae,Bristletips,Oxyspora paniculata,22.32322,103.84914,2022-08-25,no,https://www.inaturalist.org/observations/132249575,https://inaturalist-open-data.s3.amazonaws.com/photos/225187239/medium.jpg
Insecta,Lesser Judy,Spitosa sobrina,22.33350,103.84738,2022-08-25,no,https://www.inaturalist.org/observations/132258135,https://inaturalist-open-data.s3.amazonaws.com/photos/225201942/medium.jpg
Plantae,,Lysionotus pauciflorus,22.33307,103.84808,2022-08-25,no,https://www.inaturalist.org/observations/132258211,https://inaturalist-open-data.s3.amazonaws.com/photos/225202032/medium.jpg
Plantae,,Lysionotus pauciflorus,22.33946,103.85590,2022-08-25,no,https://www.inaturalist.org/observations/132258225,https://inaturalist-open-data.s3.amazonaws.com/photos/225202066/medium.jpg
Plantae,bluemink,Ageratum houstonianum,22.33276,103.84740,2022-08-25,no,https://www.inaturalist.org/observations/132258282,https://inaturalist-open-data.s3.amazonaws.com/photos/225202190/medium.jpg
Plantae,Fortune's Holly-fern,Cyrtomium fortunei,22.33471,103.84500,2022-08-25,no,https://www.inaturalist.org/observations/132258564,https://inaturalist-open-data.s3.amazonaws.com/photos/225202715/medium.jpg
Insecta,Golden Emperor,Dilipa morgiana,22.33778,103.83250,2022-08-30,no,https://www.inaturalist.org/observations/133296530,https://inaturalist-open-data.s3.amazonaws.com/photos/227031060/medium.jpg
Plantae,common water hyacinth,Pontederia crassipes,22.32247,103.86086,2022-08-07,no,https://www.inaturalist.org/observations/133706735,https://static.inaturalist.org/photos/227787688/medium.jpg
Plantae,Beach Spider Lily,Hymenocallis littoralis,22.34169,103.88489,2022-08-07,no,https://www.inaturalist.org/observations/133706973,https://static.inaturalist.org/photos/227788037/medium.jpg
Insecta,Banana Stem weevil,Odoiporus longicollis,22.33010,103.82793,2022-07-24,no,https://www.inaturalist.org/observations/136316440,https://static.inaturalist.org/photos/232627117/medium.jpg
Arachnida,Joro Spider,Trichonephila clavata,22.34654,103.87477,2022-10-04,no,https://www.inaturalist.org/observations/137506978,https://static.inaturalist.org/photos/234864878/medium.jpeg
Reptilia,Mountain Water Snake,Trimerodytes percarinatus,22.31028,103.85384,2022-10-04,no,https://www.inaturalist.org/observations/137610842,https://static.inaturalist.org/photos/235059478/medium.jpeg
Reptilia,Yunnan Beauty Snake,Elaphe taeniura yunnanensis,22.31029,103.86190,2022-10-03,no,https://www.inaturalist.org/observations/137610874,https://static.inaturalist.org/photos/235059547/medium.jpeg
Reptilia,Heller's Red-necked Keelback,Rhabdophis helleri,22.30623,103.89462,2022-10-04,no,https://www.inaturalist.org/observations/137939029,https://static.inaturalist.org/photos/235674045/medium.jpeg
Plantae,tropical soda-apple,Solanum viarum,22.31058,103.87579,2022-10-14,no,https://www.inaturalist.org/observations/138696869,https://inaturalist-open-data.s3.amazonaws.com/photos/237098565/medium.jpeg
Plantae,Butterfly ginger lily,Hedychium coronarium,22.29474,103.90431,2022-10-15,no,https://www.inaturalist.org/observations/138804162,https://inaturalist-open-data.s3.amazonaws.com/photos/237299608/medium.jpeg
Insecta,Crimson-tailed Marsh Hawk,Orthetrum pruinosum,22.33003,103.83239,2022-08-25,no,https://www.inaturalist.org/observations/138850746,https://inaturalist-open-data.s3.amazonaws.com/photos/237376727/medium.jpeg
Insecta,Flower Katydid,Sanaa intermedia,22.29466,103.90476,2022-10-15,no,https://www.inaturalist.org/observations/139082114,https://static.inaturalist.org/photos/237816843/medium.jpg
Arachnida,Joro Spider,Trichonephila clavata,22.33391,103.84064,2022-10-27,no,https://www.inaturalist.org/observations/140164070,https://inaturalist-open-data.s3.amazonaws.com/photos/239882984/medium.jpeg
Arachnida,Joro Spider,Trichonephila clavata,22.40066,103.83774,2022-10-28,no,https://www.inaturalist.org/observations/140238385,https://static.inaturalist.org/photos/240025885/medium.jpg
Insecta,Black Forester,Lethe vindhya,22.33504,103.84264,2022-10-19,no,https://www.inaturalist.org/observations/140362650,https://inaturalist-open-data.s3.amazonaws.com/photos/240257923/medium.jpeg
Plantae,common lantana,Lantana camara,22.33504,103.84264,2022-10-19,no,https://www.inaturalist.org/observations/140362651,https://inaturalist-open-data.s3.amazonaws.com/photos/240257989/medium.jpeg
Plantae,scarlet powder-puff,Calliandra haematocephala,22.33504,103.84264,2022-10-19,no,https://www.inaturalist.org/observations/140362652,https://inaturalist-open-data.s3.amazonaws.com/photos/240258007/medium.jpeg
Plantae,bluemink,Ageratum houstonianum,22.33457,103.84777,2022-10-19,no,https://www.inaturalist.org/observations/140490016,https://inaturalist-open-data.s3.amazonaws.com/photos/240494029/medium.jpeg
Plantae,White beggarticks,Bidens alba,22.33457,103.84777,2022-10-19,no,https://www.inaturalist.org/observations/140490017,https://inaturalist-open-data.s3.amazonaws.com/photos/240494053/medium.jpeg
Plantae,Lesser Torenia,Torenia concolor,22.33636,103.84379,2022-10-20,no,https://www.inaturalist.org/observations/140490669,https://inaturalist-open-data.s3.amazonaws.com/photos/240495437/medium.jpeg
Plantae,,Osbeckia stellata,22.33636,103.84379,2022-10-20,no,https://www.inaturalist.org/observations/140490670,https://inaturalist-open-data.s3.amazonaws.com/photos/240495409/medium.jpeg
Plantae,,Gentiana cephalantha,22.33636,103.84379,2022-10-20,no,https://www.inaturalist.org/observations/140491156,https://inaturalist-open-data.s3.amazonaws.com/photos/240496242/medium.jpeg
Plantae,mock strawberry,Potentilla indica,22.33636,103.84379,2022-10-20,no,https://www.inaturalist.org/observations/140491260,https://inaturalist-open-data.s3.amazonaws.com/photos/240496541/medium.jpeg
Plantae,white clover,Trifolium repens,22.33636,103.84379,2022-10-20,no,https://www.inaturalist.org/observations/140491732,https://inaturalist-open-data.s3.amazonaws.com/photos/240497209/medium.jpeg
Insecta,,Proretinata floridula,22.33636,103.84379,2022-10-20,no,https://www.inaturalist.org/observations/140491833,https://inaturalist-open-data.s3.amazonaws.com/photos/240497490/medium.jpeg
Plantae,,Luculia gratissima,22.33636,103.84379,2022-10-20,no,https://www.inaturalist.org/observations/140492050,https://inaturalist-open-data.s3.amazonaws.com/photos/240498030/medium.jpeg
Plantae,Bristletips,Oxyspora paniculata,22.33636,103.84379,2022-10-20,no,https://www.inaturalist.org/observations/140492122,https://inaturalist-open-data.s3.amazonaws.com/photos/240498182/medium.jpeg
Plantae,Bristletips,Oxyspora paniculata,22.33014,103.83249,2022-10-21,no,https://www.inaturalist.org/observations/140723772,https://inaturalist-open-data.s3.amazonaws.com/photos/240926927/medium.jpeg
Insecta,Indian Cabbage White,Pieris canidia,22.27611,103.96696,2022-11-10,no,https://www.inaturalist.org/observations/141582028,https://inaturalist-open-data.s3.amazonaws.com/photos/242587420/medium.jpg
Plantae,Chayote,Sicyos edulis,22.33372,103.83717,2022-11-01,no,https://www.inaturalist.org/observations/142114261,https://inaturalist-open-data.s3.amazonaws.com/photos/243596008/medium.png
Plantae,pink knotweed,Persicaria capitata,22.33372,103.83717,2022-11-01,no,https://www.inaturalist.org/observations/142114262,https://inaturalist-open-data.s3.amazonaws.com/photos/243596034/medium.png
Plantae,bluemink,Ageratum houstonianum,22.33372,103.83717,2022-11-01,no,https://www.inaturalist.org/observations/142114263,https://inaturalist-open-data.s3.amazonaws.com/photos/243596062/medium.png
Plantae,White beggarticks,Bidens alba,22.33372,103.83717,2022-11-01,no,https://www.inaturalist.org/observations/142114265,https://inaturalist-open-data.s3.amazonaws.com/photos/243596068/medium.png
Plantae,Bristletips,Oxyspora paniculata,22.33372,103.83717,2022-11-01,no,https://www.inaturalist.org/observations/142114268,https://inaturalist-open-data.s3.amazonaws.com/photos/243596092/medium.png
Plantae,Money Bush,Senna bicapsularis,22.33372,103.83717,2022-11-01,no,https://www.inaturalist.org/observations/142114271,https://inaturalist-open-data.s3.amazonaws.com/photos/243596137/medium.png
Plantae,garden nasturtium,Tropaeolum majus,22.33372,103.83717,2022-11-01,no,https://www.inaturalist.org/observations/142114275,https://inaturalist-open-data.s3.amazonaws.com/photos/243596180/medium.png
Plantae,redflower ragleaf,Crassocephalum crepidioides,22.33372,103.83717,2022-11-01,no,https://www.inaturalist.org/observations/142114277,https://inaturalist-open-data.s3.amazonaws.com/photos/243596188/medium.png
Plantae,Ladder brake,Pteris vittata,22.33372,103.83717,2022-11-01,no,https://www.inaturalist.org/observations/142114279,https://inaturalist-open-data.s3.amazonaws.com/photos/243596223/medium.png
Plantae,Crofton Weed,Ageratina adenophora,22.33372,103.83717,2022-11-01,no,https://www.inaturalist.org/observations/142114282,https://inaturalist-open-data.s3.amazonaws.com/photos/243596257/medium.png
Plantae,tropical soda-apple,Solanum viarum,22.33372,103.83717,2022-11-01,no,https://www.inaturalist.org/observations/142114284,https://inaturalist-open-data.s3.amazonaws.com/photos/243596267/medium.png
Insecta,Dark Cerulean,Jamides bochus,22.32733,103.83460,2022-11-01,no,https://www.inaturalist.org/observations/142181119,https://inaturalist-open-data.s3.amazonaws.com/photos/243721346/medium.png
Insecta,Great Mormon,Papilio agenor,22.32112,103.83477,2022-11-01,no,https://www.inaturalist.org/observations/142274286,https://inaturalist-open-data.s3.amazonaws.com/photos/243891766/medium.png
Insecta,,Cosmodela horii,22.32112,103.83477,2022-11-01,no,https://www.inaturalist.org/observations/142274294,https://inaturalist-open-data.s3.amazonaws.com/photos/243891811/medium.png
Insecta,,Uncobotyodes patulalis,22.32112,103.83477,2022-11-01,no,https://www.inaturalist.org/observations/142274295,https://inaturalist-open-data.s3.amazonaws.com/photos/243891814/medium.png
Insecta,,Planovalvata confusa,22.31828,103.83047,2022-11-01,no,https://www.inaturalist.org/observations/142328790,https://inaturalist-open-data.s3.amazonaws.com/photos/243987346/medium.png
Insecta,,Phytomia zonata,22.31828,103.83047,2022-11-01,no,https://www.inaturalist.org/observations/142328800,https://inaturalist-open-data.s3.amazonaws.com/photos/243987459/medium.png
Insecta,Popinjay,Stibochiona nicea,22.31828,103.83047,2022-11-01,no,https://www.inaturalist.org/observations/142328801,https://inaturalist-open-data.s3.amazonaws.com/photos/243987468/medium.png
Plantae,Bristletips,Oxyspora paniculata,22.31828,103.83047,2022-11-01,no,https://www.inaturalist.org/observations/142328803,https://inaturalist-open-data.s3.amazonaws.com/photos/243987502/medium.png
Plantae,Climbing Flowering Broom,Floscopa scandens,22.31828,103.83047,2022-11-01,no,https://www.inaturalist.org/observations/142328807,https://inaturalist-open-data.s3.amazonaws.com/photos/243987622/medium.png
Plantae,Lesser Torenia,Torenia concolor,22.31828,103.83047,2022-11-01,no,https://www.inaturalist.org/observations/142328817,https://inaturalist-open-data.s3.amazonaws.com/photos/243987773/medium.png
Plantae,Papaya,Carica papaya,22.30684,103.89587,2022-11-22,no,https://www.inaturalist.org/observations/142565787,https://static.inaturalist.org/photos/244441240/medium.jpeg
Arachnida,Spiny Orb-Weaver Spider,Gasteracantha diadesmia,22.30685,103.89589,2022-11-22,no,https://www.inaturalist.org/observations/142566724,https://static.inaturalist.org/photos/244442898/medium.jpeg
Insecta,Three-spotted Grass Yellow,Eurema blanda,22.32316,103.83378,2022-11-01,no,https://www.inaturalist.org/observations/142592473,https://inaturalist-open-data.s3.amazonaws.com/photos/244489871/medium.png
Plantae,Yoruban bologi,Crassocephalum rubens,22.32316,103.83378,2022-11-01,no,https://www.inaturalist.org/observations/142592477,https://inaturalist-open-data.s3.amazonaws.com/photos/244489907/medium.png
Insecta,,Miltochrista undulosa,22.32316,103.83378,2022-11-01,no,https://www.inaturalist.org/observations/142592485,https://inaturalist-open-data.s3.amazonaws.com/photos/244489941/medium.png
Plantae,Ladder brake,Pteris vittata,22.33785,103.84276,2022-11-03,no,https://www.inaturalist.org/observations/142876581,https://inaturalist-open-data.s3.amazonaws.com/photos/245020726/medium.png
Aves,White-capped Redstart,Phoenicurus leucocephalus,22.35288,103.80784,2022-12-01,no,https://www.inaturalist.org/observations/143411840,https://inaturalist-open-data.s3.amazonaws.com/photos/245941152/medium.jpg
Insecta,Large Silverstripe,Argynnis childreni,22.33457,103.84777,2022-11-03,no,https://www.inaturalist.org/observations/143422075,https://inaturalist-open-data.s3.amazonaws.com/photos/245960204/medium.png
Insecta,,Thinopteryx citrina,22.33430,103.84869,2022-11-03,no,https://www.inaturalist.org/observations/143685006,https://inaturalist-open-data.s3.amazonaws.com/photos/246459393/medium.png
Insecta,,Velinus rufiventris,22.33430,103.84869,2022-11-03,no,https://www.inaturalist.org/observations/143685028,https://inaturalist-open-data.s3.amazonaws.com/photos/246459802/medium.png
Arachnida,Joro Spider,Trichonephila clavata,22.33430,103.84869,2022-11-03,no,https://www.inaturalist.org/observations/143685031,https://inaturalist-open-data.s3.amazonaws.com/photos/246459880/medium.png
Plantae,Mother-of-thousands,Saxifraga stolonifera,22.33430,103.84869,2022-11-03,no,https://www.inaturalist.org/observations/143685040,https://inaturalist-open-data.s3.amazonaws.com/photos/246460122/medium.png
Plantae,tropical soda-apple,Solanum viarum,22.34007,103.81454,2022-12-05,no,https://www.inaturalist.org/observations/143713415,https://inaturalist-open-data.s3.amazonaws.com/photos/246517432/medium.jpg
Insecta,,Phytomia errans,22.32416,103.84232,2022-11-05,no,https://www.inaturalist.org/observations/143974539,https://inaturalist-open-data.s3.amazonaws.com/photos/247013275/medium.png
Arachnida,Joro Spider,Trichonephila clavata,22.32416,103.84232,2022-11-05,no,https://www.inaturalist.org/observations/143974545,https://inaturalist-open-data.s3.amazonaws.com/photos/247013312/medium.png
Insecta,Staff Sergeant,Athyma selenophora,22.32416,103.84232,2022-11-05,no,https://www.inaturalist.org/observations/143974547,https://inaturalist-open-data.s3.amazonaws.com/photos/247013320/medium.png
Insecta,Slender Skimmer,Orthetrum sabina,22.32489,103.85423,2022-11-05,no,https://www.inaturalist.org/observations/144264618,https://inaturalist-open-data.s3.amazonaws.com/photos/247568607/medium.png
Insecta,Great Eggfly,Hypolimnas bolina,22.31854,103.86017,2022-11-05,no,https://www.inaturalist.org/observations/144338665,https://inaturalist-open-data.s3.amazonaws.com/photos/247708932/medium.png
Plantae,tropical soda-apple,Solanum viarum,22.33239,103.83531,2008-11-21,no,https://www.inaturalist.org/observations/144350403,https://inaturalist-open-data.s3.amazonaws.com/photos/247731564/medium.jpeg
Insecta,Marbled White Moth,Nyctemera adversata,22.33866,103.84421,2022-11-06,no,https://www.inaturalist.org/observations/144393833,https://inaturalist-open-data.s3.amazonaws.com/photos/247811813/medium.png
Plantae,bluemink,Ageratum houstonianum,22.33244,103.83709,2008-11-21,no,https://www.inaturalist.org/observations/144463721,https://inaturalist-open-data.s3.amazonaws.com/photos/247947547/medium.jpeg
Insecta,,Bradina diagonalis,22.33887,103.85132,2022-11-06,no,https://www.inaturalist.org/observations/144519767,https://inaturalist-open-data.s3.amazonaws.com/photos/248054988/medium.png
Insecta,,Sewa orbiferata,22.33887,103.85132,2022-11-06,no,https://www.inaturalist.org/observations/144519768,https://inaturalist-open-data.s3.amazonaws.com/photos/248054992/medium.png
Aves,Domestic Swan Goose,Anser cygnoides domesticus,22.30036,103.88632,2022-12-09,no,https://www.inaturalist.org/observations/144522693,https://inaturalist-open-data.s3.amazonaws.com/photos/248059568/medium.jpeg
Aves,Domestic Muscovy Duck,Cairina moschata domestica,22.29627,103.90441,2022-12-09,no,https://www.inaturalist.org/observations/144522694,https://inaturalist-open-data.s3.amazonaws.com/photos/248059598/medium.jpeg
Aves,White Wagtail,Motacilla alba,22.26279,103.96616,2022-12-11,no,https://www.inaturalist.org/observations/144522695,https://inaturalist-open-data.s3.amazonaws.com/photos/248059768/medium.jpeg
Aves,Common Myna,Acridotheres tristis,22.26273,103.96768,2022-12-11,no,https://www.inaturalist.org/observations/144522696,https://inaturalist-open-data.s3.amazonaws.com/photos/248059784/medium.jpeg
Aves,Sooty-headed Bulbul,Pycnonotus aurigaster,22.26371,103.96741,2022-12-11,no,https://www.inaturalist.org/observations/144522697,https://inaturalist-open-data.s3.amazonaws.com/photos/248059827/medium.jpeg
Plantae,Bristletips,Oxyspora paniculata,22.33259,103.83708,2008-11-21,no,https://www.inaturalist.org/observations/145412138,https://inaturalist-open-data.s3.amazonaws.com/photos/249762612/medium.jpeg
Plantae,tropical soda-apple,Solanum viarum,22.33241,103.83544,2008-11-21,no,https://www.inaturalist.org/observations/145509464,https://inaturalist-open-data.s3.amazonaws.com/photos/249952487/medium.jpeg
Plantae,Plantain,Musa × paradisiaca,22.30604,103.87864,2019-10-24,no,https://www.inaturalist.org/observations/145685501,https://inaturalist-open-data.s3.amazonaws.com/photos/250292448/medium.jpeg
Plantae,mock strawberry,Potentilla indica,22.33756,103.83533,2023-01-12,no,https://www.inaturalist.org/observations/146372072,https://inaturalist-open-data.s3.amazonaws.com/photos/251634406/medium.jpg
Insecta,,Odontolabis cuvera salvazae,22.33047,103.84478,2023-03-03,no,https://www.inaturalist.org/observations/150099285,https://inaturalist-open-data.s3.amazonaws.com/photos/258751830/medium.jpeg
Insecta,Red Lacewing Butterfly,Cethosia biblis,22.33124,103.82865,2018-10-06,no,https://www.inaturalist.org/observations/150291777,https://static.inaturalist.org/photos/259120624/medium.jpg
Insecta,Great Mormon,Papilio agenor,22.32767,103.83427,2018-10-06,no,https://www.inaturalist.org/observations/150291869,https://static.inaturalist.org/photos/259120862/medium.jpg
Insecta,Chinese Peacock Swallowtail,Papilio bianor,22.34289,103.85669,2018-10-07,no,https://www.inaturalist.org/observations/150292071,https://static.inaturalist.org/photos/259121273/medium.jpg
Insecta,,Pharsalia antennata,22.33211,103.82624,2018-10-06,no,https://www.inaturalist.org/observations/150329969,https://static.inaturalist.org/photos/259194502/medium.jpg
Aves,Domestic Mallard,Anas platyrhynchos domesticus,22.40062,103.83666,2023-03-05,no,https://www.inaturalist.org/observations/151002894,https://inaturalist-open-data.s3.amazonaws.com/photos/260476330/medium.jpeg
Plantae,,Heptapleurum macrophyllum,22.35586,103.78816,2023-03-06,no,https://www.inaturalist.org/observations/151003947,https://inaturalist-open-data.s3.amazonaws.com/photos/260478779/medium.jpeg
Insecta,Yellow Coster,Telchinia issoria,22.33636,103.84379,2016-08-27,no,https://www.inaturalist.org/observations/151378102,https://inaturalist-open-data.s3.amazonaws.com/photos/261183384/medium.jpg
Insecta,Slender Skimmer,Orthetrum sabina,22.33636,103.84379,2016-08-30,no,https://www.inaturalist.org/observations/151378103,https://inaturalist-open-data.s3.amazonaws.com/photos/261183388/medium.jpg
Plantae,Green penny fern,Lemmaphyllum microphyllum,22.33473,103.84540,2023-03-27,no,https://www.inaturalist.org/observations/152505332,https://inaturalist-open-data.s3.amazonaws.com/photos/263277628/medium.jpg
Insecta,,Rosalia lameerei,22.33485,103.84475,2018-06-01,no,https://www.inaturalist.org/observations/153651658,https://inaturalist-open-data.s3.amazonaws.com/photos/265407975/medium.jpg
Arachnida,Joro Spider,Trichonephila clavata,22.33636,103.84379,2007-12-27,no,https://www.inaturalist.org/observations/154789175,https://inaturalist-open-data.s3.amazonaws.com/photos/267492149/medium.jpeg
Plantae,tropical soda-apple,Solanum viarum,22.33636,103.84379,2007-12-28,no,https://www.inaturalist.org/observations/154789177,https://inaturalist-open-data.s3.amazonaws.com/photos/267492186/medium.jpeg
Plantae,Poinsettia,Euphorbia pulcherrima,22.33636,103.84379,2007-12-28,no,https://www.inaturalist.org/observations/154789180,https://inaturalist-open-data.s3.amazonaws.com/photos/267492239/medium.jpeg
Insecta,Blue Peacock Swallowtail,Papilio arcturus,22.32868,103.82133,2012-04-21,no,https://www.inaturalist.org/observations/155713067,https://static.inaturalist.org/photos/269196724/medium.jpeg
Reptilia,Chinese Green Snake,Ptyas major,22.33518,103.82192,2012-04-14,no,https://www.inaturalist.org/observations/155873388,https://static.inaturalist.org/photos/269479457/medium.jpeg
Insecta,Chinese Nawab,Polyura narcaeus,22.32867,103.83018,2012-04-15,no,https://www.inaturalist.org/observations/155873395,https://static.inaturalist.org/photos/269479498/medium.jpeg
Insecta,,Papilio dialis doddsi,22.32868,103.83016,2012-04-15,no,https://www.inaturalist.org/observations/155873397,https://static.inaturalist.org/photos/269479521/medium.jpeg
Insecta,Tailed Redbreast,Papilio bootes,22.32851,103.83004,2012-04-15,no,https://www.inaturalist.org/observations/155873401,https://static.inaturalist.org/photos/269479564/medium.jpeg
Insecta,Chinese Peacock Swallowtail,Papilio bianor,22.32839,103.82979,2012-04-15,no,https://www.inaturalist.org/observations/155873403,https://static.inaturalist.org/photos/269479582/medium.jpeg
Aves,Barn Swallow,Hirundo rustica,22.29790,103.91081,2023-04-06,no,https://www.inaturalist.org/observations/156239647,https://static.inaturalist.org/photos/270146130/medium.jpg
Aves,White-rumped Munia,Lonchura striata,22.29788,103.91080,2023-04-06,no,https://www.inaturalist.org/observations/156239648,https://static.inaturalist.org/photos/270146179/medium.jpg
Aves,Feral Pigeon,Columba livia domestica,22.30204,103.90150,2023-04-06,no,https://www.inaturalist.org/observations/156239649,https://static.inaturalist.org/photos/270146194/medium.jpg
Aves,Feral Pigeon,Columba livia domestica,22.30201,103.90146,2023-04-06,no,https://www.inaturalist.org/observations/156239656,https://static.inaturalist.org/photos/270146261/medium.jpg
Aves,Barn Swallow,Hirundo rustica,22.29629,103.90639,2023-04-06,no,https://www.inaturalist.org/observations/156239666,https://static.inaturalist.org/photos/270146430/medium.jpg
Insecta,Common Red Skimmer,Orthetrum pruinosum neglectum,22.33014,103.83249,2023-05-03,no,https://www.inaturalist.org/observations/159365238,https://inaturalist-open-data.s3.amazonaws.com/photos/275340449/medium.jpeg
Insecta,Himalayan sergeant,Athyma opalina,22.33223,103.83571,2008-10-10,no,https://www.inaturalist.org/observations/159626025,https://inaturalist-open-data.s3.amazonaws.com/photos/275800195/medium.jpeg
Aves,Domestic Mallard,Anas platyrhynchos domesticus,22.32399,103.84285,2023-05-09,no,https://www.inaturalist.org/observations/160862796,https://inaturalist-open-data.s3.amazonaws.com/photos/278011001/medium.jpeg
Insecta,Large Silverstripe,Argynnis childreni,22.34288,103.85694,2023-05-19,no,https://www.inaturalist.org/observations/162438827,https://static.inaturalist.org/photos/280876975/medium.jpeg
Insecta,,Stichophthalma howqua,22.33014,103.83249,2023-05-15,no,https://www.inaturalist.org/observations/162439874,https://static.inaturalist.org/photos/280878787/medium.jpeg
Insecta,,Delias belladonna belladonna,22.33636,103.84378,2023-05-18,no,https://www.inaturalist.org/observations/163466011,https://static.inaturalist.org/photos/282731650/medium.jpeg
Insecta,Chestnut Tiger,Parantica sita,22.33636,103.84378,2023-05-18,no,https://www.inaturalist.org/observations/163968700,https://static.inaturalist.org/photos/283660916/medium.jpeg
Insecta,Marbled White Moth,Nyctemera adversata,22.33636,103.84378,2023-05-18,no,https://www.inaturalist.org/observations/163968971,https://static.inaturalist.org/photos/283661332/medium.jpeg
Insecta,Common Rose Swallowtail,Pachliopta aristolochiae,22.33183,103.83673,2023-05-15,no,https://www.inaturalist.org/observations/164334654,https://static.inaturalist.org/photos/284324022/medium.jpg
Insecta,Common Rose Swallowtail,Pachliopta aristolochiae,22.33014,103.83249,2023-05-15,no,https://www.inaturalist.org/observations/166191315,https://static.inaturalist.org/photos/287770216/medium.jpeg
Insecta,,Stichophthalma howqua,22.33077,103.83515,2023-06-10,no,https://www.inaturalist.org/observations/166537770,https://inaturalist-open-data.s3.amazonaws.com/photos/288407353/medium.jpeg
Plantae,Golden Angel's Trumpet,Brugmansia aurea,22.33994,103.84502,2023-07-10,no,https://www.inaturalist.org/observations/172132693,https://static.inaturalist.org/photos/314550990/medium.jpeg
Insecta,Chinese Moon Moth,Actias ningpoana,22.29963,103.88801,2023-08-07,no,https://www.inaturalist.org/observations/177152581,https://static.inaturalist.org/photos/308071235/medium.jpeg
Insecta,Scarlet Skimmer,Crocothemis servilia,22.30188,103.90007,2023-08-07,no,https://www.inaturalist.org/observations/177152864,https://static.inaturalist.org/photos/308071541/medium.jpeg
Animalia,Shovel-headed Garden Worm,Bipalium kewense,22.30696,103.89589,2023-08-07,no,https://www.inaturalist.org/observations/177289132,https://static.inaturalist.org/photos/308327833/medium.jpeg
Arachnida,Black-striped Orchard Spider,Leucauge celebesiana,22.30187,103.90005,2023-08-07,no,https://www.inaturalist.org/observations/177290458,https://static.inaturalist.org/photos/308330225/medium.jpeg
Insecta,Asian Widow,Palpopleura sexmaculata,22.30551,103.86366,2023-08-08,no,https://www.inaturalist.org/observations/177329175,https://static.inaturalist.org/photos/308402464/medium.jpeg
Insecta,Scarlet Skimmer,Crocothemis servilia,22.30499,103.88061,2023-08-08,no,https://www.inaturalist.org/observations/177329379,https://static.inaturalist.org/photos/308402779/medium.jpeg
Insecta,Paris Peacock Swallowtail,Papilio paris,22.30494,103.88134,2023-08-08,no,https://www.inaturalist.org/observations/177329640,https://static.inaturalist.org/photos/308403299/medium.jpeg
Insecta,Red Caliph,Enispe euthymius,22.30747,103.87269,2023-08-08,no,https://www.inaturalist.org/observations/177333528,https://static.inaturalist.org/photos/308410422/medium.jpeg
Insecta,Angled Castor,Ariadne ariadne,22.30400,103.88501,2023-08-08,no,https://www.inaturalist.org/observations/177333695,https://static.inaturalist.org/photos/308410706/medium.jpeg
Insecta,Common Evening Brown,Melanitis leda,22.30400,103.88500,2023-08-08,no,https://www.inaturalist.org/observations/177333772,https://static.inaturalist.org/photos/308410885/medium.jpeg
Plantae,Fujian cypress,Fokienia hodginsii,22.32842,103.83282,2023-08-15,no,https://www.inaturalist.org/observations/178658081,https://inaturalist-open-data.s3.amazonaws.com/photos/310921458/medium.jpg
Plantae,tropical soda-apple,Solanum viarum,22.29802,103.90897,2023-08-19,no,https://www.inaturalist.org/observations/179145398,https://inaturalist-open-data.s3.amazonaws.com/photos/311847245/medium.jpeg
Insecta,Rufous-legged Grasshopper,Xenocatantops humilis,22.32477,103.84079,2023-08-26,no,https://www.inaturalist.org/observations/180251284,https://inaturalist-open-data.s3.amazonaws.com/photos/313948786/medium.jpeg
Arachnida,Four-dotted Grass Spider,Burmattus albopunctatus,22.32825,103.83513,2023-08-26,no,https://www.inaturalist.org/observations/180251357,https://inaturalist-open-data.s3.amazonaws.com/photos/313948929/medium.jpeg
Insecta,Slender Skimmer,Orthetrum sabina,22.32848,103.83565,2023-08-26,no,https://www.inaturalist.org/observations/180415801,https://inaturalist-open-data.s3.amazonaws.com/photos/314265889/medium.jpeg
Insecta,Tropical Swallowtail Moth,Lyssa zampa,22.33579,103.84300,2023-08-27,no,https://www.inaturalist.org/observations/180435708,https://inaturalist-open-data.s3.amazonaws.com/photos/314304060/medium.jpeg
Reptilia,Beauty Ratsnake,Elaphe taeniura,22.36640,103.79320,2023-08-29,no,https://www.inaturalist.org/observations/180787743,https://static.inaturalist.org/photos/314979180/medium.jpeg
Reptilia,Namdong Wolf Snake,Lycodon chapaensis,22.36457,103.78316,2023-08-29,no,https://www.inaturalist.org/observations/180788592,https://static.inaturalist.org/photos/314980582/medium.jpeg
Reptilia,Chinese Green Snake,Ptyas major,22.36506,103.80375,2023-08-29,no,https://www.inaturalist.org/observations/180788880,https://static.inaturalist.org/photos/314981039/medium.jpeg
Amphibia,Chapa Frog,Nidirana chapaensis,22.36468,103.79058,2023-08-29,no,https://www.inaturalist.org/observations/180789023,https://static.inaturalist.org/photos/314981339/medium.jpeg
Amphibia,Fea's Flying Tree Frog,Zhangixalus feae,22.36002,103.78685,2023-08-31,no,https://www.inaturalist.org/observations/181013460,https://static.inaturalist.org/photos/315414003/medium.jpeg
Reptilia,Mandarin Ratsnake,Euprepiophis mandarinus,22.32683,103.81409,2023-09-13,no,https://www.inaturalist.org/observations/183071511,https://inaturalist-open-data.s3.amazonaws.com/photos/319327288/medium.jpg
Plantae,pink knotweed,Persicaria capitata,22.33894,103.85831,2023-10-01,no,https://www.inaturalist.org/observations/185710325,https://static.inaturalist.org/photos/324386372/medium.jpg
Plantae,Bristletips,Oxyspora paniculata,22.33873,103.85855,2023-10-01,no,https://www.inaturalist.org/observations/185710354,https://static.inaturalist.org/photos/324386434/medium.jpg
Plantae,,Streptolirion volubile,22.33837,103.85963,2023-10-01,no,https://www.inaturalist.org/observations/185710515,https://static.inaturalist.org/photos/324386706/medium.jpg
Plantae,tropical soda-apple,Solanum viarum,22.33788,103.85993,2023-10-01,no,https://www.inaturalist.org/observations/185710569,https://static.inaturalist.org/photos/324386805/medium.jpg
Plantae,,Begonia labordei,22.32112,103.88653,2023-10-01,no,https://www.inaturalist.org/observations/185710889,https://static.inaturalist.org/photos/324387501/medium.jpg
Plantae,,Henckelia anachoreta,22.31498,103.90205,2023-10-01,no,https://www.inaturalist.org/observations/185711196,https://static.inaturalist.org/photos/324388129/medium.jpg
Plantae,Butterfly ginger lily,Hedychium coronarium,22.30260,103.91425,2023-10-02,no,https://www.inaturalist.org/observations/185910030,https://static.inaturalist.org/photos/324772201/medium.jpg
Plantae,Yellow ginger,Hedychium flavescens,22.30110,103.93066,2023-10-02,no,https://www.inaturalist.org/observations/185910061,https://static.inaturalist.org/photos/324772269/medium.jpg
Plantae,Money Bush,Senna bicapsularis,22.30272,103.93193,2023-10-02,no,https://www.inaturalist.org/observations/185910194,https://static.inaturalist.org/photos/324772465/medium.jpg
Plantae,,Selaginella vaginata,22.30333,103.93268,2023-10-02,no,https://www.inaturalist.org/observations/185910372,https://static.inaturalist.org/photos/324772811/medium.jpg
Plantae,,Burmannia disticha,22.31705,103.93681,2023-10-02,no,https://www.inaturalist.org/observations/185910895,https://static.inaturalist.org/photos/324773975/medium.jpg
Insecta,,Hexarthrius vitalisi vitalisi,22.31791,103.93743,2023-10-02,no,https://www.inaturalist.org/observations/185911057,https://static.inaturalist.org/photos/324774390/medium.jpg
Insecta,,Proretinata floridula,22.31791,103.93743,2023-10-02,no,https://www.inaturalist.org/observations/185911147,https://static.inaturalist.org/photos/324774624/medium.jpg
Plantae,,Alectra avensis,22.31203,103.92986,2023-10-02,no,https://www.inaturalist.org/observations/185911684,https://static.inaturalist.org/photos/324775433/medium.jpg
Plantae,,Swertia nervosa,22.31188,103.91892,2023-10-02,no,https://www.inaturalist.org/observations/185912044,https://static.inaturalist.org/photos/324775987/medium.jpg
Plantae,,Sonerila plagiocardia,22.31589,103.91448,2023-10-02,no,https://www.inaturalist.org/observations/185912823,https://static.inaturalist.org/photos/324777411/medium.jpg
Plantae,,Osbeckia stellata,22.31514,103.91406,2023-10-02,no,https://www.inaturalist.org/observations/185913122,https://static.inaturalist.org/photos/324777970/medium.jpg
Arachnida,,Argiope hinderlichi,22.31547,103.91327,2023-10-02,no,https://www.inaturalist.org/observations/185913213,https://static.inaturalist.org/photos/324778186/medium.jpg
Plantae,Fairy Fern,Odontosoria chinensis,22.31482,103.91184,2023-10-02,no,https://www.inaturalist.org/observations/185913654,https://static.inaturalist.org/photos/324779057/medium.jpg
Insecta,,Phlaeoba antennata,22.31427,103.91065,2023-10-02,no,https://www.inaturalist.org/observations/185913937,https://static.inaturalist.org/photos/324779605/medium.jpg
Fungi,Fan-shaped Jelly Fungus,Dacrymyces spathularia,22.35873,103.82033,2023-10-04,no,https://www.inaturalist.org/observations/186152909,https://static.inaturalist.org/photos/325254422/medium.jpg
Plantae,Nepal Alder,Alnus nepalensis,22.36011,103.81835,2023-10-04,no,https://www.inaturalist.org/observations/186152992,https://static.inaturalist.org/photos/325254477/medium.jpg
Plantae,,Gentiana cephalantha,22.37115,103.81512,2023-10-04,no,https://www.inaturalist.org/observations/186153233,https://static.inaturalist.org/photos/325254865/medium.jpg
Plantae,Creeping Woodsorrel,Oxalis corniculata,22.37399,103.81410,2023-10-04,no,https://www.inaturalist.org/observations/186153258,https://static.inaturalist.org/photos/325254919/medium.jpg
Insecta,Himalayan sergeant,Athyma opalina,22.38958,103.81122,2023-10-04,no,https://www.inaturalist.org/observations/186153361,https://static.inaturalist.org/photos/325255157/medium.jpg
Insecta,,Xenocerus salamandrinus,22.38029,103.80840,2023-10-04,no,https://www.inaturalist.org/observations/186153612,https://static.inaturalist.org/photos/325255462/medium.jpg
Plantae,Nepal Geranium,Geranium nepalense,22.38081,103.80866,2023-10-04,no,https://www.inaturalist.org/observations/186153676,https://static.inaturalist.org/photos/325255567/medium.jpg
Plantae,mock strawberry,Potentilla indica,22.38255,103.80956,2023-10-04,no,https://www.inaturalist.org/observations/186153737,https://static.inaturalist.org/photos/325255588/medium.jpg
Insecta,Scarce Lilacfork,Lethe dura,22.38965,103.81115,2023-10-04,no,https://www.inaturalist.org/observations/186153841,https://static.inaturalist.org/photos/325255674/medium.jpg
Insecta,Scarce Lilacfork,Lethe dura,22.38965,103.81115,2023-10-04,no,https://www.inaturalist.org/observations/186153860,https://static.inaturalist.org/photos/325255706/medium.jpg
Insecta,Large Green Grasshopper,Chondracris rosea,22.27663,103.96600,2023-10-18,no,https://www.inaturalist.org/observations/188124926,https://static.inaturalist.org/photos/329167386/medium.jpg
Insecta,Jade Hawkmoth,Daphnis hypothous,22.27699,103.96575,2023-10-18,no,https://www.inaturalist.org/observations/188124973,https://static.inaturalist.org/photos/329167482/medium.jpg
Insecta,,Creatonotos fasciatus,22.27608,103.96687,2023-10-18,no,https://www.inaturalist.org/observations/188125147,https://static.inaturalist.org/photos/329167692/medium.jpg
Plantae,pink knotweed,Persicaria capitata,22.33507,103.84234,2023-10-19,no,https://www.inaturalist.org/observations/188126577,https://static.inaturalist.org/photos/329170600/medium.jpg
Plantae,Zebra Spiderwort,Tradescantia zebrina,22.30320,103.88735,2023-10-20,no,https://www.inaturalist.org/observations/188234064,https://static.inaturalist.org/photos/329390777/medium.jpg
Plantae,Bristletips,Oxyspora paniculata,22.30419,103.88252,2023-10-20,no,https://www.inaturalist.org/observations/188234081,https://static.inaturalist.org/photos/329390829/medium.jpg
Plantae,Oriental Blechnum,Blechnum orientale,22.27685,103.96579,2023-10-20,no,https://www.inaturalist.org/observations/188235863,https://static.inaturalist.org/photos/329395391/medium.jpg
Insecta,Tropical Fritillary,Argynnis hyperbius,22.27667,103.96533,2023-10-18,no,https://www.inaturalist.org/observations/188489068,https://static.inaturalist.org/photos/329896929/medium.jpg
Insecta,Saddlebag Glider,Tramea virginia,22.27655,103.96579,2023-10-18,no,https://www.inaturalist.org/observations/188489070,https://static.inaturalist.org/photos/329896927/medium.jpg
Insecta,Scarlet Skimmer,Crocothemis servilia,22.27658,103.96625,2023-10-18,no,https://www.inaturalist.org/observations/188489072,https://static.inaturalist.org/photos/329896945/medium.jpg
Insecta,Common Owl Moth,Erebus macrops,22.27971,103.96428,2023-10-18,no,https://www.inaturalist.org/observations/188489080,https://static.inaturalist.org/photos/329897123/medium.jpg
Insecta,Great Eggfly,Hypolimnas bolina,22.27990,103.96351,2023-10-18,no,https://www.inaturalist.org/observations/188489081,https://static.inaturalist.org/photos/329897180/medium.jpg
Insecta,,Ambulyx ochracea,22.27590,103.96777,2023-10-18,no,https://www.inaturalist.org/observations/188489100,https://static.inaturalist.org/photos/329897981/medium.jpg
Insecta,Pink Lymantria Moth,Lymantria mathura,22.27585,103.96785,2023-10-18,no,https://www.inaturalist.org/observations/188489108,https://static.inaturalist.org/photos/329898088/medium.jpg
Insecta,,Ampelophaga rubiginosa,22.27585,103.96785,2023-10-18,no,https://www.inaturalist.org/observations/188489113,https://static.inaturalist.org/photos/329898115/medium.jpg
Insecta,,Condate purpurea,22.27585,103.96785,2023-10-18,no,https://www.inaturalist.org/observations/188489125,https://static.inaturalist.org/photos/329898343/medium.jpg
Insecta,Red slug caterpillar,Eterusia aedea,22.27620,103.96704,2023-10-18,no,https://www.inaturalist.org/observations/188489130,https://static.inaturalist.org/photos/329898352/medium.jpg
Insecta,Common Owl Moth,Erebus macrops,22.27659,103.96564,2023-10-19,no,https://www.inaturalist.org/observations/188489144,https://static.inaturalist.org/photos/329898624/medium.jpg
Aves,Long-tailed Shrike,Lanius schach,22.27624,103.96629,2023-10-19,no,https://www.inaturalist.org/observations/188489151,https://static.inaturalist.org/photos/329898692/medium.jpg
Aves,Eastern Buzzard,Buteo japonicus,22.33513,103.84214,2023-10-19,no,https://www.inaturalist.org/observations/188489163,https://static.inaturalist.org/photos/329898833/medium.jpg
Insecta,Black-tailed Marsh Dart,Ceriagrion fallax,22.27962,103.96293,2023-10-19,no,https://www.inaturalist.org/observations/188489171,https://static.inaturalist.org/photos/329899115/medium.jpg
Insecta,Tropical Swallowtail Moth,Lyssa zampa,22.27957,103.96285,2023-10-19,no,https://www.inaturalist.org/observations/188489174,https://static.inaturalist.org/photos/329899265/medium.jpg
Insecta,,Dercas verhuelli verhuelli,22.27964,103.96297,2023-10-19,no,https://www.inaturalist.org/observations/188489175,https://static.inaturalist.org/photos/329899248/medium.jpg
Insecta,,Aglaomorpha plagiata,22.27588,103.96770,2023-10-19,no,https://www.inaturalist.org/observations/188489178,https://static.inaturalist.org/photos/329899228/medium.jpg
Aves,White Wagtail,Motacilla alba,22.30184,103.89063,2023-10-20,no,https://www.inaturalist.org/observations/188489182,https://static.inaturalist.org/photos/329899465/medium.jpg
Insecta,Red Lacewing Butterfly,Cethosia biblis,22.30148,103.89152,2023-10-20,no,https://www.inaturalist.org/observations/188489183,https://static.inaturalist.org/photos/329899559/medium.jpg
Insecta,Common Mormon Swallowtail,Papilio polytes,22.29991,103.89464,2023-10-20,no,https://www.inaturalist.org/observations/188489186,https://static.inaturalist.org/photos/329899615/medium.jpg
Insecta,Crimson-tailed Marsh Hawk,Orthetrum pruinosum,22.29942,103.89579,2023-10-20,no,https://www.inaturalist.org/observations/188489187,https://static.inaturalist.org/photos/329899633/medium.jpg
Aves,Olive-backed Pipit,Anthus hodgsoni,22.27626,103.96670,2023-10-21,no,https://www.inaturalist.org/observations/188489222,https://static.inaturalist.org/photos/329903360/medium.jpg
Aves,Common Tailorbird,Orthotomus sutorius,22.27626,103.96670,2023-10-21,no,https://www.inaturalist.org/observations/188489224,https://static.inaturalist.org/photos/329903543/medium.jpg
Aves,Asian Brown Flycatcher,Muscicapa dauurica,22.27626,103.96670,2023-10-21,no,https://www.inaturalist.org/observations/188489225,https://static.inaturalist.org/photos/329903528/medium.jpg
Aves,Grey-headed Canary-Flycatcher,Culicicapa ceylonensis,22.27626,103.96670,2023-10-21,no,https://www.inaturalist.org/observations/188489226,https://static.inaturalist.org/photos/329903581/medium.jpg
Arachnida,Joro Spider,Trichonephila clavata,22.33222,103.84805,2023-11-04,no,https://www.inaturalist.org/observations/189932814,https://inaturalist-open-data.s3.amazonaws.com/photos/332842978/medium.jpeg
Insecta,Red Lacewing Butterfly,Cethosia biblis,22.29321,103.90196,2023-11-05,no,https://www.inaturalist.org/observations/190146727,https://inaturalist-open-data.s3.amazonaws.com/photos/333266658/medium.jpeg
Insecta,Crimson-tailed Marsh Hawk,Orthetrum pruinosum,22.29777,103.89331,2023-11-05,no,https://www.inaturalist.org/observations/190176084,https://static.inaturalist.org/photos/333304350/medium.jpeg
Arachnida,Adanson's House Jumper,Hasarius adansoni,22.29768,103.89334,2023-11-07,no,https://www.inaturalist.org/observations/190307527,https://static.inaturalist.org/photos/333579783/medium.jpeg
Insecta,Great Mormon,Papilio agenor,22.30396,103.88489,2023-11-08,no,https://www.inaturalist.org/observations/190392660,https://static.inaturalist.org/photos/333749612/medium.jpeg
Insecta,Red Lacewing Butterfly,Cethosia biblis,22.31526,103.84960,2023-11-10,no,https://www.inaturalist.org/observations/190563172,https://inaturalist-open-data.s3.amazonaws.com/photos/334098771/medium.jpeg
Insecta,Marbled White Moth,Nyctemera adversata,22.27314,103.97414,2023-11-25,no,https://www.inaturalist.org/observations/192632051,https://inaturalist-open-data.s3.amazonaws.com/photos/338208669/medium.jpg
Insecta,Malaysian Moon Moth,Actias maenas,22.31890,103.85275,2023-11-23,no,https://www.inaturalist.org/observations/192632401,https://inaturalist-open-data.s3.amazonaws.com/photos/338209173/medium.jpg
Insecta,Clara's Swallowtailed Moth,Ourapteryx clara,22.32209,103.85182,2023-11-23,no,https://www.inaturalist.org/observations/192632413,https://inaturalist-open-data.s3.amazonaws.com/photos/338209191/medium.jpg
Insecta,Painted Jezebel,Delias hyparete,22.25848,103.97331,2023-11-25,no,https://www.inaturalist.org/observations/192632920,https://inaturalist-open-data.s3.amazonaws.com/photos/338209922/medium.jpg
Insecta,Great Nawab,Polyura eudamippus,22.32201,103.83473,2008-04-22,no,https://www.inaturalist.org/observations/192865301,https://inaturalist-open-data.s3.amazonaws.com/photos/338672342/medium.jpg
Arachnida,Joro Spider,Trichonephila clavata,22.31820,103.84625,2023-12-28,no,https://www.inaturalist.org/observations/195138844,https://inaturalist-open-data.s3.amazonaws.com/photos/343215968/medium.jpeg
Plantae,redflower ragleaf,Crassocephalum crepidioides,22.32805,103.84608,2023-12-28,no,https://www.inaturalist.org/observations/195138919,https://inaturalist-open-data.s3.amazonaws.com/photos/343216165/medium.jpeg
Insecta,Great Mormon,Papilio agenor,22.32505,103.84325,2023-12-28,no,https://www.inaturalist.org/observations/195141422,https://inaturalist-open-data.s3.amazonaws.com/photos/343221787/medium.jpg
Insecta,,Taeniodera miksiciana,22.33600,103.84353,2013-05-04,no,https://www.inaturalist.org/observations/195207503,https://inaturalist-open-data.s3.amazonaws.com/photos/343350181/medium.jpeg
Insecta,Crimson-tailed Marsh Hawk,Orthetrum pruinosum,22.33624,103.84344,2013-05-04,no,https://www.inaturalist.org/observations/195207505,https://inaturalist-open-data.s3.amazonaws.com/photos/343350387/medium.jpeg
Plantae,Drooping Pricklypear,Opuntia monacantha,22.33743,103.84353,2013-05-04,no,https://www.inaturalist.org/observations/195207508,https://inaturalist-open-data.s3.amazonaws.com/photos/343350860/medium.jpeg
Insecta,Tropical Fritillary,Argynnis hyperbius,22.33751,103.84344,2013-05-04,no,https://www.inaturalist.org/observations/195207512,https://inaturalist-open-data.s3.amazonaws.com/photos/343351137/medium.jpeg
Plantae,tropical soda-apple,Solanum viarum,22.33878,103.84344,2013-05-04,no,https://www.inaturalist.org/observations/195207517,https://inaturalist-open-data.s3.amazonaws.com/photos/343351353/medium.jpeg
Plantae,pink knotweed,Persicaria capitata,22.33485,103.84592,2023-12-27,no,https://www.inaturalist.org/observations/195217125,https://static.inaturalist.org/photos/343373196/medium.jpg
Plantae,nipplefruit,Solanum mammosum,22.30945,103.90747,2023-12-30,no,https://www.inaturalist.org/observations/195257783,https://inaturalist-open-data.s3.amazonaws.com/photos/343458684/medium.jpeg
Plantae,Chayote,Sicyos edulis,22.31896,103.89664,2023-12-30,no,https://www.inaturalist.org/observations/195257824,https://inaturalist-open-data.s3.amazonaws.com/photos/343458713/medium.jpeg
Plantae,Chayote,Sicyos edulis,22.33636,103.84379,2013-05-04,no,https://www.inaturalist.org/observations/195305749,https://inaturalist-open-data.s3.amazonaws.com/photos/343549130/medium.jpeg
Insecta,,Lemyra stigmata,22.33743,103.84344,2013-05-04,no,https://www.inaturalist.org/observations/195305765,https://inaturalist-open-data.s3.amazonaws.com/photos/343549370/medium.jpeg
Insecta,Tropical Swallowtail Moth,Lyssa zampa,22.33807,103.84293,2013-05-04,no,https://www.inaturalist.org/observations/195305769,https://inaturalist-open-data.s3.amazonaws.com/photos/343549438/medium.jpeg
Insecta,,Asota plana,22.33815,103.84318,2013-05-04,no,https://www.inaturalist.org/observations/195305773,https://inaturalist-open-data.s3.amazonaws.com/photos/343549436/medium.jpeg
Insecta,,Asota plaginota,22.33743,103.84344,2013-05-05,no,https://www.inaturalist.org/observations/195305776,https://inaturalist-open-data.s3.amazonaws.com/photos/343549541/medium.jpeg
Insecta,,Archaeoattacus vietnamensis,22.33680,103.84284,2013-05-04,no,https://www.inaturalist.org/observations/195305792,https://inaturalist-open-data.s3.amazonaws.com/photos/343549780/medium.jpeg
Plantae,bluemink,Ageratum houstonianum,22.33055,103.84526,2024-01-03,no,https://www.inaturalist.org/observations/195635507,https://inaturalist-open-data.s3.amazonaws.com/photos/344225728/medium.jpeg
Insecta,Great Mormon,Papilio agenor,22.31372,103.85755,2024-01-03,no,https://www.inaturalist.org/observations/195708065,https://inaturalist-open-data.s3.amazonaws.com/photos/344370690/medium.jpeg
Fungi,Fan-shaped Jelly Fungus,Dacrymyces spathularia,22.32664,103.83471,2024-01-04,no,https://www.inaturalist.org/observations/195763095,https://inaturalist-open-data.s3.amazonaws.com/photos/344482828/medium.jpeg
Plantae,tropical soda-apple,Solanum viarum,22.26631,103.96313,2024-01-12,no,https://www.inaturalist.org/observations/196416084,https://inaturalist-open-data.s3.amazonaws.com/photos/345801025/medium.jpeg
Plantae,redflower ragleaf,Crassocephalum crepidioides,22.33037,103.84470,2024-01-13,no,https://www.inaturalist.org/observations/196721661,https://inaturalist-open-data.s3.amazonaws.com/photos/346291794/medium.jpeg
Aves,Barn Swallow,Hirundo rustica,22.37079,103.85030,2023-03-20,no,https://www.inaturalist.org/observations/197211729,https://inaturalist-open-data.s3.amazonaws.com/photos/347285260/medium.jpg
Insecta,Circe,Hestinalis nama,22.26407,103.96449,2024-01-05,no,https://www.inaturalist.org/observations/198117998,https://inaturalist-open-data.s3.amazonaws.com/photos/349114741/medium.jpeg
Insecta,Large Green Grasshopper,Chondracris rosea,22.26177,103.96657,2024-01-05,no,https://www.inaturalist.org/observations/198118098,https://inaturalist-open-data.s3.amazonaws.com/photos/349115075/medium.jpeg
Arachnida,Spiny Orb-Weaver Spider,Gasteracantha diadesmia,22.26177,103.96657,2024-01-05,no,https://www.inaturalist.org/observations/198118188,https://inaturalist-open-data.s3.amazonaws.com/photos/349115274/medium.jpeg
Arachnida,Black-and-white Spiny Spider,Gasteracantha kuhli,22.26177,103.96657,2024-01-05,no,https://www.inaturalist.org/observations/198118327,https://inaturalist-open-data.s3.amazonaws.com/photos/349115443/medium.jpeg
Insecta,Tropical Tiger Moth,Asota caricae,22.26177,103.96657,2024-01-08,no,https://www.inaturalist.org/observations/198253046,https://inaturalist-open-data.s3.amazonaws.com/photos/349383120/medium.jpeg
Insecta,Staff Sergeant,Athyma selenophora,22.26177,103.96657,2024-01-08,no,https://www.inaturalist.org/observations/198254555,https://inaturalist-open-data.s3.amazonaws.com/photos/349386123/medium.jpeg
Plantae,pink knotweed,Persicaria capitata,22.32849,103.84597,2024-01-17,no,https://www.inaturalist.org/observations/198393793,https://inaturalist-open-data.s3.amazonaws.com/photos/349656330/medium.jpeg
Plantae,Ladder brake,Pteris vittata,22.32849,103.84597,2024-01-17,no,https://www.inaturalist.org/observations/198393798,https://inaturalist-open-data.s3.amazonaws.com/photos/349656410/medium.jpeg
Mollusca,Asian Tramp Snail,Bradybaena similaris,22.32849,103.84597,2024-01-17,no,https://www.inaturalist.org/observations/198393799,https://inaturalist-open-data.s3.amazonaws.com/photos/349656438/medium.jpeg
Mollusca,Asian Tramp Snail,Bradybaena similaris,22.32849,103.84597,2024-01-17,no,https://www.inaturalist.org/observations/198393805,https://inaturalist-open-data.s3.amazonaws.com/photos/349656452/medium.jpeg
Plantae,pink knotweed,Persicaria capitata,22.32849,103.84597,2024-01-17,no,https://www.inaturalist.org/observations/198393807,https://inaturalist-open-data.s3.amazonaws.com/photos/349656462/medium.jpeg
Plantae,Purple Justicia,Justicia procumbens,22.32849,103.84597,2024-01-17,no,https://www.inaturalist.org/observations/198393809,https://inaturalist-open-data.s3.amazonaws.com/photos/349656472/medium.jpeg
Mollusca,Asian Tramp Snail,Bradybaena similaris,22.32849,103.84597,2024-01-17,no,https://www.inaturalist.org/observations/198393810,https://inaturalist-open-data.s3.amazonaws.com/photos/349656479/medium.jpeg
Mollusca,Asian Tramp Snail,Bradybaena similaris,22.32849,103.84597,2024-01-17,no,https://www.inaturalist.org/observations/198393826,https://inaturalist-open-data.s3.amazonaws.com/photos/349656543/medium.jpeg
Mollusca,Asian Tramp Snail,Bradybaena similaris,22.32849,103.84597,2024-01-17,no,https://www.inaturalist.org/observations/198393852,https://inaturalist-open-data.s3.amazonaws.com/photos/349656599/medium.jpeg
Plantae,tropical soda-apple,Solanum viarum,22.32849,103.84597,2024-01-17,no,https://www.inaturalist.org/observations/198393857,https://inaturalist-open-data.s3.amazonaws.com/photos/349656612/medium.jpeg
Insecta,,Cressona rufa,22.32849,103.84597,2024-01-17,no,https://www.inaturalist.org/observations/198393858,https://inaturalist-open-data.s3.amazonaws.com/photos/349656617/medium.jpeg
Insecta,,Micromus linearis,22.32849,103.84597,2024-01-17,no,https://www.inaturalist.org/observations/198393862,https://inaturalist-open-data.s3.amazonaws.com/photos/349656630/medium.jpeg
Insecta,,Eparchus insignis,22.32849,103.84597,2024-01-17,no,https://www.inaturalist.org/observations/198393871,https://inaturalist-open-data.s3.amazonaws.com/photos/349656671/medium.jpeg
Insecta,,Tetramorium wroughtonii,22.32849,103.84597,2024-01-17,no,https://www.inaturalist.org/observations/198393876,https://inaturalist-open-data.s3.amazonaws.com/photos/349656694/medium.jpeg
Arachnida,Black-striped Orchard Spider,Leucauge celebesiana,22.32849,103.84597,2024-01-17,no,https://www.inaturalist.org/observations/198393933,https://inaturalist-open-data.s3.amazonaws.com/photos/349656892/medium.jpeg
Animalia,Snake-headed Flatworm,Rhynchodemus sylvaticus,22.32849,103.84597,2024-01-17,no,https://www.inaturalist.org/observations/198393950,https://inaturalist-open-data.s3.amazonaws.com/photos/349656934/medium.jpeg
Plantae,pink knotweed,Persicaria capitata,22.32849,103.84597,2024-01-17,no,https://www.inaturalist.org/observations/198393955,https://inaturalist-open-data.s3.amazonaws.com/photos/349656939/medium.jpeg
Plantae,,Osbeckia stellata,22.33285,103.85701,2024-02-04,no,https://www.inaturalist.org/observations/198472574,https://static.inaturalist.org/photos/349826137/medium.jpeg
Insecta,Red-based Jezebel,Delias pasithoe,22.26894,103.95779,2024-02-05,no,https://www.inaturalist.org/observations/198472611,https://static.inaturalist.org/photos/349826520/medium.jpeg
Insecta,Common Sergeant,Athyma perius,22.26761,103.96018,2024-02-05,no,https://www.inaturalist.org/observations/198472640,https://static.inaturalist.org/photos/349826330/medium.jpeg
Insecta,Short-winged Rice Grasshopper,Pseudoxya diminuta,22.34280,103.85050,2024-01-18,no,https://www.inaturalist.org/observations/198653687,https://inaturalist-open-data.s3.amazonaws.com/photos/350170161/medium.jpeg
Plantae,Largeflower pink-sorrel,Oxalis debilis,22.39058,103.83887,2024-01-18,no,https://www.inaturalist.org/observations/198653743,https://inaturalist-open-data.s3.amazonaws.com/photos/350170489/medium.jpeg
Insecta,Short-winged Rice Grasshopper,Pseudoxya diminuta,22.39058,103.83887,2024-01-18,no,https://www.inaturalist.org/observations/198653746,https://inaturalist-open-data.s3.amazonaws.com/photos/350170514/medium.jpeg
Plantae,Creeping Woodsorrel,Oxalis corniculata,22.39058,103.83887,2024-01-18,no,https://www.inaturalist.org/observations/198653747,https://inaturalist-open-data.s3.amazonaws.com/photos/350170548/medium.jpeg
Insecta,,Xenocatantops brachycerus,22.39058,103.83887,2024-01-18,no,https://www.inaturalist.org/observations/198653752,https://inaturalist-open-data.s3.amazonaws.com/photos/350170597/medium.jpeg
Plantae,Largeflower pink-sorrel,Oxalis debilis,22.39058,103.83887,2024-01-18,no,https://www.inaturalist.org/observations/198653756,https://inaturalist-open-data.s3.amazonaws.com/photos/350170621/medium.jpeg
Plantae,Green penny fern,Lemmaphyllum microphyllum,22.39304,103.83783,2024-01-18,no,https://www.inaturalist.org/observations/198653758,https://inaturalist-open-data.s3.amazonaws.com/photos/350170663/medium.jpeg
Plantae,,Primula chapaensis,22.39304,103.83783,2024-01-18,no,https://www.inaturalist.org/observations/198653767,https://inaturalist-open-data.s3.amazonaws.com/photos/350170708/medium.jpeg
Plantae,Palmgrass,Setaria palmifolia,22.39543,103.84110,2024-01-18,no,https://www.inaturalist.org/observations/198653773,https://inaturalist-open-data.s3.amazonaws.com/photos/350170770/medium.jpeg
Plantae,tropical soda-apple,Solanum viarum,22.39543,103.84110,2024-01-18,no,https://www.inaturalist.org/observations/198653774,https://inaturalist-open-data.s3.amazonaws.com/photos/350170786/medium.jpeg
Plantae,Fujian cypress,Fokienia hodginsii,22.39543,103.84110,2024-01-18,no,https://www.inaturalist.org/observations/198653779,https://inaturalist-open-data.s3.amazonaws.com/photos/350170788/medium.jpeg
Plantae,pink knotweed,Persicaria capitata,22.33057,103.84470,2024-01-18,no,https://www.inaturalist.org/observations/198653789,https://inaturalist-open-data.s3.amazonaws.com/photos/350170855/medium.jpeg
Arachnida,Black-striped Orchard Spider,Leucauge celebesiana,22.33057,103.84470,2024-01-18,no,https://www.inaturalist.org/observations/198653792,https://inaturalist-open-data.s3.amazonaws.com/photos/350170864/medium.jpeg
Aves,Little Heron,Butorides atricapilla,22.33802,103.84595,2024-01-18,no,https://www.inaturalist.org/observations/198653801,https://inaturalist-open-data.s3.amazonaws.com/photos/350170908/medium.jpeg
Aves,Chinese Pond-Heron,Ardeola bacchus,22.33803,103.84602,2024-01-18,no,https://www.inaturalist.org/observations/198653802,https://inaturalist-open-data.s3.amazonaws.com/photos/350170922/medium.jpeg
Aves,Chinese Pond-Heron,Ardeola bacchus,22.33836,103.84732,2024-01-18,no,https://www.inaturalist.org/observations/198653804,https://inaturalist-open-data.s3.amazonaws.com/photos/350170931/medium.jpeg
Aves,Chinese Pond-Heron,Ardeola bacchus,22.33837,103.84732,2024-01-18,no,https://www.inaturalist.org/observations/198653806,https://inaturalist-open-data.s3.amazonaws.com/photos/350170938/medium.jpeg
Aves,White-rumped Munia,Lonchura striata,22.34301,103.85175,2024-01-18,no,https://www.inaturalist.org/observations/198653813,https://inaturalist-open-data.s3.amazonaws.com/photos/350170965/medium.jpeg
Aves,,Falco tinnunculus interstinctus,22.38268,103.83917,2024-01-18,no,https://www.inaturalist.org/observations/198653851,https://inaturalist-open-data.s3.amazonaws.com/photos/350171190/medium.jpeg
Aves,Hill Prinia,Prinia superciliaris,22.38715,103.83717,2024-01-18,no,https://www.inaturalist.org/observations/198653854,https://inaturalist-open-data.s3.amazonaws.com/photos/350171229/medium.jpeg
Plantae,China-fir,Cunninghamia lanceolata,22.39060,103.83883,2024-01-18,no,https://www.inaturalist.org/observations/198653855,https://inaturalist-open-data.s3.amazonaws.com/photos/350171247/medium.jpeg
Aves,Grey Bushchat,Saxicola ferreus,22.39060,103.83883,2024-01-18,no,https://www.inaturalist.org/observations/198653859,https://inaturalist-open-data.s3.amazonaws.com/photos/350171278/medium.jpeg
Insecta,Bombay Locust,Patanga succincta,22.39060,103.83883,2024-01-18,no,https://www.inaturalist.org/observations/198653860,https://inaturalist-open-data.s3.amazonaws.com/photos/350171299/medium.jpeg
Insecta,Common Drone Fly,Eristalis tenax,22.39483,103.84016,2024-01-18,no,https://www.inaturalist.org/observations/198653862,https://inaturalist-open-data.s3.amazonaws.com/photos/350171311/medium.jpeg
Insecta,Tropical Fritillary,Argynnis hyperbius,22.39483,103.84016,2024-01-18,no,https://www.inaturalist.org/observations/198653865,https://inaturalist-open-data.s3.amazonaws.com/photos/350171335/medium.jpeg
Plantae,night bells,Brugmansia suaveolens,22.39483,103.84016,2024-01-18,no,https://www.inaturalist.org/observations/198653866,https://inaturalist-open-data.s3.amazonaws.com/photos/350171352/medium.jpeg
Insecta,,Vatana ogromna,22.32861,103.84583,2024-01-18,no,https://www.inaturalist.org/observations/198653893,https://inaturalist-open-data.s3.amazonaws.com/photos/350171442/medium.jpeg
Insecta,Indian Cotton Stainer,Dysdercus cingulatus,22.32861,103.84583,2024-01-18,no,https://www.inaturalist.org/observations/198653909,https://inaturalist-open-data.s3.amazonaws.com/photos/350171506/medium.jpeg
Insecta,Small White,Pieris rapae,22.32861,103.84583,2024-01-18,no,https://www.inaturalist.org/observations/198653912,https://inaturalist-open-data.s3.amazonaws.com/photos/350171522/medium.jpeg
Mollusca,Yellow Cellar Slug,Limacus flavus,22.32861,103.84583,2024-01-18,no,https://www.inaturalist.org/observations/198653943,https://inaturalist-open-data.s3.amazonaws.com/photos/350171755/medium.jpeg
Aves,Eurasian Tree Sparrow,Passer montanus,22.36133,103.79785,2024-01-19,no,https://www.inaturalist.org/observations/198719632,https://inaturalist-open-data.s3.amazonaws.com/photos/350307325/medium.jpeg
Aves,Eurasian Tree Sparrow,Passer montanus,22.36133,103.79785,2024-01-19,no,https://www.inaturalist.org/observations/198719633,https://inaturalist-open-data.s3.amazonaws.com/photos/350307336/medium.jpeg
Aves,Eurasian Tree Sparrow,Passer montanus,22.36133,103.79785,2024-01-19,no,https://www.inaturalist.org/observations/198719634,https://inaturalist-open-data.s3.amazonaws.com/photos/350307346/medium.jpeg
Aves,Eurasian Tree Sparrow,Passer montanus,22.36133,103.79785,2024-01-19,no,https://www.inaturalist.org/observations/198719635,https://inaturalist-open-data.s3.amazonaws.com/photos/350307328/medium.jpeg
Aves,White Wagtail,Motacilla alba,22.35574,103.79624,2024-01-19,no,https://www.inaturalist.org/observations/198719637,https://inaturalist-open-data.s3.amazonaws.com/photos/350307362/medium.jpeg
Aves,Hodgson's White Wagtail,Motacilla alba alboides,22.35574,103.79624,2024-01-19,no,https://www.inaturalist.org/observations/198719638,https://inaturalist-open-data.s3.amazonaws.com/photos/350307355/medium.jpeg
Aves,Oriental Magpie-Robin,Copsychus saularis,22.35169,103.80416,2024-01-19,no,https://www.inaturalist.org/observations/198719641,https://inaturalist-open-data.s3.amazonaws.com/photos/350307394/medium.jpeg
Insecta,Blue Admiral,Kaniska canace,22.35169,103.80416,2024-01-19,no,https://www.inaturalist.org/observations/198719642,https://inaturalist-open-data.s3.amazonaws.com/photos/350307453/medium.jpeg
Aves,Domestic Mallard,Anas platyrhynchos domesticus,22.34439,103.80985,2024-01-19,no,https://www.inaturalist.org/observations/198719644,https://inaturalist-open-data.s3.amazonaws.com/photos/350307461/medium.jpeg
Insecta,Cabbage White,Pieris canidia canidia,22.34439,103.80985,2024-01-19,no,https://www.inaturalist.org/observations/198719647,https://inaturalist-open-data.s3.amazonaws.com/photos/350307479/medium.jpeg
Aves,Domestic Mallard,Anas platyrhynchos domesticus,22.34439,103.80985,2024-01-19,no,https://www.inaturalist.org/observations/198719648,https://inaturalist-open-data.s3.amazonaws.com/photos/350307464/medium.jpeg
Aves,Feral Pigeon,Columba livia domestica,22.34439,103.80985,2024-01-19,no,https://www.inaturalist.org/observations/198719652,https://inaturalist-open-data.s3.amazonaws.com/photos/350307494/medium.jpeg
Insecta,Short-winged Rice Grasshopper,Pseudoxya diminuta,22.35605,103.79600,2024-01-19,no,https://www.inaturalist.org/observations/198719757,https://inaturalist-open-data.s3.amazonaws.com/photos/350307888/medium.jpeg
Insecta,Asian Honey Bee,Apis cerana,22.35605,103.79600,2024-01-19,no,https://www.inaturalist.org/observations/198719790,https://inaturalist-open-data.s3.amazonaws.com/photos/350307917/medium.jpeg
Insecta,Asian Honey Bee,Apis cerana,22.34790,103.80672,2024-01-19,no,https://www.inaturalist.org/observations/198719797,https://inaturalist-open-data.s3.amazonaws.com/photos/350307970/medium.jpeg
Plantae,Cannabis,Cannabis sativa,22.34790,103.80672,2024-01-19,no,https://www.inaturalist.org/observations/198719799,https://inaturalist-open-data.s3.amazonaws.com/photos/350307974/medium.jpeg
Plantae,Plantain,Musa × paradisiaca,22.34790,103.80672,2024-01-19,no,https://www.inaturalist.org/observations/198719800,https://inaturalist-open-data.s3.amazonaws.com/photos/350307987/medium.jpeg
Insecta,Mung Bean Moth,Maruca vitrata,22.32944,103.84547,2024-01-19,no,https://www.inaturalist.org/observations/198719803,https://inaturalist-open-data.s3.amazonaws.com/photos/350308010/medium.jpeg
Insecta,Small White,Pieris rapae,22.32944,103.84547,2024-01-19,no,https://www.inaturalist.org/observations/198719807,https://inaturalist-open-data.s3.amazonaws.com/photos/350308020/medium.jpeg
Aves,Eurasian Tree Sparrow,Passer montanus,22.32922,103.84547,2024-01-20,no,https://www.inaturalist.org/observations/198722402,https://inaturalist-open-data.s3.amazonaws.com/photos/350316814/medium.jpeg
Actinopterygii,Amur Carp,Cyprinus rubrofuscus,22.33794,103.84511,2024-01-20,no,https://www.inaturalist.org/observations/198722407,https://inaturalist-open-data.s3.amazonaws.com/photos/350316876/medium.jpeg
Aves,Chinese Pond-Heron,Ardeola bacchus,22.33841,103.84632,2024-01-20,no,https://www.inaturalist.org/observations/198722409,https://inaturalist-open-data.s3.amazonaws.com/photos/350316881/medium.jpeg
Aves,Chinese Pond-Heron,Ardeola bacchus,22.33841,103.84632,2024-01-20,no,https://www.inaturalist.org/observations/198722410,https://inaturalist-open-data.s3.amazonaws.com/photos/350316897/medium.jpeg
Aves,White Wagtail,Motacilla alba,22.33816,103.84825,2024-01-20,no,https://www.inaturalist.org/observations/198722411,https://inaturalist-open-data.s3.amazonaws.com/photos/350316898/medium.jpeg
Aves,White Wagtail,Motacilla alba,22.33817,103.84770,2024-01-20,no,https://www.inaturalist.org/observations/198722412,https://inaturalist-open-data.s3.amazonaws.com/photos/350316926/medium.jpeg
Aves,Chinese Pond-Heron,Ardeola bacchus,22.33798,103.84604,2024-01-20,no,https://www.inaturalist.org/observations/198722413,https://inaturalist-open-data.s3.amazonaws.com/photos/350316934/medium.jpeg
Insecta,Marmalade Hover Fly,Episyrphus balteatus,22.34005,103.84856,2024-01-20,no,https://www.inaturalist.org/observations/198722420,https://inaturalist-open-data.s3.amazonaws.com/photos/350317001/medium.jpeg
Insecta,Marmalade Hover Fly,Episyrphus balteatus,22.34005,103.84856,2024-01-20,no,https://www.inaturalist.org/observations/198722423,https://inaturalist-open-data.s3.amazonaws.com/photos/350317029/medium.jpeg
Plantae,Cannabis,Cannabis sativa,22.30726,103.87938,2024-02-10,no,https://www.inaturalist.org/observations/198879491,https://inaturalist-open-data.s3.amazonaws.com/photos/350620870/medium.jpg
Reptilia,,Takydromus kuehnei vietnamensis,22.30210,103.88765,2024-02-20,no,https://www.inaturalist.org/observations/200173910,https://static.inaturalist.org/photos/353119411/medium.jpg
Aves,Grey Bushchat,Saxicola ferreus,22.33636,103.84378,2024-02-25,no,https://www.inaturalist.org/observations/200379646,https://inaturalist-open-data.s3.amazonaws.com/photos/353522496/medium.jpeg
Aves,Domestic Swan Goose,Anser cygnoides domesticus,22.33636,103.84378,2024-02-25,no,https://www.inaturalist.org/observations/200498539,https://inaturalist-open-data.s3.amazonaws.com/photos/353758493/medium.jpeg
Aves,Grey Bushchat,Saxicola ferreus,22.30697,103.88716,2024-02-26,no,https://www.inaturalist.org/observations/200498611,https://inaturalist-open-data.s3.amazonaws.com/photos/353790487/medium.jpeg
Aves,Eastern Cattle-Egret,Ardea coromanda,22.29603,103.89790,2024-02-26,no,https://www.inaturalist.org/observations/200498810,https://inaturalist-open-data.s3.amazonaws.com/photos/353759209/medium.jpeg
Aves,White Wagtail,Motacilla alba,22.30479,103.89097,2024-02-26,no,https://www.inaturalist.org/observations/200499817,https://inaturalist-open-data.s3.amazonaws.com/photos/353760994/medium.jpeg
Insecta,Paris Peacock Swallowtail,Papilio paris,22.26177,103.96657,2024-01-06,no,https://www.inaturalist.org/observations/200586313,https://inaturalist-open-data.s3.amazonaws.com/photos/353928415/medium.jpeg
Aves,Plumbeous Water Redstart,Phoenicurus fuliginosus,22.35125,103.79423,2016-06-16,no,https://www.inaturalist.org/observations/201678542,https://static.inaturalist.org/photos/356051700/medium.png
Plantae,tropical soda-apple,Solanum viarum,22.30114,103.90146,2024-03-09,no,https://www.inaturalist.org/observations/201767809,https://static.inaturalist.org/photos/356226500/medium.jpeg
Aves,Barn Swallow,Hirundo rustica,22.30887,103.90813,2024-03-10,no,https://www.inaturalist.org/observations/201903660,https://inaturalist-open-data.s3.amazonaws.com/photos/356492318/medium.jpeg
Plantae,Yoruban bologi,Crassocephalum rubens,22.30287,103.91187,2024-03-10,no,https://www.inaturalist.org/observations/201903713,https://inaturalist-open-data.s3.amazonaws.com/photos/356492415/medium.jpeg
Plantae,pink knotweed,Persicaria capitata,22.30589,103.90778,2024-03-10,no,https://www.inaturalist.org/observations/201903906,https://inaturalist-open-data.s3.amazonaws.com/photos/356492861/medium.jpeg
Plantae,bluemink,Ageratum houstonianum,22.30799,103.90781,2024-03-10,no,https://www.inaturalist.org/observations/201904022,https://inaturalist-open-data.s3.amazonaws.com/photos/356493045/medium.jpeg
Plantae,False heather,Cuphea hyssopifolia,22.30923,103.90798,2024-03-10,no,https://www.inaturalist.org/observations/201904086,https://inaturalist-open-data.s3.amazonaws.com/photos/356493122/medium.jpeg
Plantae,shaggy soldier,Galinsoga quadriradiata,22.30887,103.90813,2024-03-10,no,https://www.inaturalist.org/observations/201904164,https://inaturalist-open-data.s3.amazonaws.com/photos/356493331/medium.jpeg
Plantae,Paris Daisy,Euryops chrysanthemoides,22.30077,103.90343,2024-03-11,no,https://www.inaturalist.org/observations/202034809,https://inaturalist-open-data.s3.amazonaws.com/photos/356743942/medium.jpeg
Plantae,,Cymbidium lowianum,22.30887,103.90813,2024-03-11,no,https://www.inaturalist.org/observations/202035624,https://inaturalist-open-data.s3.amazonaws.com/photos/356745739/medium.jpeg
Insecta,Cabbage White,Pieris canidia canidia,22.30555,103.91032,2024-03-11,no,https://www.inaturalist.org/observations/202035640,https://inaturalist-open-data.s3.amazonaws.com/photos/356745765/medium.jpeg
Fungi,splitgill mushroom,Schizophyllum commune,22.30196,103.91724,2024-03-11,no,https://www.inaturalist.org/observations/202036422,https://inaturalist-open-data.s3.amazonaws.com/photos/356747640/medium.jpeg
Aves,Feral Pigeon,Columba livia domestica,22.29930,103.91996,2024-03-11,no,https://www.inaturalist.org/observations/202036494,https://inaturalist-open-data.s3.amazonaws.com/photos/356747784/medium.jpeg
Insecta,Cabbage White,Pieris canidia canidia,22.29858,103.92050,2024-03-11,no,https://www.inaturalist.org/observations/202036592,https://inaturalist-open-data.s3.amazonaws.com/photos/356747936/medium.jpeg
Aves,Domestic Mallard,Anas platyrhynchos domesticus,22.29769,103.92105,2024-03-11,no,https://www.inaturalist.org/observations/202036613,https://inaturalist-open-data.s3.amazonaws.com/photos/356747969/medium.jpeg
Insecta,Cabbage White,Pieris canidia canidia,22.29761,103.92403,2024-03-11,no,https://www.inaturalist.org/observations/202036647,https://inaturalist-open-data.s3.amazonaws.com/photos/356748043/medium.jpeg
Insecta,Asian Honey Bee,Apis cerana,22.29761,103.92403,2024-03-11,no,https://www.inaturalist.org/observations/202036668,https://inaturalist-open-data.s3.amazonaws.com/photos/356748077/medium.jpeg
Insecta,Cabbage White,Pieris canidia canidia,22.29769,103.92560,2024-03-11,no,https://www.inaturalist.org/observations/202036711,https://inaturalist-open-data.s3.amazonaws.com/photos/356748146/medium.jpeg
Plantae,bluemink,Ageratum houstonianum,22.29379,103.92555,2024-03-11,no,https://www.inaturalist.org/observations/202036813,https://inaturalist-open-data.s3.amazonaws.com/photos/356748358/medium.jpeg
Insecta,Asian Honey Bee,Apis cerana,22.29302,103.92139,2024-03-11,no,https://www.inaturalist.org/observations/202036956,https://inaturalist-open-data.s3.amazonaws.com/photos/356748650/medium.jpeg
Plantae,Largeflower pink-sorrel,Oxalis debilis,22.29307,103.91756,2024-03-11,no,https://www.inaturalist.org/observations/202036963,https://inaturalist-open-data.s3.amazonaws.com/photos/356748676/medium.jpeg
Insecta,Straight-banded Treebrown,Lethe verma,22.29329,103.90808,2024-03-11,no,https://www.inaturalist.org/observations/202037217,https://inaturalist-open-data.s3.amazonaws.com/photos/356749146/medium.jpeg
Insecta,Paris Peacock Swallowtail,Papilio paris,22.29384,103.90562,2024-03-11,no,https://www.inaturalist.org/observations/202037278,https://inaturalist-open-data.s3.amazonaws.com/photos/356749281/medium.jpeg
Aves,Eurasian Tree Sparrow,Passer montanus,22.30273,103.91344,2024-03-11,no,https://www.inaturalist.org/observations/202037325,https://inaturalist-open-data.s3.amazonaws.com/photos/356749364/medium.jpeg
Aves,Plumbeous Water Redstart,Phoenicurus fuliginosus,22.30752,103.88086,2024-03-11,no,https://www.inaturalist.org/observations/202037341,https://inaturalist-open-data.s3.amazonaws.com/photos/356749400/medium.jpeg
Aves,Plumbeous Water Redstart,Phoenicurus fuliginosus,22.31363,103.87088,2024-03-11,no,https://www.inaturalist.org/observations/202037389,https://inaturalist-open-data.s3.amazonaws.com/photos/356749435/medium.jpeg
Plantae,White beggarticks,Bidens alba,22.30680,103.90086,2024-03-12,no,https://www.inaturalist.org/observations/202147459,https://inaturalist-open-data.s3.amazonaws.com/photos/356966731/medium.jpeg
Insecta,Giant Water Strider,Aquarius elongatus,22.33490,103.84492,2024-03-10,no,https://www.inaturalist.org/observations/202412125,https://inaturalist-open-data.s3.amazonaws.com/photos/357478194/medium.jpeg
Plantae,,Scutellaria sichourensis,22.33448,103.84788,2024-03-11,no,https://www.inaturalist.org/observations/202412133,https://inaturalist-open-data.s3.amazonaws.com/photos/357478215/medium.jpeg
Mammalia,Maritime Striped Squirrel,Tamiops maritimus,22.33324,103.84604,2024-03-13,no,https://www.inaturalist.org/observations/202412136,https://inaturalist-open-data.s3.amazonaws.com/photos/357478226/medium.jpeg
Aves,Barn Swallow,Hirundo rustica,22.29225,103.90362,2024-01-10,no,https://www.inaturalist.org/observations/204265484,https://inaturalist-open-data.s3.amazonaws.com/photos/361026666/medium.jpeg
Aves,White Wagtail,Motacilla alba,22.29632,103.90093,2024-01-10,no,https://www.inaturalist.org/observations/204265490,https://inaturalist-open-data.s3.amazonaws.com/photos/361026901/medium.jpeg
Aves,Yellow-bellied Warbler,Abroscopus superciliaris,22.30714,103.90745,2024-01-12,no,https://www.inaturalist.org/observations/204269128,https://inaturalist-open-data.s3.amazonaws.com/photos/361033420/medium.jpeg
Aves,Olive-backed Pipit,Anthus hodgsoni,22.31583,103.89666,2024-01-12,no,https://www.inaturalist.org/observations/204269133,https://inaturalist-open-data.s3.amazonaws.com/photos/361033621/medium.jpeg
Aves,Olive-backed Pipit,Anthus hodgsoni,22.31324,103.89727,2024-01-12,no,https://www.inaturalist.org/observations/204269502,https://inaturalist-open-data.s3.amazonaws.com/photos/361035130/medium.jpeg
Aves,Black-throated Tit,Aegithalos concinnus,22.33468,103.84752,2023-11-10,no,https://www.inaturalist.org/observations/204379041,https://inaturalist-open-data.s3.amazonaws.com/photos/361247542/medium.jpeg
Plantae,calla lily,Zantedeschia aethiopica,22.33697,103.82489,2024-04-01,no,https://www.inaturalist.org/observations/204901310,https://static.inaturalist.org/photos/362231423/medium.jpg
Reptilia,Yunnan Beauty Snake,Elaphe taeniura yunnanensis,22.33163,103.81314,2024-04-03,no,https://www.inaturalist.org/observations/205193104,https://inaturalist-open-data.s3.amazonaws.com/photos/362782930/medium.jpg
Insecta,,Helopeltis cinchonae,22.33307,103.83970,2024-04-04,no,https://www.inaturalist.org/observations/205381677,https://inaturalist-open-data.s3.amazonaws.com/photos/363146648/medium.jpg
Insecta,Rufous-legged Grasshopper,Xenocatantops humilis,22.33386,103.84241,2024-04-04,no,https://www.inaturalist.org/observations/205382974,https://inaturalist-open-data.s3.amazonaws.com/photos/363148992/medium.jpg
Insecta,Yellow-shouldered Hover Fly,Ischiodon scutellaris,22.33279,103.83991,2024-04-04,no,https://www.inaturalist.org/observations/205383058,https://inaturalist-open-data.s3.amazonaws.com/photos/363149177/medium.jpg
Insecta,Yellow Coster,Telchinia issoria,22.34340,103.87570,2024-04-05,no,https://www.inaturalist.org/observations/205480208,https://inaturalist-open-data.s3.amazonaws.com/photos/363335276/medium.jpg
Insecta,Common Drone Fly,Eristalis tenax,22.33272,103.87309,2024-04-05,no,https://www.inaturalist.org/observations/205480222,https://inaturalist-open-data.s3.amazonaws.com/photos/363335309/medium.jpg
Insecta,,Eristalis cerealis,22.33314,103.83967,2024-04-05,no,https://www.inaturalist.org/observations/205495152,https://inaturalist-open-data.s3.amazonaws.com/photos/363362593/medium.jpg
Plantae,Trailing abutilon,Callianthe megapotamica,22.33636,103.84378,2024-04-06,no,https://www.inaturalist.org/observations/205655874,https://inaturalist-open-data.s3.amazonaws.com/photos/363664814/medium.jpeg
Reptilia,South China Green Snake,Ptyas multicincta,22.31838,103.87088,2024-04-04,no,https://www.inaturalist.org/observations/206232072,https://inaturalist-open-data.s3.amazonaws.com/photos/364741765/medium.jpeg
Insecta,,Camponotus singularis,22.29683,103.86966,2024-04-09,no,https://www.inaturalist.org/observations/206242018,https://static.inaturalist.org/photos/364759890/medium.jpeg
Insecta,Brown-backed Red Marsh Hawk,Orthetrum chrysis,22.32268,103.85333,2024-04-09,no,https://www.inaturalist.org/observations/206243171,https://static.inaturalist.org/photos/364761617/medium.jpeg
Insecta,Ochre Titan,Philoganga vetusta,22.29744,103.86482,2024-04-09,no,https://www.inaturalist.org/observations/206243332,https://static.inaturalist.org/photos/364761837/medium.jpeg
Insecta,,Cressona rufa,22.30290,103.88993,2024-04-09,no,https://www.inaturalist.org/observations/206243727,https://static.inaturalist.org/photos/364762481/medium.jpeg
Reptilia,Mountain Water Snake,Trimerodytes percarinatus,22.30053,103.89202,2024-04-09,no,https://www.inaturalist.org/observations/206243954,https://static.inaturalist.org/photos/364762934/medium.jpeg
Insecta,Red Longicorn Beetle,Purpuricenus temminckii,22.28979,103.89990,2024-04-10,no,https://www.inaturalist.org/observations/206408530,https://static.inaturalist.org/photos/365058349/medium.jpeg
Insecta,,Glycyphana horsfieldi,22.33189,103.84391,2024-04-10,no,https://www.inaturalist.org/observations/206408592,https://static.inaturalist.org/photos/365058487/medium.jpeg
Insecta,,Coelophora bissellata,22.33563,103.84282,2024-04-10,no,https://www.inaturalist.org/observations/206409161,https://static.inaturalist.org/photos/365059452/medium.jpeg
Insecta,,Eterusia tricolor,22.31574,103.87036,2024-04-10,no,https://www.inaturalist.org/observations/206409233,https://static.inaturalist.org/photos/365059596/medium.jpeg
Insecta,Asian Honey Bee,Apis cerana,22.32979,103.83388,2024-04-15,no,https://www.inaturalist.org/observations/207328256,https://inaturalist-open-data.s3.amazonaws.com/photos/366745300/medium.jpg
Insecta,Asian Honey Bee,Apis cerana,22.33791,103.82444,2024-04-15,no,https://www.inaturalist.org/observations/207341763,https://inaturalist-open-data.s3.amazonaws.com/photos/366745379/medium.jpg
Mammalia,Domestic Dog,Canis familiaris,22.33553,103.84206,2024-03-14,no,https://www.inaturalist.org/observations/207528605,https://inaturalist-open-data.s3.amazonaws.com/photos/367090944/medium.jpeg
Insecta,,Oenopia mimica,22.33055,103.84150,2024-03-15,no,https://www.inaturalist.org/observations/207528607,https://inaturalist-open-data.s3.amazonaws.com/photos/367090982/medium.jpeg
Plantae,Nepal Geranium,Geranium nepalense,22.33042,103.84166,2024-03-15,no,https://www.inaturalist.org/observations/207528610,https://inaturalist-open-data.s3.amazonaws.com/photos/367091097/medium.jpeg
Plantae,shaggy soldier,Galinsoga quadriradiata,22.33041,103.84167,2024-03-15,no,https://www.inaturalist.org/observations/207528612,https://inaturalist-open-data.s3.amazonaws.com/photos/367091101/medium.jpeg
Insecta,Short-winged Rice Grasshopper,Pseudoxya diminuta,22.32653,103.84156,2024-03-15,no,https://www.inaturalist.org/observations/207528620,https://inaturalist-open-data.s3.amazonaws.com/photos/367091133/medium.jpeg
Mammalia,Domestic Dog,Canis familiaris,22.32582,103.84172,2024-03-15,no,https://www.inaturalist.org/observations/207528627,https://inaturalist-open-data.s3.amazonaws.com/photos/367091172/medium.jpeg
Insecta,Paris Peacock Swallowtail,Papilio paris,22.32751,103.83413,2024-03-15,no,https://www.inaturalist.org/observations/207528632,https://inaturalist-open-data.s3.amazonaws.com/photos/367091247/medium.jpeg
Aves,Plumbeous Water Redstart,Phoenicurus fuliginosus,22.32751,103.83413,2024-03-15,no,https://www.inaturalist.org/observations/207528634,https://inaturalist-open-data.s3.amazonaws.com/photos/367091246/medium.jpeg
Insecta,Tropical Fritillary,Argynnis hyperbius,22.32751,103.83413,2024-03-15,no,https://www.inaturalist.org/observations/207528637,https://inaturalist-open-data.s3.amazonaws.com/photos/367091323/medium.jpeg
Insecta,Crimson-tailed Marsh Hawk,Orthetrum pruinosum,22.32776,103.83373,2024-03-15,no,https://www.inaturalist.org/observations/207528641,https://inaturalist-open-data.s3.amazonaws.com/photos/367091316/medium.jpeg
Insecta,Four-bar Swordtail,Graphium agetes,22.32770,103.83349,2024-03-15,no,https://www.inaturalist.org/observations/207528642,https://inaturalist-open-data.s3.amazonaws.com/photos/367091376/medium.jpeg
Insecta,Common Bluebottle,Graphium sarpedon,22.32810,103.83417,2024-03-15,no,https://www.inaturalist.org/observations/207528645,https://inaturalist-open-data.s3.amazonaws.com/photos/367091406/medium.jpeg
Insecta,,Papilio epycides camilla,22.32801,103.83410,2024-03-15,no,https://www.inaturalist.org/observations/207528647,https://inaturalist-open-data.s3.amazonaws.com/photos/367091421/medium.jpeg
Insecta,Dark-banded White,Talbotia naganum,22.32797,103.83401,2024-03-15,no,https://www.inaturalist.org/observations/207528648,https://inaturalist-open-data.s3.amazonaws.com/photos/367091492/medium.jpeg
Aves,Plumbeous Water Redstart,Phoenicurus fuliginosus,22.32831,103.83198,2024-03-15,no,https://www.inaturalist.org/observations/207528661,https://inaturalist-open-data.s3.amazonaws.com/photos/367091592/medium.jpeg
Arachnida,,Siler cupreus,22.32681,103.83483,2024-03-15,no,https://www.inaturalist.org/observations/207528662,https://inaturalist-open-data.s3.amazonaws.com/photos/367091633/medium.jpeg
Aves,Barn Swallow,Hirundo rustica,22.33115,103.84473,2024-03-16,no,https://www.inaturalist.org/observations/207528667,https://inaturalist-open-data.s3.amazonaws.com/photos/367091672/medium.jpeg
Mammalia,Domestic Dog,Canis familiaris,22.32071,103.85390,2024-03-16,no,https://www.inaturalist.org/observations/207528669,https://inaturalist-open-data.s3.amazonaws.com/photos/367091710/medium.jpeg
Plantae,tropical soda-apple,Solanum viarum,22.32186,103.85090,2024-03-16,no,https://www.inaturalist.org/observations/207528673,https://inaturalist-open-data.s3.amazonaws.com/photos/367091725/medium.jpeg
Aves,Yellow-bellied Warbler,Abroscopus superciliaris,22.32385,103.84922,2024-03-16,no,https://www.inaturalist.org/observations/207528698,https://inaturalist-open-data.s3.amazonaws.com/photos/367091840/medium.jpeg
Reptilia,Kuhne's Grass Lizard,Takydromus kuehnei,22.32394,103.84908,2024-03-16,no,https://www.inaturalist.org/observations/207528705,https://inaturalist-open-data.s3.amazonaws.com/photos/367091870/medium.jpeg
Aves,Plain Flowerpecker,Dicaeum minullum,22.32408,103.84885,2024-03-16,no,https://www.inaturalist.org/observations/207528720,https://inaturalist-open-data.s3.amazonaws.com/photos/367091913/medium.jpeg
Reptilia,Kuhne's Grass Lizard,Takydromus kuehnei,22.32438,103.84845,2024-03-16,no,https://www.inaturalist.org/observations/207528728,https://inaturalist-open-data.s3.amazonaws.com/photos/367091930/medium.jpeg
Plantae,tropical soda-apple,Solanum viarum,22.32466,103.84773,2024-03-16,no,https://www.inaturalist.org/observations/207528734,https://inaturalist-open-data.s3.amazonaws.com/photos/367092013/medium.jpeg
Aves,Gray-faced Buzzard,Butastur indicus,22.33169,103.84338,2024-03-16,no,https://www.inaturalist.org/observations/207528737,https://inaturalist-open-data.s3.amazonaws.com/photos/367092025/medium.jpeg
Insecta,,Bradina diagonalis,22.33772,103.83726,2023-11-06,no,https://www.inaturalist.org/observations/208083730,https://inaturalist-open-data.s3.amazonaws.com/photos/368130597/medium.jpg
Insecta,,Rhypotoses drepanioides,22.33772,103.83726,2023-11-06,no,https://www.inaturalist.org/observations/208083742,https://inaturalist-open-data.s3.amazonaws.com/photos/368130672/medium.jpg
Aves,Plumbeous Water Redstart,Phoenicurus fuliginosus,22.29454,103.90469,2024-03-30,no,https://www.inaturalist.org/observations/208532039,https://inaturalist-open-data.s3.amazonaws.com/photos/368966838/medium.jpeg
Insecta,Common Windmill,Byasa polyeuctes,22.29454,103.90469,2024-03-30,no,https://www.inaturalist.org/observations/208532157,https://inaturalist-open-data.s3.amazonaws.com/photos/368967005/medium.jpeg
Insecta,Indian Cabbage White,Pieris canidia,22.29454,103.90469,2024-03-30,no,https://www.inaturalist.org/observations/208532246,https://inaturalist-open-data.s3.amazonaws.com/photos/368967191/medium.jpeg
Reptilia,Mountain Water Snake,Trimerodytes percarinatus,22.30679,103.90193,2024-04-25,no,https://www.inaturalist.org/observations/209223876,https://static.inaturalist.org/photos/370254466/medium.jpg
Insecta,Great Mormon,Papilio agenor,22.32830,103.83495,2024-04-28,no,https://www.inaturalist.org/observations/210817425,https://inaturalist-open-data.s3.amazonaws.com/photos/372826848/medium.jpg
Plantae,castor bean,Ricinus communis,22.30179,103.89995,2024-04-30,no,https://www.inaturalist.org/observations/212146653,https://static.inaturalist.org/photos/374915398/medium.jpg
Insecta,Crimson-tailed Marsh Hawk,Orthetrum pruinosum,22.32724,103.83624,2024-05-02,no,https://www.inaturalist.org/observations/212812842,https://static.inaturalist.org/photos/376080253/medium.jpeg
Plantae,Bloodleaf,Iresine diffusa herbstii,22.32748,103.83427,2024-05-02,no,https://www.inaturalist.org/observations/212814626,https://static.inaturalist.org/photos/376083802/medium.jpeg
Plantae,Drooping Pricklypear,Opuntia monacantha,22.32780,103.83367,2024-05-02,no,https://www.inaturalist.org/observations/212817777,https://static.inaturalist.org/photos/376090070/medium.jpeg
Plantae,castor bean,Ricinus communis,22.32790,103.83353,2024-05-02,no,https://www.inaturalist.org/observations/212817861,https://static.inaturalist.org/photos/378003193/medium.jpeg
Insecta,Crimson-tailed Marsh Hawk,Orthetrum pruinosum,22.30986,103.87536,2024-05-04,no,https://www.inaturalist.org/observations/213444836,https://static.inaturalist.org/photos/377216051/medium.jpeg
Insecta,Blue Striped Mime Swallowtail,Papilio slateri,22.29603,103.91577,2024-05-05,no,https://www.inaturalist.org/observations/213671515,https://static.inaturalist.org/photos/377629977/medium.jpg
Insecta,,Stichophthalma howqua,22.30058,103.92207,2024-04-27,no,https://www.inaturalist.org/observations/213681427,https://inaturalist-open-data.s3.amazonaws.com/photos/377648657/medium.jpeg
Aves,Barn Swallow,Hirundo rustica,22.32874,103.84587,2024-05-06,no,https://www.inaturalist.org/observations/213895399,https://inaturalist-open-data.s3.amazonaws.com/photos/378031207/medium.jpeg
Insecta,,Lymantria sinica albido,22.32857,103.84580,2024-05-06,no,https://www.inaturalist.org/observations/213895425,https://inaturalist-open-data.s3.amazonaws.com/photos/378031244/medium.jpeg
Insecta,,Relluna nurella,22.32855,103.84575,2024-05-06,no,https://www.inaturalist.org/observations/213895468,https://inaturalist-open-data.s3.amazonaws.com/photos/378031286/medium.jpeg
Insecta,,Heortia vitessoides,22.32860,103.84576,2024-05-06,no,https://www.inaturalist.org/observations/213904447,https://inaturalist-open-data.s3.amazonaws.com/photos/378046656/medium.jpeg
Insecta,,Lymantria sinica,22.33168,103.84463,2024-05-06,no,https://www.inaturalist.org/observations/213905200,https://inaturalist-open-data.s3.amazonaws.com/photos/378047980/medium.jpeg
Insecta,,Pretas,22.32859,103.84574,2024-05-06,no,https://www.inaturalist.org/observations/213916554,https://inaturalist-open-data.s3.amazonaws.com/photos/378068160/medium.jpeg
Insecta,,Mimela seminigra,22.32881,103.84578,2024-05-07,no,https://www.inaturalist.org/observations/214123091,https://inaturalist-open-data.s3.amazonaws.com/photos/378445270/medium.jpeg
Insecta,Rufous-legged Grasshopper,Xenocatantops humilis,22.33037,103.84548,2024-05-07,no,https://www.inaturalist.org/observations/214123656,https://inaturalist-open-data.s3.amazonaws.com/photos/378446358/medium.jpeg
Plantae,Cook pine,Araucaria columnaris,22.33181,103.84398,2024-05-07,no,https://www.inaturalist.org/observations/214124069,https://inaturalist-open-data.s3.amazonaws.com/photos/378447311/medium.jpeg
Insecta,,Anomala praeclara,22.32863,103.84571,2024-05-07,no,https://www.inaturalist.org/observations/214131416,https://inaturalist-open-data.s3.amazonaws.com/photos/378461835/medium.jpeg
Insecta,,Heortia vitessoides,22.32872,103.84581,2024-05-07,no,https://www.inaturalist.org/observations/214131544,https://inaturalist-open-data.s3.amazonaws.com/photos/378462135/medium.jpeg
Insecta,,Gallerucida ornatipennis,22.33054,103.84538,2024-05-07,no,https://www.inaturalist.org/observations/214132030,https://inaturalist-open-data.s3.amazonaws.com/photos/378462980/medium.jpeg
Insecta,,Mimela laevicollis,22.32852,103.84578,2024-05-07,no,https://www.inaturalist.org/observations/214137909,https://inaturalist-open-data.s3.amazonaws.com/photos/378475092/medium.jpeg
Insecta,Red necked longhorn beetle,Aromia bungii,22.30246,103.88604,2024-05-07,no,https://www.inaturalist.org/observations/214154910,https://inaturalist-open-data.s3.amazonaws.com/photos/378507151/medium.jpeg
Insecta,Rufous-legged Grasshopper,Xenocatantops humilis,22.30247,103.88610,2024-05-07,no,https://www.inaturalist.org/observations/214154967,https://inaturalist-open-data.s3.amazonaws.com/photos/378507295/medium.jpeg
Insecta,Yellow-spotted Longicorn Beetle,Psacothea hilaris,22.30077,103.88405,2024-05-07,no,https://www.inaturalist.org/observations/214155520,https://inaturalist-open-data.s3.amazonaws.com/photos/378508268/medium.jpeg
Insecta,,Lymantria sinica albido,22.32876,103.84595,2024-05-07,no,https://www.inaturalist.org/observations/214166922,https://inaturalist-open-data.s3.amazonaws.com/photos/378529372/medium.jpeg
Insecta,,Monolepta signata,22.31382,103.87666,2024-05-07,no,https://www.inaturalist.org/observations/214179502,https://inaturalist-open-data.s3.amazonaws.com/photos/378552059/medium.jpeg
Insecta,White-backed Planthopper,Sogatella furcifera,22.31146,103.87706,2024-05-07,no,https://www.inaturalist.org/observations/214180780,https://inaturalist-open-data.s3.amazonaws.com/photos/378554000/medium.jpeg
Insecta,Six-spotted Zigzag Ladybird,Cheilomenes sexmaculata,22.30595,103.87865,2024-05-07,no,https://www.inaturalist.org/observations/214181580,https://inaturalist-open-data.s3.amazonaws.com/photos/378555581/medium.jpeg
Insecta,,Helopeltis cinchonae,22.31114,103.87622,2024-05-07,no,https://www.inaturalist.org/observations/214182309,https://inaturalist-open-data.s3.amazonaws.com/photos/378556888/medium.jpeg
Insecta,Red Longicorn Beetle,Purpuricenus temminckii,22.30485,103.87921,2024-05-07,no,https://www.inaturalist.org/observations/214322201,https://inaturalist-open-data.s3.amazonaws.com/photos/378816980/medium.jpeg
Insecta,,Creobroter apicalis,22.32860,103.84573,2024-05-08,no,https://www.inaturalist.org/observations/214330445,https://inaturalist-open-data.s3.amazonaws.com/photos/378833760/medium.jpeg
Insecta,,Eudohrnia metallica,22.32797,103.84624,2024-05-08,no,https://www.inaturalist.org/observations/214334294,https://inaturalist-open-data.s3.amazonaws.com/photos/378841721/medium.jpeg
Insecta,,Aplosonyx orientalis,22.32784,103.84544,2024-05-08,no,https://www.inaturalist.org/observations/214334426,https://inaturalist-open-data.s3.amazonaws.com/photos/378841954/medium.jpeg
Insecta,,Propylea luteopustulata,22.32750,103.84512,2024-05-08,no,https://www.inaturalist.org/observations/214334458,https://inaturalist-open-data.s3.amazonaws.com/photos/378842024/medium.jpeg
Insecta,Marbled White Moth,Nyctemera adversata,22.32865,103.84580,2024-05-08,no,https://www.inaturalist.org/observations/214394828,https://inaturalist-open-data.s3.amazonaws.com/photos/378952247/medium.jpeg
Insecta,Japanese Burrowing Cricket,Velarifictorus micado,22.32859,103.84575,2024-05-09,no,https://www.inaturalist.org/observations/214522794,https://inaturalist-open-data.s3.amazonaws.com/photos/379191771/medium.jpeg
Insecta,Golden Commodore,Parasarpa houlberti,22.28703,103.90963,2024-05-10,no,https://www.inaturalist.org/observations/214736645,https://static.inaturalist.org/photos/379590705/medium.jpeg
Insecta,,Neolucanus sinicus,22.32630,103.84521,2024-05-10,no,https://www.inaturalist.org/observations/214756567,https://inaturalist-open-data.s3.amazonaws.com/photos/379628898/medium.jpeg
Insecta,,Henicolabus spinipes,22.32162,103.84284,2024-05-10,no,https://www.inaturalist.org/observations/214757167,https://inaturalist-open-data.s3.amazonaws.com/photos/379630302/medium.jpeg
Insecta,,Molipteryx hardwickii,22.32037,103.85019,2024-05-10,no,https://www.inaturalist.org/observations/214757610,https://inaturalist-open-data.s3.amazonaws.com/photos/379631143/medium.jpeg
Insecta,Blue Pansy,Junonia orithya,22.31927,103.85033,2024-05-10,no,https://www.inaturalist.org/observations/214757676,https://inaturalist-open-data.s3.amazonaws.com/photos/379631322/medium.jpeg
Insecta,,Poecilocoris druraei,22.33041,103.84535,2024-05-10,no,https://www.inaturalist.org/observations/214763240,https://inaturalist-open-data.s3.amazonaws.com/photos/379641176/medium.jpeg
Insecta,,Poecilocoris druraei,22.32950,103.84554,2024-05-10,no,https://www.inaturalist.org/observations/214763522,https://inaturalist-open-data.s3.amazonaws.com/photos/379641623/medium.jpeg
Insecta,Sixteen-spotted Lady Beetle,Harmonia sedecimnotata,22.33781,103.85201,2024-05-10,no,https://www.inaturalist.org/observations/214770375,https://inaturalist-open-data.s3.amazonaws.com/photos/379653030/medium.jpeg
Insecta,,Mimela bidentata,22.33778,103.85198,2024-05-10,no,https://www.inaturalist.org/observations/214777799,https://inaturalist-open-data.s3.amazonaws.com/photos/379665993/medium.jpeg
Actinopterygii,Sharptooth Catfish,Clarias gariepinus,22.26497,103.96583,2023-05-27,no,https://www.inaturalist.org/observations/214928159,https://inaturalist-open-data.s3.amazonaws.com/photos/379947392/medium.jpeg
Insecta,,Psychostrophia nymphidiaria,22.33528,103.87942,2024-05-12,no,https://www.inaturalist.org/observations/215186284,https://static.inaturalist.org/photos/380425758/medium.jpeg
Insecta,,Stichophthalma howqua,22.28935,103.88914,2024-05-12,no,https://www.inaturalist.org/observations/215240635,https://static.inaturalist.org/photos/380525339/medium.jpeg
Insecta,,Cryptotympana mandarina,22.30042,103.89439,2024-05-14,no,https://www.inaturalist.org/observations/215681288,https://static.inaturalist.org/photos/381356657/medium.jpeg
Insecta,,Batocera,22.31844,103.85825,2024-05-14,no,https://www.inaturalist.org/observations/215686674,https://static.inaturalist.org/photos/381366977/medium.jpg
Insecta,Rufous-legged Grasshopper,Xenocatantops humilis,22.29710,103.91990,2024-02-04,no,https://www.inaturalist.org/observations/215810547,https://inaturalist-open-data.s3.amazonaws.com/photos/381595709/medium.jpg
Insecta,Great Mormon,Papilio agenor,22.30506,103.88129,2024-05-17,no,https://www.inaturalist.org/observations/216290195,https://inaturalist-open-data.s3.amazonaws.com/photos/382508429/medium.jpeg
Plantae,tropical soda-apple,Solanum viarum,22.33323,103.85119,2024-05-19,no,https://www.inaturalist.org/observations/216789173,https://static.inaturalist.org/photos/383439962/medium.jpg
Plantae,Cannabis,Cannabis sativa,22.33387,103.85606,2024-05-19,no,https://www.inaturalist.org/observations/216789559,https://static.inaturalist.org/photos/383440810/medium.jpg
Insecta,,Aplosonyx chalybaeus,22.33393,103.85636,2024-05-19,no,https://www.inaturalist.org/observations/216792959,https://static.inaturalist.org/photos/383446817/medium.jpg
Plantae,Redvein Abutilon,Callianthe picta,22.37894,103.84662,2024-05-21,no,https://www.inaturalist.org/observations/217240820,https://inaturalist-open-data.s3.amazonaws.com/photos/384294804/medium.jpg
Insecta,Blue-tailed Forest Hawk,Orthetrum triangulare,22.30992,103.86272,2024-05-22,no,https://www.inaturalist.org/observations/217421057,https://inaturalist-open-data.s3.amazonaws.com/photos/384636492/medium.jpg
Insecta,Crimson-tailed Marsh Hawk,Orthetrum pruinosum,22.30982,103.86575,2024-05-22,no,https://www.inaturalist.org/observations/217422392,https://inaturalist-open-data.s3.amazonaws.com/photos/384639411/medium.jpg
Insecta,,Stichophthalma howqua,22.31058,103.86701,2024-05-22,no,https://www.inaturalist.org/observations/217423262,https://inaturalist-open-data.s3.amazonaws.com/photos/384641451/medium.jpg
Plantae,Yoruban bologi,Crassocephalum rubens,22.30990,103.86990,2024-05-22,no,https://www.inaturalist.org/observations/217424332,https://inaturalist-open-data.s3.amazonaws.com/photos/384643132/medium.jpg
Reptilia,Mandarin Ratsnake,Euprepiophis mandarinus,22.32556,103.81975,2024-05-28,no,https://www.inaturalist.org/observations/218883202,https://inaturalist-open-data.s3.amazonaws.com/photos/387371472/medium.jpg
Aves,Black-throated Tit,Aegithalos concinnus,22.33432,103.84690,2024-03-13,no,https://www.inaturalist.org/observations/219336396,https://inaturalist-open-data.s3.amazonaws.com/photos/388215307/medium.jpeg
Aves,Black-throated Tit,Aegithalos concinnus,22.33380,103.84621,2024-03-13,no,https://www.inaturalist.org/observations/219336399,https://inaturalist-open-data.s3.amazonaws.com/photos/388215900/medium.jpg
Aves,Small Niltava,Niltava macgrigoriae,22.33498,103.84695,2024-03-13,no,https://www.inaturalist.org/observations/219336400,https://inaturalist-open-data.s3.amazonaws.com/photos/388215308/medium.jpeg
Aves,Rufous-capped Babbler,Cyanoderma ruficeps,22.33327,103.84600,2024-03-13,no,https://www.inaturalist.org/observations/219336468,https://inaturalist-open-data.s3.amazonaws.com/photos/388215841/medium.jpeg
Aves,Mountain Tailorbird,Phyllergates cucullatus,22.33327,103.84600,2024-03-13,no,https://www.inaturalist.org/observations/219336472,https://inaturalist-open-data.s3.amazonaws.com/photos/388215817/medium.jpeg
Aves,Blue-winged Minla,Actinodura cyanouroptera,22.33324,103.84603,2024-03-13,no,https://www.inaturalist.org/observations/219336475,https://inaturalist-open-data.s3.amazonaws.com/photos/388215861/medium.jpeg
Insecta,,Lucanus nobilis,22.33636,103.84378,2015-06-12,no,https://www.inaturalist.org/observations/220198118,https://inaturalist-open-data.s3.amazonaws.com/photos/389835829/medium.jpeg
Insecta,,Lucanus derani,22.33636,103.84378,2012-05-08,no,https://www.inaturalist.org/observations/220205605,https://inaturalist-open-data.s3.amazonaws.com/photos/389849105/medium.jpeg
Insecta,,Lucanus nobilis,22.33636,103.84378,2012-06-08,no,https://www.inaturalist.org/observations/220207771,https://inaturalist-open-data.s3.amazonaws.com/photos/389852911/medium.jpeg
Insecta,,Lucanus thibetanus furcifer,22.33636,103.84378,2012-05-09,no,https://www.inaturalist.org/observations/220208967,https://inaturalist-open-data.s3.amazonaws.com/photos/389855314/medium.jpeg
Insecta,,Lucanus pulchellus,22.33636,103.84378,2018-06-08,no,https://www.inaturalist.org/observations/220212399,https://inaturalist-open-data.s3.amazonaws.com/photos/389861315/medium.jpeg
Insecta,,Lucanus marazziorum,22.33636,103.84378,2005-07-09,no,https://www.inaturalist.org/observations/220212736,https://inaturalist-open-data.s3.amazonaws.com/photos/389861996/medium.jpeg
Reptilia,Mountain Water Snake,Trimerodytes percarinatus,22.33795,103.83211,2024-06-03,no,https://www.inaturalist.org/observations/220258478,https://inaturalist-open-data.s3.amazonaws.com/photos/389945910/medium.jpg
Insecta,Asian Giant Hornet,Vespa mandarinia,22.29875,103.90263,2024-06-05,no,https://www.inaturalist.org/observations/220619505,https://inaturalist-open-data.s3.amazonaws.com/photos/390628782/medium.jpg
Insecta,Scarlet Skimmer,Crocothemis servilia,22.29804,103.90048,2024-06-04,no,https://www.inaturalist.org/observations/220619622,https://inaturalist-open-data.s3.amazonaws.com/photos/390629074/medium.jpg
Insecta,Antler Horn Beetle,Dicronocephalus wallichi,22.33699,103.83273,2017-05-07,no,https://www.inaturalist.org/observations/221526460,https://inaturalist-open-data.s3.amazonaws.com/photos/392309996/medium.jpg
Plantae,,Burmannia disticha,22.28358,103.92831,2024-06-22,no,https://www.inaturalist.org/observations/224336797,https://inaturalist-open-data.s3.amazonaws.com/photos/397596069/medium.jpeg
Insecta,Crimson-tailed Marsh Hawk,Orthetrum pruinosum,22.28523,103.92589,2024-06-22,no,https://www.inaturalist.org/observations/224337167,https://inaturalist-open-data.s3.amazonaws.com/photos/397597042/medium.jpeg
Insecta,,Trichogomphus mongol,22.28340,103.93362,2024-06-22,no,https://www.inaturalist.org/observations/224337257,https://inaturalist-open-data.s3.amazonaws.com/photos/397613679/medium.jpeg
Insecta,Asian Red-tailed Spider Wasp,Tachypompilus analis,22.26631,103.96304,2024-06-22,no,https://www.inaturalist.org/observations/224349095,https://inaturalist-open-data.s3.amazonaws.com/photos/397619233/medium.jpeg
Arachnida,,Steatoda terastiosa,22.34307,103.81292,2024-06-21,no,https://www.inaturalist.org/observations/225353299,https://inaturalist-open-data.s3.amazonaws.com/photos/399530985/medium.jpg
Insecta,Golden-spotted Tiger Beetle,Cosmodela aurulenta,22.31432,103.89182,2024-06-21,no,https://www.inaturalist.org/observations/225353479,https://inaturalist-open-data.s3.amazonaws.com/photos/399531198/medium.jpg
Plantae,tropical soda-apple,Solanum viarum,22.33528,103.84869,2023-12-29,no,https://www.inaturalist.org/observations/225494131,https://static.inaturalist.org/photos/399802175/medium.jpg
Insecta,,Macrochenus tonkinensis,22.33270,103.83983,2024-07-08,no,https://www.inaturalist.org/observations/227984101,https://static.inaturalist.org/photos/404903331/medium.jpg
Plantae,rose glorybower,Clerodendrum bungei,22.30549,103.89329,2024-07-10,no,https://www.inaturalist.org/observations/228566223,https://inaturalist-open-data.s3.amazonaws.com/photos/405614852/medium.jpg
Insecta,,Trombonia brevialata,22.30508,103.88938,2024-07-15,no,https://www.inaturalist.org/observations/229631000,
Insecta,Scarlet Skimmer,Crocothemis servilia,22.30951,103.87638,2024-07-24,no,https://www.inaturalist.org/observations/232212949,https://inaturalist-open-data.s3.amazonaws.com/photos/412525992/medium.jpeg
Insecta,Punchinello,Zemeros flegyas,22.30708,103.86266,2024-07-30,no,https://www.inaturalist.org/observations/232650536,https://inaturalist-open-data.s3.amazonaws.com/photos/413357015/medium.jpeg
Arachnida,Joro Spider,Trichonephila clavata,22.31172,103.86028,2024-07-30,no,https://www.inaturalist.org/observations/232650602,https://inaturalist-open-data.s3.amazonaws.com/photos/413357124/medium.jpeg
Insecta,,Cosmodela aurulenta juxtata,22.33643,103.82514,2024-07-23,no,https://www.inaturalist.org/observations/232656513,https://inaturalist-open-data.s3.amazonaws.com/photos/413369181/medium.jpeg
Insecta,,Lucanus formosus,22.33636,103.84379,2003-06-15,no,https://www.inaturalist.org/observations/232668636,https://static.inaturalist.org/photos/413372263/medium.jpg
Insecta,,Lucanus takakuwai,22.35913,103.87649,2003-06-15,no,https://www.inaturalist.org/observations/232668684,https://static.inaturalist.org/photos/413372474/medium.jpg
Reptilia,South China Green Snake,Ptyas multicincta,22.33127,103.82901,2024-07-25,no,https://www.inaturalist.org/observations/232868709,https://static.inaturalist.org/photos/413778311/medium.jpeg
Reptilia,Delacour's Mountain Snake,Plagiopholis delacouri,22.33188,103.82707,2024-07-25,no,https://www.inaturalist.org/observations/232868970,https://static.inaturalist.org/photos/413778648/medium.jpeg
Insecta,Courtesan,Euripus nyctelius,22.29317,103.91714,2024-07-30,no,https://www.inaturalist.org/observations/232876417,https://static.inaturalist.org/photos/413792400/medium.jpeg
Insecta,Gaudy Baron,Euthalia lubentina,22.31428,103.85725,2024-08-01,no,https://www.inaturalist.org/observations/233024340,https://static.inaturalist.org/photos/414074099/medium.jpeg
Insecta,Red-based Jezebel,Delias pasithoe,22.30664,103.87157,2024-08-01,no,https://www.inaturalist.org/observations/233031648,https://static.inaturalist.org/photos/414088652/medium.jpeg
Insecta,Wandering Glider,Pantala flavescens,22.32665,103.84627,2024-08-02,no,https://www.inaturalist.org/observations/233192744,https://static.inaturalist.org/photos/414396425/medium.jpeg
Reptilia,,Archelaphe bella chapaensis,22.33402,103.84100,2024-07-04,no,https://www.inaturalist.org/observations/235947255,https://inaturalist-open-data.s3.amazonaws.com/photos/419688989/medium.jpg
Reptilia,Mandarin Ratsnake,Euprepiophis mandarinus,22.34197,103.82558,2024-07-05,no,https://www.inaturalist.org/observations/235947528,https://inaturalist-open-data.s3.amazonaws.com/photos/419690448/medium.jpg
Insecta,Tabby,Pseudergolis wedah,22.32758,103.83391,2024-08-20,no,https://www.inaturalist.org/observations/236851708,https://inaturalist-open-data.s3.amazonaws.com/photos/421439514/medium.jpeg
Plantae,Jewels of Opar,Talinum paniculatum,22.33530,103.84174,2024-08-20,no,https://www.inaturalist.org/observations/236908506,https://inaturalist-open-data.s3.amazonaws.com/photos/421546700/medium.jpeg
Plantae,Chameleon Plant,Houttuynia cordata,22.30835,103.87676,2024-08-21,no,https://www.inaturalist.org/observations/237070924,https://inaturalist-open-data.s3.amazonaws.com/photos/421858575/medium.jpeg
Insecta,,Hemithyrsocera vittata,22.31886,103.85780,2023-06-05,no,https://www.inaturalist.org/observations/237213578,https://static.inaturalist.org/photos/422130976/medium.jpeg
Insecta,Great Eggfly,Hypolimnas bolina,22.31060,103.87430,2024-07-28,no,https://www.inaturalist.org/observations/238068593,https://inaturalist-open-data.s3.amazonaws.com/photos/423782285/medium.jpeg
Insecta,Common Rose Swallowtail,Pachliopta aristolochiae,22.31040,103.86360,2024-07-28,no,https://www.inaturalist.org/observations/238071398,https://inaturalist-open-data.s3.amazonaws.com/photos/423788562/medium.jpeg
Insecta,Punchinello,Zemeros flegyas,22.32602,103.84506,2024-07-20,no,https://www.inaturalist.org/observations/238333285,https://static.inaturalist.org/photos/424295995/medium.jpeg
Plantae,Cannabis,Cannabis sativa,22.33890,103.82392,2024-08-28,no,https://www.inaturalist.org/observations/238409828,https://inaturalist-open-data.s3.amazonaws.com/photos/424445673/medium.jpeg
Insecta,Great Mormon,Papilio agenor,22.31018,103.87575,2024-08-31,no,https://www.inaturalist.org/observations/238939703,https://inaturalist-open-data.s3.amazonaws.com/photos/425470608/medium.jpeg
Aves,Chinese Sparrowhawk,Tachyspiza soloensis,22.30960,103.86100,2024-07-28,no,https://www.inaturalist.org/observations/239577849,https://inaturalist-open-data.s3.amazonaws.com/photos/426720324/medium.jpeg
Aves,Yellow-bellied Warbler,Abroscopus superciliaris,22.31030,103.86360,2024-07-29,no,https://www.inaturalist.org/observations/239578084,https://inaturalist-open-data.s3.amazonaws.com/photos/426720931/medium.jpeg
Reptilia,Banded Wolf Snake,Lycodon fasciatus,22.33488,103.86128,2021-09-14,no,https://www.inaturalist.org/observations/239605915,https://inaturalist-open-data.s3.amazonaws.com/photos/426772495/medium.jpg
Insecta,Rufous-legged Grasshopper,Xenocatantops humilis,22.31030,103.86360,2024-07-28,no,https://www.inaturalist.org/observations/239615599,https://inaturalist-open-data.s3.amazonaws.com/photos/426790650/medium.png
Insecta,,Ithocritus multimaculatus,22.31058,103.86334,2024-07-28,no,https://www.inaturalist.org/observations/239615947,https://inaturalist-open-data.s3.amazonaws.com/photos/426791870/medium.jpeg
Arachnida,Joro Spider,Trichonephila clavata,22.33636,103.84378,2024-09-05,no,https://www.inaturalist.org/observations/239968153,https://static.inaturalist.org/photos/427465847/medium.jpeg
Plantae,,Caryota maxima,22.30282,103.98880,2009-12-12,no,https://www.inaturalist.org/observations/240139094,https://static.inaturalist.org/photos/427786028/medium.jpeg
Insecta,Indian Moon Moth,Actias selene,22.30170,103.90144,2024-09-07,no,https://www.inaturalist.org/observations/240327621,https://inaturalist-open-data.s3.amazonaws.com/photos/428155227/medium.jpg
Plantae,Dumortier's Liverwort,Dumortiera hirsuta,22.32625,103.84493,2024-05-10,no,https://www.inaturalist.org/observations/240873047,https://inaturalist-open-data.s3.amazonaws.com/photos/429205875/medium.jpeg
Insecta,,Creobroter apicalis,22.32779,103.84646,2024-05-08,no,https://www.inaturalist.org/observations/241039940,https://inaturalist-open-data.s3.amazonaws.com/photos/429520485/medium.jpeg
Plantae,roundleaf toothcup,Rotala rotundifolia,22.30095,103.88085,2024-05-07,no,https://www.inaturalist.org/observations/241039941,https://inaturalist-open-data.s3.amazonaws.com/photos/429524135/medium.jpeg
Insecta,,Stichophthalma howqua,22.30130,103.88126,2024-05-07,no,https://www.inaturalist.org/observations/241039947,https://inaturalist-open-data.s3.amazonaws.com/photos/429524123/medium.jpeg
Insecta,,Phytomia zonata,22.30154,103.88181,2024-05-07,no,https://www.inaturalist.org/observations/241039948,https://inaturalist-open-data.s3.amazonaws.com/photos/429524124/medium.jpeg
Insecta,Red Longicorn Beetle,Purpuricenus temminckii,22.30066,103.88333,2024-05-07,no,https://www.inaturalist.org/observations/241039953,https://inaturalist-open-data.s3.amazonaws.com/photos/429528151/medium.jpeg
Insecta,Slender Skimmer,Orthetrum sabina,22.30222,103.88326,2024-05-07,no,https://www.inaturalist.org/observations/241039963,https://inaturalist-open-data.s3.amazonaws.com/photos/429528162/medium.jpeg
Insecta,Crimson-tailed Marsh Hawk,Orthetrum pruinosum,22.30063,103.88230,2024-05-07,no,https://www.inaturalist.org/observations/241039966,https://inaturalist-open-data.s3.amazonaws.com/photos/429528175/medium.jpeg
Insecta,Red-based Jezebel,Delias pasithoe,22.33737,103.84502,2024-09-05,no,https://www.inaturalist.org/observations/242792673,https://inaturalist-open-data.s3.amazonaws.com/photos/432866097/medium.jpg
Insecta,Great Eggfly,Hypolimnas bolina,22.33737,103.84502,2024-09-05,no,https://www.inaturalist.org/observations/242792674,https://inaturalist-open-data.s3.amazonaws.com/photos/432866167/medium.jpg
Aves,Blue Rock-Thrush,Monticola solitarius,22.33521,103.84207,2024-09-05,no,https://www.inaturalist.org/observations/242792744,https://inaturalist-open-data.s3.amazonaws.com/photos/432866524/medium.jpg
Aves,White Wagtail,Motacilla alba,22.33417,103.84680,2024-09-06,no,https://www.inaturalist.org/observations/242793120,https://inaturalist-open-data.s3.amazonaws.com/photos/432867229/medium.jpg
Aves,Crimson Sunbird,Aethopyga siparaja,22.33417,103.84680,2024-09-06,no,https://www.inaturalist.org/observations/242793121,https://inaturalist-open-data.s3.amazonaws.com/photos/432867276/medium.jpg
Aves,Green-backed Tit,Parus monticolus,22.33417,103.84680,2024-09-06,no,https://www.inaturalist.org/observations/242793122,https://inaturalist-open-data.s3.amazonaws.com/photos/432867287/medium.jpg
Aves,Grey Bushchat,Saxicola ferreus,22.33417,103.84680,2024-09-06,no,https://www.inaturalist.org/observations/242793124,https://inaturalist-open-data.s3.amazonaws.com/photos/432867284/medium.jpg
Aves,Grey Bushchat,Saxicola ferreus,22.33417,103.84680,2024-09-06,no,https://www.inaturalist.org/observations/242793125,https://inaturalist-open-data.s3.amazonaws.com/photos/432867509/medium.jpg
Aves,Grey Bushchat,Saxicola ferreus,22.33417,103.84680,2024-09-06,no,https://www.inaturalist.org/observations/242793126,https://inaturalist-open-data.s3.amazonaws.com/photos/432867391/medium.jpg
Aves,Hill Prinia,Prinia superciliaris,22.33417,103.84680,2024-09-06,no,https://www.inaturalist.org/observations/242793128,https://inaturalist-open-data.s3.amazonaws.com/photos/432867413/medium.jpg
Aves,Asian Tit,Parus cinereus,22.33417,103.84680,2024-09-06,no,https://www.inaturalist.org/observations/242793129,https://inaturalist-open-data.s3.amazonaws.com/photos/432867454/medium.jpg
Insecta,Red Helen Swallowtail,Papilio helenus,22.32810,103.83395,2024-09-06,no,https://www.inaturalist.org/observations/242793378,https://inaturalist-open-data.s3.amazonaws.com/photos/432867732/medium.jpg
Aves,Plumbeous Water Redstart,Phoenicurus fuliginosus,22.32810,103.83395,2024-09-06,no,https://www.inaturalist.org/observations/242793381,https://inaturalist-open-data.s3.amazonaws.com/photos/432867690/medium.jpg
Insecta,White Commodore,Limenitis dudu,22.32810,103.83395,2024-09-06,no,https://www.inaturalist.org/observations/242793382,https://inaturalist-open-data.s3.amazonaws.com/photos/432867863/medium.jpg
Aves,Plumbeous Water Redstart,Phoenicurus fuliginosus,22.32810,103.83395,2024-09-06,no,https://www.inaturalist.org/observations/242793383,https://inaturalist-open-data.s3.amazonaws.com/photos/432867783/medium.jpg
Aves,Yellow-bellied Warbler,Abroscopus superciliaris,22.32810,103.83395,2024-09-06,no,https://www.inaturalist.org/observations/242793386,https://inaturalist-open-data.s3.amazonaws.com/photos/432867847/medium.jpg
Aves,White Wagtail,Motacilla alba,22.30162,103.89042,2024-09-06,no,https://www.inaturalist.org/observations/242793721,https://inaturalist-open-data.s3.amazonaws.com/photos/432868405/medium.jpg
Insecta,Chinese Bushbrown,Mycalesis gotama,22.30162,103.89042,2024-09-06,no,https://www.inaturalist.org/observations/242793722,https://inaturalist-open-data.s3.amazonaws.com/photos/432868467/medium.jpg
Insecta,Marbled White Moth,Nyctemera adversata,22.30167,103.90411,2024-09-26,no,https://www.inaturalist.org/observations/244099897,https://inaturalist-open-data.s3.amazonaws.com/photos/435661561/medium.jpeg
Insecta,Red Lacewing Butterfly,Cethosia biblis,22.33694,103.83765,2024-09-26,no,https://www.inaturalist.org/observations/244418928,https://inaturalist-open-data.s3.amazonaws.com/photos/435984642/medium.jpeg
Plantae,white clover,Trifolium repens,22.33726,103.84596,2024-09-05,no,https://www.inaturalist.org/observations/244473392,https://static.inaturalist.org/photos/436088110/medium.jpeg
Arachnida,Spiny Orb-Weaver Spider,Gasteracantha diadesmia,22.33026,103.84179,2024-10-04,no,https://www.inaturalist.org/observations/245522591,https://inaturalist-open-data.s3.amazonaws.com/photos/438144709/medium.jpeg
Plantae,Devil’s Cotton,Abroma augustum,22.26289,103.96841,2024-09-28,no,https://www.inaturalist.org/observations/246113199,https://inaturalist-open-data.s3.amazonaws.com/photos/439303453/medium.jpeg
Insecta,,Neoneuromus ignobilis,22.33321,103.84181,2017-04-30,no,https://www.inaturalist.org/observations/246929763,https://static.inaturalist.org/photos/440920082/medium.jpeg
Reptilia,Pingbian Mountain Pitviper,Ovophis anitae,22.33231,103.83547,2022-11-14,no,https://www.inaturalist.org/observations/248567660,https://inaturalist-open-data.s3.amazonaws.com/photos/444773468/medium.jpg
Insecta,,Ambulyx ochracea,22.33240,103.83883,2024-10-22,no,https://www.inaturalist.org/observations/248615749,https://inaturalist-open-data.s3.amazonaws.com/photos/444260208/medium.jpeg
Mollusca,African Giant Snail,Lissachatina fulica,22.32439,103.85918,2024-10-24,no,https://www.inaturalist.org/observations/249322736,https://static.inaturalist.org/photos/445665707/medium.jpeg
Arachnida,Giant Golden Orbweaver,Nephila pilipes,22.27922,103.96426,2024-10-29,no,https://www.inaturalist.org/observations/249586964,https://inaturalist-open-data.s3.amazonaws.com/photos/446403959/medium.jpeg
Plantae,tomato,Solanum lycopersicum,22.27917,103.96423,2024-10-29,no,https://www.inaturalist.org/observations/249607398,https://inaturalist-open-data.s3.amazonaws.com/photos/446231418/medium.jpeg
Aves,Eurasian Tree Sparrow,Passer montanus,22.33636,103.84379,2023-03-09,no,https://www.inaturalist.org/observations/250004019,https://inaturalist-open-data.s3.amazonaws.com/photos/447021296/medium.jpeg
Reptilia,Bourret’s pitviper,Protobothrops jerdonii bourreti,22.33636,103.84379,2024-07-17,no,https://www.inaturalist.org/observations/250076908,https://inaturalist-open-data.s3.amazonaws.com/photos/447165851/medium.jpg
Reptilia,Yunnan Beauty Snake,Elaphe taeniura yunnanensis,22.33636,103.84379,2023-05-16,no,https://www.inaturalist.org/observations/250077980,https://inaturalist-open-data.s3.amazonaws.com/photos/447168358/medium.jpg
Reptilia,Mandarin Ratsnake,Euprepiophis mandarinus,22.33636,103.84379,2023-04-07,no,https://www.inaturalist.org/observations/250078197,https://inaturalist-open-data.s3.amazonaws.com/photos/447168752/medium.jpg
Reptilia,Namdong Wolf Snake,Lycodon chapaensis,22.33636,103.84379,2021-09-23,no,https://www.inaturalist.org/observations/250078336,https://inaturalist-open-data.s3.amazonaws.com/photos/447169258/medium.jpg
Reptilia,Indo-Chinese Rat Snake,Ptyas korros,22.32063,103.82152,2023-04-05,yes,https://www.inaturalist.org/observations/250078815,https://inaturalist-open-data.s3.amazonaws.com/photos/447170147/medium.jpg
Reptilia,Gumprecht's Green Pitviper,Trimeresurus gumprechti,22.33636,103.84379,2023-05-10,no,https://www.inaturalist.org/observations/250078909,https://inaturalist-open-data.s3.amazonaws.com/photos/447170432/medium.jpg
Reptilia,Chinese Green Snake,Ptyas major,22.33636,103.84379,2021-08-21,no,https://www.inaturalist.org/observations/250079107,https://inaturalist-open-data.s3.amazonaws.com/photos/447170842/medium.jpg
Reptilia,South China Green Snake,Ptyas multicincta,22.33636,103.84379,2023-03-09,no,https://www.inaturalist.org/observations/250079399,https://inaturalist-open-data.s3.amazonaws.com/photos/447171604/medium.jpg
Reptilia,Heller's Red-necked Keelback,Rhabdophis helleri,22.33636,103.84379,2021-06-01,no,https://www.inaturalist.org/observations/250079499,https://inaturalist-open-data.s3.amazonaws.com/photos/447171803/medium.jpg
Reptilia,Tonkin Pit Viper,Ovophis tonkinensis,22.33636,103.84379,2020-08-19,no,https://www.inaturalist.org/observations/250079768,https://inaturalist-open-data.s3.amazonaws.com/photos/447172282/medium.jpg
Reptilia,Chinese Bamboo Ratsnake,Oreocryptophis vaillanti,22.33636,103.84379,2021-06-21,no,https://www.inaturalist.org/observations/250080392,https://inaturalist-open-data.s3.amazonaws.com/photos/447173447/medium.jpg
Reptilia,Delacour's Mountain Snake,Plagiopholis delacouri,22.33636,103.84379,2022-06-23,no,https://www.inaturalist.org/observations/250082018,https://inaturalist-open-data.s3.amazonaws.com/photos/565772426/medium.jpg
Reptilia,Mandarin Ratsnake,Euprepiophis mandarinus,22.32361,103.85463,2022-06-25,no,https://www.inaturalist.org/observations/250083824,https://inaturalist-open-data.s3.amazonaws.com/photos/447180770/medium.jpg
Reptilia,Common Mock Viper,Psammodynastes pulverulentus,22.32361,103.85463,2022-09-26,no,https://www.inaturalist.org/observations/250086610,https://inaturalist-open-data.s3.amazonaws.com/photos/447186844/medium.jpg
Reptilia,Yunnan Beauty Snake,Elaphe taeniura yunnanensis,22.32361,103.85463,2022-09-02,no,https://www.inaturalist.org/observations/250087170,https://inaturalist-open-data.s3.amazonaws.com/photos/447188066/medium.jpg
Reptilia,Namdong Wolf Snake,Lycodon chapaensis,22.32361,103.85463,2022-07-24,no,https://www.inaturalist.org/observations/250087324,https://inaturalist-open-data.s3.amazonaws.com/photos/447188663/medium.jpg
Reptilia,Banded Wolf Snake,Lycodon fasciatus,22.32361,103.85463,2021-10-14,no,https://www.inaturalist.org/observations/250089046,https://inaturalist-open-data.s3.amazonaws.com/photos/447192009/medium.jpg
Reptilia,Heller's Red-necked Keelback,Rhabdophis helleri,22.32361,103.85463,2022-10-15,no,https://www.inaturalist.org/observations/250256533,https://inaturalist-open-data.s3.amazonaws.com/photos/447533569/medium.jpg
Reptilia,Hampton's Slug Snake,Pareas hamptoni,22.32361,103.85463,2021-12-27,no,https://www.inaturalist.org/observations/250257559,https://inaturalist-open-data.s3.amazonaws.com/photos/447534063/medium.jpg
Plantae,nipplefruit,Solanum mammosum,22.33636,103.84378,2024-11-05,no,https://www.inaturalist.org/observations/250567757,https://inaturalist-open-data.s3.amazonaws.com/photos/448159870/medium.jpeg
Arachnida,Joro Spider,Trichonephila clavata,22.33866,103.82553,2024-11-05,no,https://www.inaturalist.org/observations/250752867,https://inaturalist-open-data.s3.amazonaws.com/photos/448535034/medium.jpeg
Insecta,Tropical Swallowtail Moth,Lyssa zampa,22.33839,103.82419,2024-11-05,no,https://www.inaturalist.org/observations/250752874,https://inaturalist-open-data.s3.amazonaws.com/photos/448535059/medium.jpeg
Plantae,Paper mulberry,Broussonetia papyrifera,22.33253,103.83637,2024-10-29,no,https://www.inaturalist.org/observations/251304243,https://static.inaturalist.org/photos/449635248/medium.jpeg
Insecta,Large Green Grasshopper,Chondracris rosea,22.30253,103.88888,2024-11-18,no,https://www.inaturalist.org/observations/252225093,https://inaturalist-open-data.s3.amazonaws.com/photos/451474522/medium.jpeg
Arachnida,Joro Spider,Trichonephila clavata,22.33381,103.83673,2024-11-05,no,https://www.inaturalist.org/observations/252877687,https://static.inaturalist.org/photos/452729779/medium.jpeg
Aves,Hill Prinia,Prinia superciliaris,22.33636,103.84379,2024-11-06,no,https://www.inaturalist.org/observations/252878343,https://static.inaturalist.org/photos/452730798/medium.jpeg
Aves,Red-billed Blue-Magpie,Urocissa erythroryncha,22.33636,103.84379,2024-11-06,no,https://www.inaturalist.org/observations/253033385,https://static.inaturalist.org/photos/453000585/medium.jpeg
Insecta,White Dragontail Butterfly,Lamproptera curius,22.33636,103.84379,2024-11-06,no,https://www.inaturalist.org/observations/253033617,https://static.inaturalist.org/photos/453001226/medium.jpeg
Insecta,Indian Cabbage White,Pieris canidia,22.33636,103.84379,2024-11-06,no,https://www.inaturalist.org/observations/253033693,https://static.inaturalist.org/photos/453001747/medium.jpeg
Insecta,Red-based Jezebel,Delias pasithoe,22.33636,103.84379,2024-11-06,no,https://www.inaturalist.org/observations/253033813,https://static.inaturalist.org/photos/453001919/medium.jpeg
Aves,Oriental Greenfinch,Chloris sinica,22.33636,103.84379,2024-11-06,no,https://www.inaturalist.org/observations/253034092,https://static.inaturalist.org/photos/453002321/medium.jpeg
Arachnida,Spiny Orb-Weaver Spider,Gasteracantha diadesmia,22.33132,103.84153,2024-11-19,no,https://www.inaturalist.org/observations/253190783,https://inaturalist-open-data.s3.amazonaws.com/photos/453304095/medium.jpg
Insecta,ocellated shield bug,Cantao ocellatus,22.30828,103.87228,2024-11-28,no,https://www.inaturalist.org/observations/253383290,https://static.inaturalist.org/photos/453682202/medium.jpeg
Plantae,Crofton Weed,Ageratina adenophora,22.33000,103.84402,2024-11-29,no,https://www.inaturalist.org/observations/253495914,https://inaturalist-open-data.s3.amazonaws.com/photos/453942228/medium.jpeg
Plantae,,Elsholtzia blanda,22.32983,103.84352,2024-11-29,no,https://www.inaturalist.org/observations/253513342,https://inaturalist-open-data.s3.amazonaws.com/photos/453942275/medium.jpeg
Plantae,Mignonette vine,Anredera cordifolia,22.30418,103.90822,2024-12-01,no,https://www.inaturalist.org/observations/253691750,https://inaturalist-open-data.s3.amazonaws.com/photos/454295858/medium.jpeg
Insecta,Striped Blue Crow,Euploea mulciber,22.32818,103.83211,2024-12-02,no,https://www.inaturalist.org/observations/253834476,https://inaturalist-open-data.s3.amazonaws.com/photos/454577367/medium.jpeg
Insecta,Straight-banded Treebrown,Lethe verma,22.32862,103.83174,2024-12-02,no,https://www.inaturalist.org/observations/253834564,https://inaturalist-open-data.s3.amazonaws.com/photos/454577617/medium.jpeg
Plantae,Paper mulberry,Broussonetia papyrifera,22.32947,103.83412,2024-11-27,no,https://www.inaturalist.org/observations/254104014,https://inaturalist-open-data.s3.amazonaws.com/photos/455079721/medium.jpeg
Plantae,pink knotweed,Persicaria capitata,22.33102,103.83424,2024-11-27,no,https://www.inaturalist.org/observations/254104033,https://inaturalist-open-data.s3.amazonaws.com/photos/455079802/medium.jpeg
Plantae,Roxburgh fig,Ficus auriculata,22.33097,103.83491,2024-11-27,no,https://www.inaturalist.org/observations/254104076,https://inaturalist-open-data.s3.amazonaws.com/photos/455079858/medium.jpeg
Plantae,Edible debregeasia,Debregeasia orientalis,22.32819,103.83325,2024-11-27,no,https://www.inaturalist.org/observations/254104130,https://inaturalist-open-data.s3.amazonaws.com/photos/455079977/medium.jpeg
Plantae,Asian Taro,Alocasia odora,22.32822,103.83306,2024-11-27,no,https://www.inaturalist.org/observations/254104205,https://inaturalist-open-data.s3.amazonaws.com/photos/455080138/medium.jpeg
Plantae,,Rhaphidophora decursiva,22.32839,103.83227,2024-11-27,no,https://www.inaturalist.org/observations/254104458,https://inaturalist-open-data.s3.amazonaws.com/photos/455080741/medium.jpeg
Plantae,tropical soda-apple,Solanum viarum,22.33138,103.83270,2024-11-27,no,https://www.inaturalist.org/observations/254299786,https://inaturalist-open-data.s3.amazonaws.com/photos/455469995/medium.jpg
Plantae,,Stephania cephalantha,22.33100,103.83482,2024-11-27,no,https://www.inaturalist.org/observations/254299892,https://inaturalist-open-data.s3.amazonaws.com/photos/455470087/medium.jpg
Plantae,pink knotweed,Persicaria capitata,22.35251,103.80296,2024-12-04,no,https://www.inaturalist.org/observations/254475490,https://inaturalist-open-data.s3.amazonaws.com/photos/455822436/medium.jpeg
Reptilia,Asian House Gecko,Hemidactylus frenatus,22.33719,103.84656,2024-12-01,no,https://www.inaturalist.org/observations/254692446,https://inaturalist-open-data.s3.amazonaws.com/photos/456257731/medium.jpg
Insecta,Great Mormon,Papilio agenor,22.33719,103.84656,2024-12-01,no,https://www.inaturalist.org/observations/254692448,https://inaturalist-open-data.s3.amazonaws.com/photos/456257745/medium.jpg
Insecta,Small Yellow Sailer,Neptis miah,22.32936,103.83515,2024-12-03,no,https://www.inaturalist.org/observations/254766657,https://inaturalist-open-data.s3.amazonaws.com/photos/456409286/medium.jpg
Insecta,,Ischyja manlia,22.33370,103.83784,2024-12-11,no,https://www.inaturalist.org/observations/254787578,https://inaturalist-open-data.s3.amazonaws.com/photos/456451947/medium.jpg
Plantae,Chayote,Sicyos edulis,22.33410,103.84803,2024-12-02,no,https://www.inaturalist.org/observations/254797591,https://inaturalist-open-data.s3.amazonaws.com/photos/456471508/medium.jpg
Plantae,,Streptolirion volubile,22.33410,103.84803,2024-12-02,no,https://www.inaturalist.org/observations/254797625,https://inaturalist-open-data.s3.amazonaws.com/photos/456471588/medium.jpg
Plantae,pink knotweed,Persicaria capitata,22.33717,103.84494,2024-11-30,no,https://www.inaturalist.org/observations/254856668,https://inaturalist-open-data.s3.amazonaws.com/photos/456591775/medium.jpg
Arachnida,Joro Spider,Trichonephila clavata,22.33636,103.84379,2024-11-19,no,https://www.inaturalist.org/observations/254876840,https://inaturalist-open-data.s3.amazonaws.com/photos/456632554/medium.jpeg
Plantae,,Clematis leschenaultiana,22.33870,103.82424,2024-12-12,no,https://www.inaturalist.org/observations/254881270,https://inaturalist-open-data.s3.amazonaws.com/photos/456642737/medium.jpg
Insecta,Small White,Pieris rapae,22.33861,103.82424,2024-12-12,no,https://www.inaturalist.org/observations/254881294,https://inaturalist-open-data.s3.amazonaws.com/photos/456642821/medium.jpg
Plantae,white clover,Trifolium repens,22.33957,103.82525,2024-12-12,no,https://www.inaturalist.org/observations/254881389,https://inaturalist-open-data.s3.amazonaws.com/photos/456643262/medium.jpg
Insecta,,Timomenus lugens,22.33375,103.83791,2024-12-12,no,https://www.inaturalist.org/observations/254892153,https://inaturalist-open-data.s3.amazonaws.com/photos/456666410/medium.jpg
Insecta,,Lopharthrum comprimens,22.33881,103.85128,2024-12-04,no,https://www.inaturalist.org/observations/254966058,https://inaturalist-open-data.s3.amazonaws.com/photos/456815042/medium.jpg
Insecta,,Sewa orbiferata,22.33378,103.83781,2024-12-13,no,https://www.inaturalist.org/observations/254966384,https://inaturalist-open-data.s3.amazonaws.com/photos/456816202/medium.jpg
Plantae,Trailing abutilon,Callianthe megapotamica,22.32899,103.83147,2024-12-13,no,https://www.inaturalist.org/observations/254989860,https://inaturalist-open-data.s3.amazonaws.com/photos/456863313/medium.jpg
Plantae,bluemink,Ageratum houstonianum,22.30637,103.89517,2024-12-14,no,https://www.inaturalist.org/observations/255028527,https://inaturalist-open-data.s3.amazonaws.com/photos/456939758/medium.jpeg
Plantae,redflower ragleaf,Crassocephalum crepidioides,22.30637,103.89517,2024-12-14,no,https://www.inaturalist.org/observations/255028769,https://inaturalist-open-data.s3.amazonaws.com/photos/456940192/medium.jpeg
Plantae,tropical soda-apple,Solanum viarum,22.30637,103.89517,2024-12-14,no,https://www.inaturalist.org/observations/255028866,https://inaturalist-open-data.s3.amazonaws.com/photos/456940354/medium.jpeg
Insecta,,Macaldenia palumba,22.33374,103.83782,2024-12-14,no,https://www.inaturalist.org/observations/255033620,https://inaturalist-open-data.s3.amazonaws.com/photos/456949912/medium.jpg
Plantae,Squash,Cucurbita moschata,22.30202,103.90279,2024-12-14,no,https://www.inaturalist.org/observations/255041167,https://inaturalist-open-data.s3.amazonaws.com/photos/456964999/medium.jpeg
Insecta,Greater Asian Lady Beetle,Harmonia dimidiata,22.27621,103.96702,2024-12-03,no,https://www.inaturalist.org/observations/255085432,https://inaturalist-open-data.s3.amazonaws.com/photos/457054553/medium.jpg
Insecta,Red Helen Swallowtail,Papilio helenus,22.27621,103.96702,2024-12-03,no,https://www.inaturalist.org/observations/255085433,https://inaturalist-open-data.s3.amazonaws.com/photos/457054561/medium.jpg
Insecta,Painted Lady,Vanessa cardui,22.27621,103.96702,2024-12-03,no,https://www.inaturalist.org/observations/255085435,https://inaturalist-open-data.s3.amazonaws.com/photos/457054567/medium.jpg
Plantae,Mother of Millions,Kalanchoe delagoensis,22.33374,103.84972,2024-12-14,no,https://www.inaturalist.org/observations/255128435,https://inaturalist-open-data.s3.amazonaws.com/photos/457140763/medium.jpg
Plantae,Mexican sunflower,Tithonia diversifolia,22.33362,103.84911,2024-12-14,no,https://www.inaturalist.org/observations/255128461,https://inaturalist-open-data.s3.amazonaws.com/photos/457140803/medium.jpg
Plantae,China knotweed,Persicaria chinensis,22.33271,103.84801,2024-12-14,no,https://www.inaturalist.org/observations/255128501,https://inaturalist-open-data.s3.amazonaws.com/photos/457140926/medium.jpg
Aves,White-capped Redstart,Phoenicurus leucocephalus,22.36194,103.78920,2024-12-12,no,https://www.inaturalist.org/observations/255175423,https://inaturalist-open-data.s3.amazonaws.com/photos/457230963/medium.jpeg
Aves,Plumbeous Water Redstart,Phoenicurus fuliginosus,22.36254,103.78985,2024-12-12,no,https://www.inaturalist.org/observations/255175425,https://inaturalist-open-data.s3.amazonaws.com/photos/457230978/medium.jpeg
Aves,Asian Tit,Parus cinereus,22.33420,103.84776,2024-12-14,no,https://www.inaturalist.org/observations/255175427,https://inaturalist-open-data.s3.amazonaws.com/photos/457231016/medium.jpeg
Aves,Rufous-capped Babbler,Cyanoderma ruficeps,22.33353,103.84997,2024-12-14,no,https://www.inaturalist.org/observations/255175434,https://inaturalist-open-data.s3.amazonaws.com/photos/457231122/medium.jpeg
Aves,Black-throated Sunbird,Aethopyga saturata,22.33340,103.85025,2024-12-14,no,https://www.inaturalist.org/observations/255175441,https://inaturalist-open-data.s3.amazonaws.com/photos/457231477/medium.jpeg
Insecta,,Blenina quinaria,22.33384,103.83784,2024-12-16,no,https://www.inaturalist.org/observations/255242392,https://inaturalist-open-data.s3.amazonaws.com/photos/457394501/medium.jpg
Plantae,tropical soda-apple,Solanum viarum,22.34003,103.85593,2024-12-01,no,https://www.inaturalist.org/observations/255373553,https://inaturalist-open-data.s3.amazonaws.com/photos/457641298/medium.jpg
Plantae,Common Pratia,Lobelia nummularia,22.33364,103.84848,2024-12-02,no,https://www.inaturalist.org/observations/255466801,https://inaturalist-open-data.s3.amazonaws.com/photos/457807742/medium.jpg
Plantae,Bristletips,Oxyspora paniculata,22.33364,103.84848,2024-12-02,no,https://www.inaturalist.org/observations/255466811,https://inaturalist-open-data.s3.amazonaws.com/photos/457807781/medium.jpg
Plantae,Crofton Weed,Ageratina adenophora,22.33700,103.86284,2024-12-01,no,https://www.inaturalist.org/observations/255648164,https://inaturalist-open-data.s3.amazonaws.com/photos/458184965/medium.jpg
Plantae,Pink Strobilanthes,Strobilanthes cusia,22.33700,103.86284,2024-12-01,no,https://www.inaturalist.org/observations/255648167,https://inaturalist-open-data.s3.amazonaws.com/photos/458184975/medium.jpg
Plantae,Fishbone Fern,Nephrolepis cordifolia,22.33700,103.86284,2024-12-01,no,https://www.inaturalist.org/observations/255648180,https://inaturalist-open-data.s3.amazonaws.com/photos/458185030/medium.jpg
Plantae,Giant fishtail palm,Caryota obtusa,22.33332,103.84985,2024-12-02,no,https://www.inaturalist.org/observations/255723981,https://inaturalist-open-data.s3.amazonaws.com/photos/458338064/medium.jpg
Plantae,,Rhaphidophora decursiva,22.33332,103.84985,2024-12-02,no,https://www.inaturalist.org/observations/255723999,https://inaturalist-open-data.s3.amazonaws.com/photos/458338094/medium.jpg
Insecta,Dark Cerulean,Jamides bochus,22.27621,103.96702,2024-12-03,no,https://www.inaturalist.org/observations/255737128,https://inaturalist-open-data.s3.amazonaws.com/photos/458365999/medium.jpg
Insecta,,Gabala argentata,22.27621,103.96702,2024-12-03,no,https://www.inaturalist.org/observations/255737133,https://inaturalist-open-data.s3.amazonaws.com/photos/458366032/medium.jpg
Insecta,,Metoeca nymphulalis,22.27621,103.96702,2024-12-03,no,https://www.inaturalist.org/observations/255737135,https://inaturalist-open-data.s3.amazonaws.com/photos/458366049/medium.jpg
Insecta,,Nola cretacea,22.27621,103.96702,2024-12-03,no,https://www.inaturalist.org/observations/255737138,https://inaturalist-open-data.s3.amazonaws.com/photos/458366060/medium.jpg
Reptilia,Indo-Pacific House Gecko,Hemidactylus garnotii,22.27621,103.96702,2024-12-03,no,https://www.inaturalist.org/observations/255737147,https://inaturalist-open-data.s3.amazonaws.com/photos/458366074/medium.jpg
Insecta,,Creobroter,22.27621,103.96702,2024-12-03,no,https://www.inaturalist.org/observations/255737157,https://inaturalist-open-data.s3.amazonaws.com/photos/458366105/medium.jpg
Insecta,Straight-banded Treebrown,Lethe verma,22.29349,103.84985,2024-12-03,no,https://www.inaturalist.org/observations/255850269,https://inaturalist-open-data.s3.amazonaws.com/photos/458595280/medium.jpg
Insecta,Straight-banded Treebrown,Lethe verma,22.29349,103.84985,2024-12-03,no,https://www.inaturalist.org/observations/255850272,https://inaturalist-open-data.s3.amazonaws.com/photos/458595286/medium.jpg
Plantae,redflower ragleaf,Crassocephalum crepidioides,22.29349,103.84985,2024-12-03,no,https://www.inaturalist.org/observations/255850276,https://inaturalist-open-data.s3.amazonaws.com/photos/458595293/medium.jpg
Insecta,Straight-banded Treebrown,Lethe verma,22.32509,103.88910,2024-12-01,no,https://www.inaturalist.org/observations/255939271,https://inaturalist-open-data.s3.amazonaws.com/photos/458762383/medium.jpg
Plantae,Cannabis,Cannabis sativa,22.32509,103.88910,2024-12-01,no,https://www.inaturalist.org/observations/255939278,https://inaturalist-open-data.s3.amazonaws.com/photos/458762406/medium.jpg
Insecta,Scarce Lilacfork,Lethe dura,22.32509,103.88910,2024-12-01,no,https://www.inaturalist.org/observations/255939288,https://inaturalist-open-data.s3.amazonaws.com/photos/458762447/medium.jpg
Plantae,redflower ragleaf,Crassocephalum crepidioides,22.32509,103.88910,2024-12-01,no,https://www.inaturalist.org/observations/255939290,https://inaturalist-open-data.s3.amazonaws.com/photos/458762448/medium.jpg
Plantae,shaggy soldier,Galinsoga quadriradiata,22.33537,103.84364,2024-12-19,no,https://www.inaturalist.org/observations/256460863,https://inaturalist-open-data.s3.amazonaws.com/photos/459828731/medium.jpg
Plantae,Mother-of-thousands,Saxifraga stolonifera,22.33498,103.84488,2024-12-19,no,https://www.inaturalist.org/observations/256461226,https://inaturalist-open-data.s3.amazonaws.com/photos/459830869/medium.jpg
Plantae,pink knotweed,Persicaria capitata,22.33444,103.84618,2024-12-19,no,https://www.inaturalist.org/observations/256462036,https://inaturalist-open-data.s3.amazonaws.com/photos/459832852/medium.jpg
Plantae,Zebra Spiderwort,Tradescantia zebrina,22.33293,103.84829,2024-12-19,no,https://www.inaturalist.org/observations/256464033,https://inaturalist-open-data.s3.amazonaws.com/photos/459841302/medium.jpg
Plantae,pot marigold,Calendula officinalis,22.33364,103.84959,2024-12-19,no,https://www.inaturalist.org/observations/256467872,https://inaturalist-open-data.s3.amazonaws.com/photos/459842124/medium.jpg
Plantae,Jerusalem cherry,Solanum pseudocapsicum,22.33380,103.84946,2024-12-19,no,https://www.inaturalist.org/observations/256467896,https://inaturalist-open-data.s3.amazonaws.com/photos/459842171/medium.jpg
Plantae,,Rhaphidophora decursiva,22.33422,103.84879,2024-12-19,no,https://www.inaturalist.org/observations/256468787,https://inaturalist-open-data.s3.amazonaws.com/photos/459844262/medium.jpg
Plantae,scarlet powder-puff,Calliandra haematocephala,22.33334,103.84890,2024-12-19,no,https://www.inaturalist.org/observations/256468865,https://inaturalist-open-data.s3.amazonaws.com/photos/459844328/medium.jpg
Insecta,Asian Widow,Palpopleura sexmaculata,22.27621,103.96702,2024-12-04,no,https://www.inaturalist.org/observations/256619066,https://inaturalist-open-data.s3.amazonaws.com/photos/460151110/medium.jpg
Insecta,Danaid Eggfly,Hypolimnas misippus,22.27621,103.96702,2024-12-04,no,https://www.inaturalist.org/observations/256619068,https://inaturalist-open-data.s3.amazonaws.com/photos/460151108/medium.jpg
Insecta,,Eucoptacra binghami,22.27621,103.96702,2024-12-04,no,https://www.inaturalist.org/observations/256619069,https://inaturalist-open-data.s3.amazonaws.com/photos/460151119/medium.jpg
Insecta,Danaid Eggfly,Hypolimnas misippus,22.27621,103.96702,2024-12-04,no,https://www.inaturalist.org/observations/256619070,https://inaturalist-open-data.s3.amazonaws.com/photos/460151124/medium.jpg
Insecta,Tropical Fritillary,Argynnis hyperbius,22.27621,103.96702,2024-12-04,no,https://www.inaturalist.org/observations/256619071,https://inaturalist-open-data.s3.amazonaws.com/photos/460151123/medium.jpg
Insecta,Dark Judy,Spitosa fylla,22.27621,103.96702,2024-12-04,no,https://www.inaturalist.org/observations/256619075,https://inaturalist-open-data.s3.amazonaws.com/photos/460151150/medium.jpg
Insecta,Black-spotted Labyrinth,Neope muirheadii,22.27621,103.96702,2024-12-04,no,https://www.inaturalist.org/observations/256619084,https://inaturalist-open-data.s3.amazonaws.com/photos/460151165/medium.jpg
Plantae,Jerusalem cherry,Solanum pseudocapsicum,22.33451,103.84538,2024-12-02,no,https://www.inaturalist.org/observations/256697543,https://inaturalist-open-data.s3.amazonaws.com/photos/460305183/medium.jpg
Plantae,pink knotweed,Persicaria capitata,22.33451,103.84538,2024-12-02,no,https://www.inaturalist.org/observations/256697556,https://inaturalist-open-data.s3.amazonaws.com/photos/460305283/medium.jpg
Plantae,common water hyacinth,Pontederia crassipes,22.32906,103.84928,2024-08-21,no,https://www.inaturalist.org/observations/256935226,https://inaturalist-open-data.s3.amazonaws.com/photos/460788639/medium.jpeg
Insecta,Common Red Skimmer,Orthetrum pruinosum neglectum,22.31716,103.86121,2024-08-21,no,https://www.inaturalist.org/observations/256935570,https://inaturalist-open-data.s3.amazonaws.com/photos/460789020/medium.jpeg
Insecta,Common Mapwing,Cyrestis thyodamas,22.31250,103.85865,2025-01-01,no,https://www.inaturalist.org/observations/257442158,https://inaturalist-open-data.s3.amazonaws.com/photos/461822040/medium.jpg
Insecta,,Actias sinensis sinensis,22.27621,103.96702,2024-12-04,no,https://www.inaturalist.org/observations/258043524,https://inaturalist-open-data.s3.amazonaws.com/photos/462913451/medium.jpg
Insecta,Tropical Swallowtail Moth,Lyssa zampa,22.27621,103.96702,2024-12-04,no,https://www.inaturalist.org/observations/258043564,https://inaturalist-open-data.s3.amazonaws.com/photos/462913529/medium.jpg
Insecta,Tropical Swallowtail Moth,Lyssa zampa,22.27621,103.96702,2024-12-04,no,https://www.inaturalist.org/observations/258043569,https://inaturalist-open-data.s3.amazonaws.com/photos/462913563/medium.jpg
Insecta,,Cerasana rubripuncta,22.27621,103.96702,2024-12-04,no,https://www.inaturalist.org/observations/258043572,https://inaturalist-open-data.s3.amazonaws.com/photos/462913559/medium.jpg
Insecta,,Maurilia iconica,22.27621,103.96702,2024-12-04,no,https://www.inaturalist.org/observations/258043580,https://inaturalist-open-data.s3.amazonaws.com/photos/462913603/medium.jpg
Insecta,,Earias flavida,22.27621,103.96702,2024-12-04,no,https://www.inaturalist.org/observations/258043585,https://inaturalist-open-data.s3.amazonaws.com/photos/462913616/medium.jpg
Insecta,Tropical Swallowtail Moth,Lyssa zampa,22.27621,103.96702,2024-12-04,no,https://www.inaturalist.org/observations/258043593,https://inaturalist-open-data.s3.amazonaws.com/photos/462913652/medium.jpg
Insecta,,Risoba diversipennis,22.27621,103.96702,2024-12-04,no,https://www.inaturalist.org/observations/258043596,https://inaturalist-open-data.s3.amazonaws.com/photos/462913657/medium.jpg
Insecta,,Blenina quinaria,22.27621,103.96702,2024-12-04,no,https://www.inaturalist.org/observations/258043648,https://inaturalist-open-data.s3.amazonaws.com/photos/462913780/medium.jpg
Insecta,,Ardonis chlorophilata,22.27621,103.96702,2024-12-04,no,https://www.inaturalist.org/observations/258043659,https://inaturalist-open-data.s3.amazonaws.com/photos/462913824/medium.jpg
Insecta,,Heortia vitessoides,22.27621,103.96702,2024-12-04,no,https://www.inaturalist.org/observations/258043660,https://inaturalist-open-data.s3.amazonaws.com/photos/462913818/medium.jpg
Insecta,,Sewa orbiferata,22.27621,103.96702,2024-12-04,no,https://www.inaturalist.org/observations/258043669,https://inaturalist-open-data.s3.amazonaws.com/photos/462913831/medium.jpg
Insecta,,Eudocima aurantia,22.27621,103.96702,2024-12-04,no,https://www.inaturalist.org/observations/258043681,https://inaturalist-open-data.s3.amazonaws.com/photos/462913857/medium.jpg
Insecta,,Heortia vitessoides,22.27621,103.96702,2024-12-04,no,https://www.inaturalist.org/observations/258043687,https://inaturalist-open-data.s3.amazonaws.com/photos/462913875/medium.jpg
Aves,Eurasian Tree Sparrow,Passer montanus,22.33636,103.84378,2025-01-12,no,https://www.inaturalist.org/observations/258248962,https://static.inaturalist.org/photos/463315135/medium.jpeg
Insecta,Large Green Grasshopper,Chondracris rosea,22.31546,103.90644,2024-11-13,no,https://www.inaturalist.org/observations/258537817,https://inaturalist-open-data.s3.amazonaws.com/photos/463886175/medium.jpg
Insecta,,Dorcus branaungi,22.31546,103.90644,2024-11-14,no,https://www.inaturalist.org/observations/258561248,https://inaturalist-open-data.s3.amazonaws.com/photos/463934006/medium.jpg
Plantae,tropical soda-apple,Solanum viarum,22.34043,103.83396,2025-01-02,no,https://www.inaturalist.org/observations/259144904,https://static.inaturalist.org/photos/465124261/medium.jpg
Insecta,Marbled White Moth,Nyctemera adversata,22.32390,103.85188,2024-12-26,no,https://www.inaturalist.org/observations/259286287,https://static.inaturalist.org/photos/465412444/medium.jpeg
Insecta,,Eudocima aurantia,22.27621,103.96702,2024-12-05,no,https://www.inaturalist.org/observations/259522977,https://inaturalist-open-data.s3.amazonaws.com/photos/465883253/medium.jpg
Insecta,Mung Bean Moth,Maruca vitrata,22.27621,103.96702,2024-12-05,no,https://www.inaturalist.org/observations/259522989,https://inaturalist-open-data.s3.amazonaws.com/photos/465883329/medium.jpg
Insecta,,Asota plaginota,22.27621,103.96702,2024-12-05,no,https://www.inaturalist.org/observations/259523008,https://inaturalist-open-data.s3.amazonaws.com/photos/465883399/medium.jpg
Insecta,Greater Death's Head Hawkmoth,Acherontia lachesis,22.27621,103.96702,2024-12-05,no,https://www.inaturalist.org/observations/259523015,https://inaturalist-open-data.s3.amazonaws.com/photos/465883411/medium.jpg
Insecta,Tropical Swallowtail Moth,Lyssa zampa,22.27621,103.96702,2024-12-05,no,https://www.inaturalist.org/observations/259523030,https://inaturalist-open-data.s3.amazonaws.com/photos/465883449/medium.jpg
Insecta,White-underwing Artena,Artena dotata,22.27621,103.96702,2024-12-05,no,https://www.inaturalist.org/observations/259523039,https://inaturalist-open-data.s3.amazonaws.com/photos/465883464/medium.jpg
Insecta,,Risoba prominens,22.27621,103.96702,2024-12-05,no,https://www.inaturalist.org/observations/259523050,https://inaturalist-open-data.s3.amazonaws.com/photos/465883473/medium.jpg
Insecta,Tropical Swallowtail Moth,Lyssa zampa,22.27621,103.96702,2024-12-05,no,https://www.inaturalist.org/observations/259523055,https://inaturalist-open-data.s3.amazonaws.com/photos/465883487/medium.jpg
Insecta,,Lipomelia subusta,22.27621,103.96702,2024-12-05,no,https://www.inaturalist.org/observations/259523060,https://inaturalist-open-data.s3.amazonaws.com/photos/465883505/medium.jpg
Insecta,,Blenina quinaria,22.27621,103.96702,2024-12-05,no,https://www.inaturalist.org/observations/259523067,https://inaturalist-open-data.s3.amazonaws.com/photos/465883535/medium.jpg
Insecta,,Tridrepana adelpha,22.27621,103.96702,2024-12-05,no,https://www.inaturalist.org/observations/259523070,https://inaturalist-open-data.s3.amazonaws.com/photos/465883538/medium.jpg
Insecta,Tropical Swallowtail Moth,Lyssa zampa,22.27621,103.96702,2024-12-05,no,https://www.inaturalist.org/observations/259523107,https://inaturalist-open-data.s3.amazonaws.com/photos/465883600/medium.jpg
Insecta,,Blenina quinaria,22.27621,103.96702,2024-12-05,no,https://www.inaturalist.org/observations/259523122,https://inaturalist-open-data.s3.amazonaws.com/photos/465883638/medium.jpg
Insecta,,Krananda semihyalina,22.27621,103.96702,2024-12-05,no,https://www.inaturalist.org/observations/259523150,https://inaturalist-open-data.s3.amazonaws.com/photos/465883666/medium.jpg
Insecta,Tropical Swallowtail Moth,Lyssa zampa,22.27621,103.96702,2024-12-05,no,https://www.inaturalist.org/observations/259523154,https://inaturalist-open-data.s3.amazonaws.com/photos/465883678/medium.jpg
Insecta,,Pidorus atratus,22.27621,103.96702,2024-12-06,no,https://www.inaturalist.org/observations/260902133,https://inaturalist-open-data.s3.amazonaws.com/photos/468622207/medium.jpg
Plantae,Papaya,Carica papaya,22.30031,103.89390,2025-02-01,no,https://www.inaturalist.org/observations/261255292,https://inaturalist-open-data.s3.amazonaws.com/photos/469324711/medium.jpeg
Plantae,pink knotweed,Persicaria capitata,22.33174,103.83547,2025-02-11,no,https://www.inaturalist.org/observations/261406866,https://inaturalist-open-data.s3.amazonaws.com/photos/469624265/medium.jpg
Insecta,,Calicnemia uenoi,22.33636,103.84379,2018-06-12,no,https://www.inaturalist.org/observations/261957099,https://inaturalist-open-data.s3.amazonaws.com/photos/470713096/medium.jpg
Plantae,China-fir,Cunninghamia lanceolata,22.33312,103.83982,2025-02-23,no,https://www.inaturalist.org/observations/262753577,https://inaturalist-open-data.s3.amazonaws.com/photos/471897235/medium.jpg
Plantae,Mexican Bush Sage,Salvia leucantha,22.34006,103.82605,2025-02-23,no,https://www.inaturalist.org/observations/262770999,https://inaturalist-open-data.s3.amazonaws.com/photos/471934156/medium.jpg
Plantae,Nepal Geranium,Geranium nepalense,22.33929,103.82450,2025-02-23,no,https://www.inaturalist.org/observations/262771119,https://inaturalist-open-data.s3.amazonaws.com/photos/471934197/medium.jpg
Plantae,Fringed Iris,Iris japonica,22.31077,103.87586,2025-02-22,no,https://www.inaturalist.org/observations/262831312,https://inaturalist-open-data.s3.amazonaws.com/photos/472055569/medium.jpg
Plantae,,Cymbidium lowianum,22.33954,103.82450,2025-02-26,no,https://www.inaturalist.org/observations/263120668,https://inaturalist-open-data.s3.amazonaws.com/photos/472633807/medium.jpg
Plantae,pink knotweed,Persicaria capitata,22.33697,103.84082,2025-03-04,no,https://www.inaturalist.org/observations/263839859,https://inaturalist-open-data.s3.amazonaws.com/photos/474054684/medium.jpg
Plantae,Cannabis,Cannabis sativa,22.31277,103.89078,2025-03-04,no,https://www.inaturalist.org/observations/263852761,https://inaturalist-open-data.s3.amazonaws.com/photos/474082993/medium.jpg
Reptilia,Kuhne's Grass Lizard,Takydromus kuehnei,22.30681,103.89623,2025-03-05,no,https://www.inaturalist.org/observations/263944923,https://inaturalist-open-data.s3.amazonaws.com/photos/474262151/medium.jpg
Insecta,,Gametis bealiae,22.30678,103.89618,2025-03-05,no,https://www.inaturalist.org/observations/263945266,https://inaturalist-open-data.s3.amazonaws.com/photos/474262767/medium.jpg
Insecta,Asian Honey Bee,Apis cerana,22.30578,103.89114,2025-03-05,no,https://www.inaturalist.org/observations/263951195,https://inaturalist-open-data.s3.amazonaws.com/photos/474275251/medium.jpg
Insecta,Marbled White Moth,Nyctemera adversata,22.30686,103.89608,2025-03-06,no,https://www.inaturalist.org/observations/264061828,https://inaturalist-open-data.s3.amazonaws.com/photos/474489579/medium.jpg
Insecta,,Xenocatantops brachycerus,22.30196,103.89993,2024-12-11,no,https://www.inaturalist.org/observations/264473824,https://static.inaturalist.org/photos/474907012/medium.jpeg
Aves,Plumbeous Water Redstart,Phoenicurus fuliginosus,22.30498,103.89001,2025-03-10,no,https://www.inaturalist.org/observations/264788506,https://static.inaturalist.org/photos/475511558/medium.jpeg
Aves,White Wagtail,Motacilla alba,22.30509,103.89002,2025-03-10,no,https://www.inaturalist.org/observations/264789215,https://static.inaturalist.org/photos/475513252/medium.jpeg
Aves,Grey-headed Canary-Flycatcher,Culicicapa ceylonensis,22.30510,103.89002,2025-03-10,no,https://www.inaturalist.org/observations/264789354,https://static.inaturalist.org/photos/475513536/medium.jpeg
Aves,Grey Wagtail,Motacilla cinerea,22.30507,103.89001,2025-03-10,no,https://www.inaturalist.org/observations/264789417,https://static.inaturalist.org/photos/475513720/medium.jpeg
Insecta,Spangle Swallowtail,Papilio protenor,22.30483,103.90854,2025-03-11,no,https://www.inaturalist.org/observations/265002869,https://inaturalist-open-data.s3.amazonaws.com/photos/475926609/medium.jpg
Plantae,tropical soda-apple,Solanum viarum,22.37624,103.85290,2025-03-11,no,https://www.inaturalist.org/observations/265020421,https://inaturalist-open-data.s3.amazonaws.com/photos/475962852/medium.jpeg
Plantae,garden nasturtium,Tropaeolum majus,22.32744,103.84667,2025-03-11,no,https://www.inaturalist.org/observations/265020455,https://inaturalist-open-data.s3.amazonaws.com/photos/475962943/medium.jpeg
Plantae,pink knotweed,Persicaria capitata,22.32747,103.84653,2025-03-11,no,https://www.inaturalist.org/observations/265020460,https://inaturalist-open-data.s3.amazonaws.com/photos/475962960/medium.jpeg
Aves,Domestic Mallard,Anas platyrhynchos domesticus,22.26249,103.84056,2025-03-11,yes,https://www.inaturalist.org/observations/265130479,https://inaturalist-open-data.s3.amazonaws.com/photos/476178944/medium.jpeg
Plantae,tropical soda-apple,Solanum viarum,22.36787,103.86896,2025-03-11,no,https://www.inaturalist.org/observations/265130725,https://inaturalist-open-data.s3.amazonaws.com/photos/476179382/medium.jpeg
Aves,Mrs Gould's Sunbird (Scarlet-breasted),Aethopyga gouldiae dabryii,22.33452,103.85737,2025-02-01,no,https://www.inaturalist.org/observations/266332064,https://inaturalist-open-data.s3.amazonaws.com/photos/478517528/medium.jpg
Plantae,garden nasturtium,Tropaeolum majus,22.32744,103.84667,2025-03-11,no,https://www.inaturalist.org/observations/266374768,https://inaturalist-open-data.s3.amazonaws.com/photos/478600056/medium.jpeg
Plantae,pink knotweed,Persicaria capitata,22.32747,103.84653,2025-03-11,no,https://www.inaturalist.org/observations/266374784,https://inaturalist-open-data.s3.amazonaws.com/photos/478600119/medium.jpeg
Plantae,tropical soda-apple,Solanum viarum,22.37619,103.85290,2025-03-11,no,https://www.inaturalist.org/observations/266374811,https://inaturalist-open-data.s3.amazonaws.com/photos/478600165/medium.jpeg
Reptilia,South China Green Snake,Ptyas multicincta,22.28517,103.96121,2025-03-25,no,https://www.inaturalist.org/observations/266859298,https://static.inaturalist.org/photos/479500543/medium.jpg
Insecta,Cabbage White,Pieris canidia canidia,22.32761,103.84882,2025-03-28,no,https://www.inaturalist.org/observations/267306215,https://static.inaturalist.org/photos/480360366/medium.jpg
Insecta,Crimson-tailed Marsh Hawk,Orthetrum pruinosum,22.28130,103.93079,2025-04-03,no,https://www.inaturalist.org/observations/268488185,https://inaturalist-open-data.s3.amazonaws.com/photos/482616092/medium.jpg
Insecta,,Cydalima pfeifferae,22.27621,103.96702,2024-12-06,no,https://www.inaturalist.org/observations/268726632,https://inaturalist-open-data.s3.amazonaws.com/photos/483068582/medium.jpg
Insecta,,Arthroschista hilaralis,22.27621,103.96702,2024-12-06,no,https://www.inaturalist.org/observations/268726678,https://inaturalist-open-data.s3.amazonaws.com/photos/483068756/medium.jpg
Insecta,Hawaiian Beet Webworm Moth,Spoladea recurvalis,22.27621,103.96702,2024-12-06,no,https://www.inaturalist.org/observations/268726686,https://inaturalist-open-data.s3.amazonaws.com/photos/483068774/medium.jpg
Insecta,,Rhesala imparata,22.27621,103.96702,2024-12-06,no,https://www.inaturalist.org/observations/268726748,https://inaturalist-open-data.s3.amazonaws.com/photos/483069005/medium.jpg
Insecta,,Ophiusa trapezium,22.27621,103.96702,2024-12-06,no,https://www.inaturalist.org/observations/268726868,https://inaturalist-open-data.s3.amazonaws.com/photos/483069920/medium.jpg
Insecta,,Lipomelia subusta,22.27621,103.96702,2024-12-06,no,https://www.inaturalist.org/observations/268726870,https://inaturalist-open-data.s3.amazonaws.com/photos/483069975/medium.jpg
Insecta,White-underwing Artena,Artena dotata,22.27621,103.96702,2024-12-06,no,https://www.inaturalist.org/observations/268726905,https://inaturalist-open-data.s3.amazonaws.com/photos/483070323/medium.jpg
Insecta,,Blenina quinaria,22.27621,103.96702,2024-12-06,no,https://www.inaturalist.org/observations/268726919,https://inaturalist-open-data.s3.amazonaws.com/photos/483070440/medium.jpg
Plantae,pink knotweed,Persicaria capitata,22.33597,103.84287,2025-04-12,no,https://www.inaturalist.org/observations/269947325,https://static.inaturalist.org/photos/485426721/medium.jpg
Amphibia,Mukhlesur's Narrow-mouthed Frog,Microhyla mukhlesuri,22.30315,103.90299,2025-04-16,no,https://www.inaturalist.org/observations/270825452,
Insecta,Indian Red Admiral,Vanessa indica,22.33330,103.84753,2025-04-11,no,https://www.inaturalist.org/observations/271383221,https://inaturalist-open-data.s3.amazonaws.com/photos/488158639/medium.jpeg
Insecta,Common Bluebottle,Graphium sarpedon,22.33328,103.84732,2025-04-11,no,https://www.inaturalist.org/observations/271383444,https://inaturalist-open-data.s3.amazonaws.com/photos/488159432/medium.jpeg
Insecta,Straight-banded Treebrown,Lethe verma,22.33280,103.84863,2025-04-11,no,https://www.inaturalist.org/observations/271383647,https://inaturalist-open-data.s3.amazonaws.com/photos/488160203/medium.jpeg
Insecta,Indian Cabbage White,Pieris canidia,22.33395,103.84622,2025-04-14,no,https://www.inaturalist.org/observations/271386298,https://inaturalist-open-data.s3.amazonaws.com/photos/488164857/medium.jpeg
Insecta,Lilacine Bushbrown,Mycalesis francisca,22.33389,103.84625,2025-04-15,no,https://www.inaturalist.org/observations/271386674,https://inaturalist-open-data.s3.amazonaws.com/photos/488165581/medium.jpeg
Reptilia,Yunnan Beauty Snake,Elaphe taeniura yunnanensis,22.33821,103.82398,2025-04-23,no,https://www.inaturalist.org/observations/272416051,https://inaturalist-open-data.s3.amazonaws.com/photos/490104275/medium.jpg
Insecta,Marbled White Moth,Nyctemera adversata,22.30730,103.87359,2025-04-25,no,https://www.inaturalist.org/observations/273171346,https://static.inaturalist.org/photos/491366932/medium.jpeg
Reptilia,Gumprecht's Green Pitviper,Trimeresurus gumprechti,22.33636,103.84378,2025-04-18,no,https://www.inaturalist.org/observations/274539830,https://static.inaturalist.org/photos/493534587/medium.jpeg
Amphibia,Fea's Flying Tree Frog,Zhangixalus feae,22.33636,103.84378,2025-04-17,no,https://www.inaturalist.org/observations/274540497,https://static.inaturalist.org/photos/493535597/medium.jpeg
Amphibia,Dubois' Whipping Frog,Zhangixalus duboisi,22.33548,103.86953,2025-04-18,no,https://www.inaturalist.org/observations/274540935,https://static.inaturalist.org/photos/493536358/medium.jpeg
Insecta,,Dicronocephalus bowringi,22.30558,103.88096,2025-04-26,no,https://www.inaturalist.org/observations/276930767,https://static.inaturalist.org/photos/497276250/medium.jpeg
Reptilia,Heller's Red-necked Keelback,Rhabdophis helleri,22.33844,103.82825,2025-04-24,no,https://www.inaturalist.org/observations/276931395,https://static.inaturalist.org/photos/497277255/medium.jpeg
Reptilia,Yunnan Beauty Snake,Elaphe taeniura yunnanensis,22.33636,103.84379,2025-04-21,no,https://www.inaturalist.org/observations/277316332,https://inaturalist-open-data.s3.amazonaws.com/photos/497953222/medium.jpg
Amphibia,Spot-legged Tree Frog,Polypedates megacephalus,22.31546,103.90644,2025-04-25,no,https://www.inaturalist.org/observations/277508287,https://static.inaturalist.org/photos/498290316/medium.jpg
Insecta,Common Windmill,Byasa polyeuctes,22.29454,103.90469,2024-03-30,no,https://www.inaturalist.org/observations/278174964,https://inaturalist-open-data.s3.amazonaws.com/photos/499479174/medium.jpeg
Aves,Domestic Chicken,Gallus gallus domesticus,22.33410,103.84191,2024-03-29,no,https://www.inaturalist.org/observations/278175314,https://inaturalist-open-data.s3.amazonaws.com/photos/499479902/medium.jpeg
Aves,Barn Swallow,Hirundo rustica,22.30270,103.89021,2024-03-29,no,https://www.inaturalist.org/observations/278175731,https://inaturalist-open-data.s3.amazonaws.com/photos/499480368/medium.jpeg
Aves,Domestic Chicken,Gallus gallus domesticus,22.29162,103.91021,2024-11-06,no,https://www.inaturalist.org/observations/278560827,https://static.inaturalist.org/photos/500177089/medium.jpg
Arachnida,Joro Spider,Trichonephila clavata,22.30722,103.86236,2024-11-28,no,https://www.inaturalist.org/observations/279244188,https://static.inaturalist.org/photos/501432717/medium.jpeg
Reptilia,Chinese Green Snake,Ptyas major,22.31165,103.84403,2025-05-09,no,https://www.inaturalist.org/observations/279864795,https://inaturalist-open-data.s3.amazonaws.com/photos/502601536/medium.jpg
Insecta,Yellow Coster,Telchinia issoria,22.33516,103.84595,2025-05-10,no,https://www.inaturalist.org/observations/280199315,https://inaturalist-open-data.s3.amazonaws.com/photos/503228208/medium.jpg
Insecta,,Paratalainga distanti,22.33543,103.84599,2025-05-10,no,https://www.inaturalist.org/observations/280201822,https://inaturalist-open-data.s3.amazonaws.com/photos/503232600/medium.jpg
Insecta,,Molipteryx hardwickii,22.34031,103.84787,2025-05-21,no,https://www.inaturalist.org/observations/282872042,https://inaturalist-open-data.s3.amazonaws.com/photos/508246043/medium.jpg
Reptilia,Guanyinshan Mountain Pitviper,Ovophis zhaoermii,22.25939,103.99143,2023-10-16,no,https://www.inaturalist.org/observations/283343324,https://inaturalist-open-data.s3.amazonaws.com/photos/509117870/medium.jpg
Plantae,oceanblue morning glory,Ipomoea indica,22.33171,103.83483,2025-06-03,no,https://www.inaturalist.org/observations/286426625,https://inaturalist-open-data.s3.amazonaws.com/photos/514922793/medium.jpg
Plantae,New Guinea Impatiens,Impatiens hawkeri,22.33754,103.84513,2025-06-03,no,https://www.inaturalist.org/observations/286427139,https://inaturalist-open-data.s3.amazonaws.com/photos/514923956/medium.jpg
Plantae,Globe amaranth,Gomphrena globosa,22.33686,103.82484,2025-06-04,no,https://www.inaturalist.org/observations/286753235,https://inaturalist-open-data.s3.amazonaws.com/photos/515547989/medium.jpg
Plantae,Cup-and-saucer vine,Cobaea scandens,22.33473,103.84701,2025-06-04,no,https://www.inaturalist.org/observations/286753292,https://inaturalist-open-data.s3.amazonaws.com/photos/515551030/medium.jpg
Reptilia,Vietnam Water Snake,Hebius chapaensis,22.32672,103.83485,2025-06-05,no,https://www.inaturalist.org/observations/286991949,https://static.inaturalist.org/photos/516001123/medium.jpg
Reptilia,Banded Wolf Snake,Lycodon fasciatus,22.33146,103.85931,2021-09-14,no,https://www.inaturalist.org/observations/287202826,https://static.inaturalist.org/photos/516393853/medium.jpg
Amphibia,Spot-legged Tree Frog,Polypedates megacephalus,22.33059,103.83181,2025-06-06,no,https://www.inaturalist.org/observations/287307519,https://static.inaturalist.org/photos/516589759/medium.jpg
Reptilia,Namdong Wolf Snake,Lycodon chapaensis,22.34356,103.80533,2024-10-05,no,https://www.inaturalist.org/observations/287470492,https://static.inaturalist.org/photos/516893429/medium.jpg
Insecta,Indian Cabbage White,Pieris canidia,22.33160,103.82552,2025-06-07,no,https://www.inaturalist.org/observations/287496495,https://static.inaturalist.org/photos/516944418/medium.jpg
Insecta,Striped Blue Crow,Euploea mulciber,22.33135,103.82517,2025-06-07,no,https://www.inaturalist.org/observations/287496544,https://static.inaturalist.org/photos/516996187/medium.jpg
Insecta,,Lymantria apicebrunnea,22.33968,103.83663,2025-06-07,no,https://www.inaturalist.org/observations/287638616,https://static.inaturalist.org/photos/517224350/medium.jpg
Insecta,Brown Speckled Cicada,Asianopleura hilpa,22.33135,103.82509,2025-06-07,no,https://www.inaturalist.org/observations/287639079,https://static.inaturalist.org/photos/517224400/medium.jpg
Reptilia,Hampton's Slug Snake,Pareas hamptoni,22.33175,103.82729,2025-06-07,no,https://www.inaturalist.org/observations/287651076,https://static.inaturalist.org/photos/517224491/medium.jpg
Insecta,Great Mormon,Papilio agenor,22.33116,103.82513,2025-06-08,no,https://www.inaturalist.org/observations/287810363,https://static.inaturalist.org/photos/517531756/medium.jpg
Insecta,,Stichophthalma howqua,22.31893,103.85779,2025-06-09,no,https://www.inaturalist.org/observations/288140816,https://static.inaturalist.org/photos/518151259/medium.jpg
Plantae,oceanblue morning glory,Ipomoea indica,22.33068,103.83141,2025-06-10,no,https://www.inaturalist.org/observations/288368602,https://inaturalist-open-data.s3.amazonaws.com/photos/518582008/medium.jpg
Reptilia,Big-Eyed Ratsnake,Ptyas dhumnades,22.32258,103.82748,2024-11-04,no,https://www.inaturalist.org/observations/288444645,https://static.inaturalist.org/photos/518731616/medium.jpg
Insecta,Crimson-tailed Marsh Hawk,Orthetrum pruinosum,22.31025,103.86102,2025-06-10,no,https://www.inaturalist.org/observations/288463979,https://static.inaturalist.org/photos/518766501/medium.jpg
Plantae,tropical soda-apple,Solanum viarum,22.31060,103.87572,2025-06-10,no,https://www.inaturalist.org/observations/288464550,https://static.inaturalist.org/photos/518767424/medium.jpg
Plantae,common water hyacinth,Pontederia crassipes,22.30822,103.87721,2025-06-10,no,https://www.inaturalist.org/observations/288464607,https://static.inaturalist.org/photos/518767508/medium.jpg
Aves,Eurasian Tree Sparrow,Passer montanus,22.30814,103.87715,2025-06-10,no,https://www.inaturalist.org/observations/288464654,https://static.inaturalist.org/photos/518767585/medium.jpg
Fungi,bridal veil stinkhorn,Phallus indusiatus,22.28839,103.89915,2025-06-11,no,https://www.inaturalist.org/observations/288639459,https://static.inaturalist.org/photos/519167163/medium.jpg
Insecta,Indian Cabbage White,Pieris canidia,22.33604,103.84299,2025-06-11,no,https://www.inaturalist.org/observations/288661119,https://static.inaturalist.org/photos/519140841/medium.jpg
Insecta,Paris Peacock Swallowtail,Papilio paris,22.33048,103.83622,2025-06-11,no,https://www.inaturalist.org/observations/288676777,https://static.inaturalist.org/photos/519172315/medium.jpg
Plantae,Golden lotus banana,Musella lasiocarpa,22.29484,103.95734,2025-06-11,yes,https://www.inaturalist.org/observations/288676804,https://static.inaturalist.org/photos/519172352/medium.jpg
Insecta,Stripe-eyed Lagoon Fly,Eristalinus taeniops,22.31885,103.85782,2025-06-12,no,https://www.inaturalist.org/observations/288908015,https://static.inaturalist.org/photos/519599324/medium.jpg
Reptilia,Chinese Green Snake,Ptyas major,22.33636,103.84379,2013-09-07,no,https://www.inaturalist.org/observations/289165919,https://inaturalist-open-data.s3.amazonaws.com/photos/520073032/medium.jpg
Arachnida,Black-striped Orchard Spider,Leucauge celebesiana,22.39726,103.83352,2022-07-19,no,https://www.inaturalist.org/observations/289480256,https://inaturalist-open-data.s3.amazonaws.com/photos/520673286/medium.jpg
Insecta,,Pidorus albifascia,22.36320,103.85146,2022-07-18,no,https://www.inaturalist.org/observations/289482900,https://inaturalist-open-data.s3.amazonaws.com/photos/520677556/medium.jpg
Insecta,Crimson-tailed Marsh Hawk,Orthetrum pruinosum,22.36063,103.85255,2022-07-18,no,https://www.inaturalist.org/observations/289482966,https://inaturalist-open-data.s3.amazonaws.com/photos/520677721/medium.jpg
Insecta,Spangle Swallowtail,Papilio protenor,22.29822,103.90351,2025-06-15,no,https://www.inaturalist.org/observations/289780237,https://static.inaturalist.org/photos/521233609/medium.jpg
Insecta,Common Evening Brown,Melanitis leda,22.30312,103.89904,2025-06-15,no,https://www.inaturalist.org/observations/289780259,https://static.inaturalist.org/photos/521233647/medium.jpg
Insecta,Zebra Blue,Leptotes plinius,22.30200,103.89982,2025-06-15,no,https://www.inaturalist.org/observations/289780284,https://static.inaturalist.org/photos/521233704/medium.jpg
Insecta,Great Eggfly,Hypolimnas bolina,22.29827,103.90313,2025-06-15,no,https://www.inaturalist.org/observations/289780341,https://static.inaturalist.org/photos/521233789/medium.jpg
Insecta,,Stichophthalma howqua,22.30402,103.89851,2025-06-15,no,https://www.inaturalist.org/observations/289780350,https://static.inaturalist.org/photos/521233819/medium.jpg
Insecta,Red-based Jezebel,Delias pasithoe,22.30398,103.89867,2025-06-15,no,https://www.inaturalist.org/observations/289780370,https://static.inaturalist.org/photos/521233858/medium.jpg
Insecta,Tropical Fritillary,Argynnis hyperbius,22.33673,103.82542,2025-06-16,no,https://www.inaturalist.org/observations/290113252,https://static.inaturalist.org/photos/521865803/medium.jpg
Insecta,Indian Cabbage White,Pieris canidia,22.33683,103.82548,2025-06-16,no,https://www.inaturalist.org/observations/290113302,https://static.inaturalist.org/photos/521865933/medium.jpg
Insecta,Red-based Jezebel,Delias pasithoe,22.33669,103.82524,2025-06-16,no,https://www.inaturalist.org/observations/290136754,https://static.inaturalist.org/photos/521908549/medium.jpg
Insecta,Red Helen Swallowtail,Papilio helenus,22.32773,103.83347,2025-06-17,no,https://www.inaturalist.org/observations/290386779,https://static.inaturalist.org/photos/522385871/medium.jpg
Insecta,Tabby,Pseudergolis wedah,22.32778,103.83361,2025-06-17,no,https://www.inaturalist.org/observations/290386823,https://static.inaturalist.org/photos/522385971/medium.jpg
Aves,Grey Bushchat,Saxicola ferreus,22.32806,103.84565,2025-06-19,no,https://www.inaturalist.org/observations/290893403,https://inaturalist-open-data.s3.amazonaws.com/photos/523342139/medium.jpg
Insecta,,Stichophthalma howqua,22.32516,103.84566,2025-06-19,no,https://www.inaturalist.org/observations/290895969,https://inaturalist-open-data.s3.amazonaws.com/photos/523346722/medium.jpg
Aves,Plumbeous Water Redstart,Phoenicurus fuliginosus,22.33636,103.84378,2025-05-06,no,https://www.inaturalist.org/observations/290941249,https://inaturalist-open-data.s3.amazonaws.com/photos/523427139/medium.jpg
Insecta,,Notonagemia analis,22.30506,103.90768,2025-05-06,no,https://www.inaturalist.org/observations/290941527,https://inaturalist-open-data.s3.amazonaws.com/photos/523427683/medium.jpg
Insecta,,Talainga binghami,22.30495,103.90759,2025-05-06,no,https://www.inaturalist.org/observations/290941912,https://inaturalist-open-data.s3.amazonaws.com/photos/523428267/medium.jpg
Reptilia,Kuhne's Grass Lizard,Takydromus kuehnei,22.30698,103.90822,2025-05-07,no,https://www.inaturalist.org/observations/290946568,https://inaturalist-open-data.s3.amazonaws.com/photos/523437039/medium.jpg
Reptilia,South China Green Snake,Ptyas multicincta,22.29959,103.91487,2025-05-07,no,https://www.inaturalist.org/observations/290949455,https://inaturalist-open-data.s3.amazonaws.com/photos/523441811/medium.jpg
Insecta,,Pieris erutae,22.33490,103.84132,2025-06-20,no,https://www.inaturalist.org/observations/291098347,https://inaturalist-open-data.s3.amazonaws.com/photos/523720529/medium.jpg
Insecta,Common Bluebottle,Graphium sarpedon,22.31272,103.85839,2025-06-20,no,https://www.inaturalist.org/observations/291136208,https://inaturalist-open-data.s3.amazonaws.com/photos/523797402/medium.jpg
Insecta,Great Mormon,Papilio agenor,22.31008,103.87572,2025-06-20,no,https://www.inaturalist.org/observations/291136499,https://inaturalist-open-data.s3.amazonaws.com/photos/523798041/medium.jpg
Plantae,Butterfly ginger lily,Hedychium coronarium,22.33636,103.84378,2023-10-21,no,https://www.inaturalist.org/observations/291400621,https://inaturalist-open-data.s3.amazonaws.com/photos/524296371/medium.jpg
Insecta,Small White,Pieris rapae,22.33576,103.84137,2024-04-21,no,https://www.inaturalist.org/observations/292035009,https://inaturalist-open-data.s3.amazonaws.com/photos/525489786/medium.jpg
Insecta,,Stichophthalma howqua,22.29721,103.89362,2025-06-17,no,https://www.inaturalist.org/observations/292106044,https://inaturalist-open-data.s3.amazonaws.com/photos/525626861/medium.jpg
Insecta,Punchinello,Zemeros flegyas,22.30027,103.87969,2025-06-17,no,https://www.inaturalist.org/observations/292106347,https://inaturalist-open-data.s3.amazonaws.com/photos/525627334/medium.jpg
Insecta,Dark Blue Tiger,Tirumala septentrionis,22.30137,103.89339,2025-06-18,no,https://www.inaturalist.org/observations/292107289,https://inaturalist-open-data.s3.amazonaws.com/photos/525629316/medium.jpg
Insecta,,Platerodrilus igneus,22.33348,103.84762,2025-06-17,no,https://www.inaturalist.org/observations/292375995,https://inaturalist-open-data.s3.amazonaws.com/photos/526141211/medium.jpg
Arachnida,Joro Spider,Trichonephila clavata,22.34336,103.83758,2024-01-01,no,https://www.inaturalist.org/observations/293125797,https://static.inaturalist.org/photos/527561492/medium.jpg
Plantae,tropical soda-apple,Solanum viarum,22.33014,103.83249,2024-01-03,no,https://www.inaturalist.org/observations/293125807,https://static.inaturalist.org/photos/527562579/medium.jpg
Insecta,Tropical Swallowtail Moth,Lyssa zampa,22.33014,103.83249,2024-01-05,no,https://www.inaturalist.org/observations/293125808,https://static.inaturalist.org/photos/527562901/medium.jpg
Plantae,New Guinea Impatiens,Impatiens hawkeri,22.33771,103.82433,2025-06-30,no,https://www.inaturalist.org/observations/293966500,https://inaturalist-open-data.s3.amazonaws.com/photos/529087304/medium.jpg
Plantae,Turkey Berry,Solanum torvum,22.28758,103.91192,2025-06-30,no,https://www.inaturalist.org/observations/294018572,https://static.inaturalist.org/photos/529185999/medium.jpg
Insecta,White Dragontail Butterfly,Lamproptera curius,22.28799,103.91309,2025-07-01,no,https://www.inaturalist.org/observations/294256427,https://static.inaturalist.org/photos/529636223/medium.jpg
Insecta,Bumble Bees,Bombus,22.28845,103.91102,2025-06-30,no,https://www.inaturalist.org/observations/294261201,https://static.inaturalist.org/photos/529645018/medium.jpg
Plantae,American pokeweed,Phytolacca americana,22.28837,103.91109,2025-06-30,no,https://www.inaturalist.org/observations/294261275,https://static.inaturalist.org/photos/529645176/medium.jpg
Insecta,Tropical Swallowtail Moth,Lyssa zampa,22.34015,103.82613,2025-07-01,no,https://www.inaturalist.org/observations/294269588,https://inaturalist-open-data.s3.amazonaws.com/photos/529661546/medium.jpg
Aves,Barn Swallow,Hirundo rustica,22.33118,103.83442,2025-07-02,no,https://www.inaturalist.org/observations/294568726,https://inaturalist-open-data.s3.amazonaws.com/photos/530218372/medium.jpg
Insecta,Peacock Pansy,Junonia almana,22.28798,103.91299,2025-07-03,no,https://www.inaturalist.org/observations/294763917,https://static.inaturalist.org/photos/530589601/medium.jpg
Insecta,Crimson-tailed Marsh Hawk,Orthetrum pruinosum,22.31228,103.89916,2025-07-03,no,https://www.inaturalist.org/observations/294780999,https://static.inaturalist.org/photos/530625081/medium.jpg
Insecta,Tropical Swallowtail Moth,Lyssa zampa,22.31201,103.86062,2025-07-03,no,https://www.inaturalist.org/observations/294809767,https://inaturalist-open-data.s3.amazonaws.com/photos/530678070/medium.jpg
Insecta,Tropical Swallowtail Moth,Lyssa zampa,22.33772,103.83800,2025-07-05,no,https://www.inaturalist.org/observations/295253472,https://static.inaturalist.org/photos/531506971/medium.jpg
Insecta,,Pidorus atratus,22.31782,103.85696,2025-07-06,no,https://www.inaturalist.org/observations/295687517,https://inaturalist-open-data.s3.amazonaws.com/photos/532333350/medium.jpg
Insecta,,Histia flabellicornis,22.32797,103.83334,2025-07-05,no,https://www.inaturalist.org/observations/295689987,https://inaturalist-open-data.s3.amazonaws.com/photos/532337636/medium.jpg
Insecta,Staff Sergeant,Athyma selenophora,22.33194,103.84987,2025-07-05,no,https://www.inaturalist.org/observations/295859431,https://inaturalist-open-data.s3.amazonaws.com/photos/532658380/medium.jpg
Insecta,Common Rose Swallowtail,Pachliopta aristolochiae,22.33693,103.86000,2025-07-05,no,https://www.inaturalist.org/observations/295872034,https://inaturalist-open-data.s3.amazonaws.com/photos/532683740/medium.jpg
Insecta,Black and White Helen,Papilio chaon,22.33192,103.84780,2025-07-05,no,https://www.inaturalist.org/observations/295873651,https://inaturalist-open-data.s3.amazonaws.com/photos/532687089/medium.jpg
Insecta,Crimson-tailed Marsh Hawk,Orthetrum pruinosum,22.30696,103.87982,2025-07-08,no,https://www.inaturalist.org/observations/296223641,https://inaturalist-open-data.s3.amazonaws.com/photos/533366042/medium.jpg
Insecta,Tropical Swallowtail Moth,Lyssa zampa,22.33897,103.85153,2025-07-08,no,https://www.inaturalist.org/observations/296232546,https://inaturalist-open-data.s3.amazonaws.com/photos/533382825/medium.jpg
Insecta,,Stichophthalma howqua,22.32846,103.85708,2025-07-06,no,https://www.inaturalist.org/observations/296431835,https://inaturalist-open-data.s3.amazonaws.com/photos/533761810/medium.jpg
Insecta,,Stichophthalma howqua,22.33111,103.86386,2025-07-05,no,https://www.inaturalist.org/observations/296432054,https://inaturalist-open-data.s3.amazonaws.com/photos/533762218/medium.jpg
Insecta,,Caliphaea confusa,22.33636,103.84379,2018-06-12,no,https://www.inaturalist.org/observations/296737314,https://inaturalist-open-data.s3.amazonaws.com/photos/534344673/medium.jpg
Insecta,Tropical Swallowtail Moth,Lyssa zampa,22.33565,103.84163,2023-07-09,no,https://www.inaturalist.org/observations/297323872,https://inaturalist-open-data.s3.amazonaws.com/photos/535453752/medium.jpg
Insecta,,Trichogomphus mongol,22.32059,103.85224,2025-07-14,no,https://www.inaturalist.org/observations/297851009,https://static.inaturalist.org/photos/536452733/medium.jpg
Insecta,,Stichophthalma howqua,22.30047,103.89434,2025-07-15,no,https://www.inaturalist.org/observations/298140233,https://static.inaturalist.org/photos/536997280/medium.jpg
Insecta,Angled Castor,Ariadne ariadne,22.30134,103.89920,2025-07-15,no,https://www.inaturalist.org/observations/298142671,https://static.inaturalist.org/photos/537002339/medium.jpg
Insecta,Peacock Pansy,Junonia almana,22.30086,103.89877,2025-07-15,no,https://www.inaturalist.org/observations/298142921,https://static.inaturalist.org/photos/537002944/medium.jpg
Insecta,Glassy Tiger,Parantica aglea,22.29412,103.90533,2025-07-15,no,https://www.inaturalist.org/observations/298145838,https://static.inaturalist.org/photos/537009316/medium.jpg
Insecta,,Trichogomphus mongol,22.29541,103.89843,2025-07-15,no,https://www.inaturalist.org/observations/298147769,https://static.inaturalist.org/photos/537013427/medium.jpg
Insecta,,Trombonia brevialata,22.27660,103.96765,2025-07-15,no,https://www.inaturalist.org/observations/298584112,https://static.inaturalist.org/photos/537848017/medium.jpg
Insecta,Great Eggfly,Hypolimnas bolina,22.27694,103.96528,2025-07-17,no,https://www.inaturalist.org/observations/298625192,https://static.inaturalist.org/photos/537929455/medium.jpg
Insecta,Australian Cockroach,Validiblatta australasiae,22.27647,103.96761,2025-07-18,no,https://www.inaturalist.org/observations/298798761,https://static.inaturalist.org/photos/538257920/medium.jpg
Insecta,Slender Skimmer,Orthetrum sabina,22.27661,103.96576,2025-07-18,no,https://www.inaturalist.org/observations/298878845,https://static.inaturalist.org/photos/538416874/medium.jpg
Insecta,Indian Moon Moth,Actias selene,22.33248,103.83939,2025-07-19,no,https://www.inaturalist.org/observations/299178470,https://static.inaturalist.org/photos/538987791/medium.jpg
Plantae,China-fir,Cunninghamia lanceolata,22.33360,103.84346,2025-07-21,no,https://www.inaturalist.org/observations/299772295,https://inaturalist-open-data.s3.amazonaws.com/photos/540792092/medium.jpg
Plantae,tropical soda-apple,Solanum viarum,22.30711,103.86806,2025-07-23,no,https://www.inaturalist.org/observations/300344904,https://inaturalist-open-data.s3.amazonaws.com/photos/541156843/medium.jpg
Insecta,,Macromia moorei malayana,22.33448,103.83876,2024-07-28,no,https://www.inaturalist.org/observations/301136562,https://inaturalist-open-data.s3.amazonaws.com/photos/542624243/medium.jpg
Plantae,castor bean,Ricinus communis,22.32776,103.83396,2025-07-27,no,https://www.inaturalist.org/observations/301477132,https://static.inaturalist.org/photos/543263814/medium.jpg
Insecta,,Tosena albata,22.32752,103.83360,2025-07-28,no,https://www.inaturalist.org/observations/301778421,https://inaturalist-open-data.s3.amazonaws.com/photos/543828207/medium.jpg
Insecta,,Camponotus singularis singularis,22.32940,103.83096,2025-07-28,no,https://www.inaturalist.org/observations/301778633,https://inaturalist-open-data.s3.amazonaws.com/photos/543828507/medium.jpg
Insecta,Yellow Coster,Telchinia issoria,22.33636,103.84378,2025-08-01,no,https://www.inaturalist.org/observations/302836558,https://inaturalist-open-data.s3.amazonaws.com/photos/545791874/medium.jpg
Insecta,Green Dragontail Butterfly,Lamproptera meges,22.29452,103.91508,2025-08-03,no,https://www.inaturalist.org/observations/303346896,https://inaturalist-open-data.s3.amazonaws.com/photos/546746287/medium.jpg
Insecta,Blue-tailed Forest Hawk,Orthetrum triangulare,22.29215,103.90325,2025-08-03,no,https://www.inaturalist.org/observations/303347108,https://inaturalist-open-data.s3.amazonaws.com/photos/546746689/medium.jpg
Insecta,,Neolucanus sinicus,22.33636,103.84378,2025-08-02,no,https://www.inaturalist.org/observations/303878723,https://inaturalist-open-data.s3.amazonaws.com/photos/547753607/medium.jpg
Aves,Black-throated Tit,Aegithalos concinnus,22.33390,103.84760,2019-04-14,no,https://www.inaturalist.org/observations/303942361,https://inaturalist-open-data.s3.amazonaws.com/photos/547875907/medium.jpg
Aves,Brown-breasted Bulbul,Pycnonotus xanthorrhous,22.33371,103.84768,2019-04-14,no,https://www.inaturalist.org/observations/303943672,https://inaturalist-open-data.s3.amazonaws.com/photos/547878807/medium.jpg
Insecta,,Pieris erutae,22.33437,103.84751,2019-04-14,no,https://www.inaturalist.org/observations/303951061,https://inaturalist-open-data.s3.amazonaws.com/photos/547879948/medium.jpg
Insecta,Dark Clouded Yellow,Colias fieldii,22.33452,103.84757,2019-04-14,no,https://www.inaturalist.org/observations/304120967,https://inaturalist-open-data.s3.amazonaws.com/photos/548211118/medium.jpg
Insecta,Dark Clouded Yellow,Colias fieldii,22.33429,103.84757,2019-04-14,no,https://www.inaturalist.org/observations/304121783,https://inaturalist-open-data.s3.amazonaws.com/photos/548216848/medium.jpg
Aves,Hill Prinia,Prinia superciliaris,22.33456,103.84835,2019-04-14,no,https://www.inaturalist.org/observations/304125737,https://inaturalist-open-data.s3.amazonaws.com/photos/548224836/medium.jpg
Insecta,,Mesopodagrion tibetanum,22.35998,103.78213,2019-04-15,no,https://www.inaturalist.org/observations/304212746,https://inaturalist-open-data.s3.amazonaws.com/photos/548391331/medium.jpg
Insecta,Large Silverstripe,Argynnis childreni,22.34619,103.82387,2019-04-15,no,https://www.inaturalist.org/observations/304670041,https://inaturalist-open-data.s3.amazonaws.com/photos/549266279/medium.jpg
Insecta,Spectacle Swordtail,Graphium mandarinus,22.35253,103.81694,2019-04-15,no,https://www.inaturalist.org/observations/304677103,https://inaturalist-open-data.s3.amazonaws.com/photos/549267709/medium.jpg
Insecta,Yellow Coster,Telchinia issoria,22.34904,103.81986,2019-04-15,no,https://www.inaturalist.org/observations/304682192,https://inaturalist-open-data.s3.amazonaws.com/photos/549288162/medium.jpg
Insecta,Yellow Labyrinth,Neope armandii,22.32627,103.81109,2019-04-17,no,https://www.inaturalist.org/observations/305144816,https://inaturalist-open-data.s3.amazonaws.com/photos/550150350/medium.jpg
Insecta,,Neolucanus maximus,22.33636,103.84378,2025-08-09,no,https://www.inaturalist.org/observations/305155951,https://static.inaturalist.org/photos/550177602/medium.jpg
Insecta,,Barca bicolor,22.32744,103.81385,2019-04-18,no,https://www.inaturalist.org/observations/305450472,https://inaturalist-open-data.s3.amazonaws.com/photos/550741523/medium.jpg
Insecta,Parry's Stag-beetle,Neolucanus parryi,22.33636,103.84378,2025-08-11,no,https://www.inaturalist.org/observations/305453224,https://static.inaturalist.org/photos/550749154/medium.jpg
Insecta,Spangle Swallowtail,Papilio protenor,22.32839,103.81646,2019-04-18,no,https://www.inaturalist.org/observations/305453910,https://inaturalist-open-data.s3.amazonaws.com/photos/550748032/medium.jpg
Aves,Black-throated Tit,Aegithalos concinnus,22.33395,103.84810,2019-04-18,no,https://www.inaturalist.org/observations/305462009,https://inaturalist-open-data.s3.amazonaws.com/photos/550764416/medium.jpg
Insecta,Indian Red Admiral,Vanessa indica,22.33225,103.84913,2019-04-18,no,https://www.inaturalist.org/observations/305462444,https://inaturalist-open-data.s3.amazonaws.com/photos/550765198/medium.jpg
Aves,,Monticola solitarius pandoo,22.34013,103.83924,2019-04-19,no,https://www.inaturalist.org/observations/305501137,https://inaturalist-open-data.s3.amazonaws.com/photos/550834152/medium.jpg
Insecta,Wandering Glider,Pantala flavescens,22.33612,103.84525,2025-08-10,no,https://www.inaturalist.org/observations/305681653,https://inaturalist-open-data.s3.amazonaws.com/photos/551181367/medium.jpg
Insecta,Red Lacewing Butterfly,Cethosia biblis,22.33370,103.85912,2025-08-10,no,https://www.inaturalist.org/observations/305681752,https://inaturalist-open-data.s3.amazonaws.com/photos/551181557/medium.jpg
Insecta,Tropical Fritillary,Argynnis hyperbius,22.33287,103.85731,2025-08-10,no,https://www.inaturalist.org/observations/305681812,https://inaturalist-open-data.s3.amazonaws.com/photos/551181718/medium.jpg
Aves,Barn Swallow,Hirundo rustica,22.33894,103.83730,2019-04-19,no,https://www.inaturalist.org/observations/305916689,https://inaturalist-open-data.s3.amazonaws.com/photos/551626986/medium.jpg
Aves,Hodgson's White Wagtail,Motacilla alba alboides,22.33880,103.83711,2019-04-19,no,https://www.inaturalist.org/observations/305917477,https://inaturalist-open-data.s3.amazonaws.com/photos/551628113/medium.jpg
Aves,Hodgson's White Wagtail,Motacilla alba alboides,22.34062,103.83428,2019-04-19,no,https://www.inaturalist.org/observations/305918245,https://inaturalist-open-data.s3.amazonaws.com/photos/551629485/medium.jpg
Insecta,Lemon Migrant,Catopsilia pomona,22.34023,103.84387,2019-04-19,no,https://www.inaturalist.org/observations/305919093,https://inaturalist-open-data.s3.amazonaws.com/photos/551630439/medium.jpg
Aves,Brown-breasted Bulbul,Pycnonotus xanthorrhous,22.33342,103.84909,2019-04-20,no,https://www.inaturalist.org/observations/305920448,https://inaturalist-open-data.s3.amazonaws.com/photos/551632960/medium.jpg
Insecta,Common Rose Swallowtail,Pachliopta aristolochiae,22.33417,103.84861,2019-04-20,no,https://www.inaturalist.org/observations/305921889,https://inaturalist-open-data.s3.amazonaws.com/photos/551636154/medium.jpg
Insecta,,Pieris erutae,22.33447,103.84826,2019-04-20,no,https://www.inaturalist.org/observations/305923447,https://inaturalist-open-data.s3.amazonaws.com/photos/551638587/medium.jpg
Insecta,Slate Awl,Hasora anura,22.33448,103.84836,2019-04-20,no,https://www.inaturalist.org/observations/305925678,https://inaturalist-open-data.s3.amazonaws.com/photos/551640349/medium.jpg
Plantae,castor bean,Ricinus communis,22.30185,103.90030,2025-08-12,no,https://www.inaturalist.org/observations/305926342,https://static.inaturalist.org/photos/551645286/medium.jpg
Insecta,Large Silverstripe,Argynnis childreni,22.33311,103.84958,2019-04-20,no,https://www.inaturalist.org/observations/305926558,https://inaturalist-open-data.s3.amazonaws.com/photos/551645479/medium.jpg
Insecta,Yellow Coster,Telchinia issoria,22.33396,103.84852,2019-04-20,no,https://www.inaturalist.org/observations/305927466,https://inaturalist-open-data.s3.amazonaws.com/photos/551647616/medium.jpg
Insecta,Yellow Coster,Telchinia issoria,22.33376,103.84914,2019-04-20,no,https://www.inaturalist.org/observations/305929159,https://inaturalist-open-data.s3.amazonaws.com/photos/551650940/medium.jpg
Plantae,common lantana,Lantana camara,22.30011,103.90430,2023-05-14,no,https://www.inaturalist.org/observations/306016024,https://inaturalist-open-data.s3.amazonaws.com/photos/551813077/medium.jpg
Plantae,oceanblue morning glory,Ipomoea indica,22.29898,103.89338,2023-05-14,no,https://www.inaturalist.org/observations/306018255,https://inaturalist-open-data.s3.amazonaws.com/photos/551816709/medium.jpg
Plantae,Fansipan fir,Abies delavayi fansipanensis,22.29994,103.79308,2017-08-07,yes,https://www.inaturalist.org/observations/307650078,https://inaturalist-open-data.s3.amazonaws.com/photos/554942394/medium.jpg
Insecta,Great Eggfly,Hypolimnas bolina,22.30011,103.90278,2017-08-08,no,https://www.inaturalist.org/observations/307653025,https://inaturalist-open-data.s3.amazonaws.com/photos/554951279/medium.jpg
Insecta,White Dragontail Butterfly,Lamproptera curius,22.30663,103.87177,2025-08-23,no,https://www.inaturalist.org/observations/308381022,https://static.inaturalist.org/photos/556359372/medium.jpg
Insecta,Tawny Rajah,Charaxes bernardus,22.30662,103.87155,2025-08-23,no,https://www.inaturalist.org/observations/308381049,https://static.inaturalist.org/photos/556359467/medium.jpg
Insecta,Tropical Fritillary,Argynnis hyperbius,22.30704,103.86813,2025-08-23,no,https://www.inaturalist.org/observations/308381116,https://static.inaturalist.org/photos/556359652/medium.jpg
Insecta,,Matrona basilaris,22.31710,103.84646,2025-08-23,no,https://www.inaturalist.org/observations/308381250,https://static.inaturalist.org/photos/556359946/medium.jpg
Plantae,Yoruban bologi,Crassocephalum rubens,22.31775,103.84628,2025-08-23,no,https://www.inaturalist.org/observations/308381407,https://static.inaturalist.org/photos/556360309/medium.jpg
Arachnida,Joro Spider,Trichonephila clavata,22.31830,103.84611,2025-08-23,no,https://www.inaturalist.org/observations/308381501,https://static.inaturalist.org/photos/556360485/medium.jpg
Plantae,tropical soda-apple,Solanum viarum,22.31903,103.84654,2025-08-23,no,https://www.inaturalist.org/observations/308381551,https://static.inaturalist.org/photos/556360624/medium.jpg
Insecta,Common Bluebottle,Graphium sarpedon,22.32378,103.84354,2025-08-23,no,https://www.inaturalist.org/observations/308381896,https://static.inaturalist.org/photos/556361074/medium.jpg
Plantae,Artillery Plant,Pilea microphylla,22.33791,103.84430,2025-08-08,no,https://www.inaturalist.org/observations/308960948,https://inaturalist-open-data.s3.amazonaws.com/photos/557439844/medium.jpg
Amphibia,Chapa Torrent Frog,Odorrana chapaensis,22.40468,103.78815,2025-08-08,yes,https://www.inaturalist.org/observations/309283509,https://inaturalist-open-data.s3.amazonaws.com/photos/558052505/medium.jpg
Insecta,Crimson-tailed Marsh Hawk,Orthetrum pruinosum,22.30664,103.87531,2025-08-29,no,https://www.inaturalist.org/observations/309956967,https://inaturalist-open-data.s3.amazonaws.com/photos/559358210/medium.jpg
Plantae,Red-Lipped Habenaria,Habenaria rhodocheila,22.31970,103.84638,2025-08-28,no,https://www.inaturalist.org/observations/309957409,https://inaturalist-open-data.s3.amazonaws.com/photos/559359031/medium.jpg
Insecta,Yellow Coster,Telchinia issoria,22.32735,103.84592,2025-09-04,no,https://www.inaturalist.org/observations/311429131,https://inaturalist-open-data.s3.amazonaws.com/photos/562192514/medium.jpg
Insecta,Red-based Jezebel,Delias pasithoe,22.33100,103.83401,2025-09-04,no,https://www.inaturalist.org/observations/311429377,https://inaturalist-open-data.s3.amazonaws.com/photos/562193100/medium.jpg
Insecta,Great Mormon,Papilio agenor,22.33105,103.83390,2025-09-04,no,https://www.inaturalist.org/observations/311431947,https://inaturalist-open-data.s3.amazonaws.com/photos/562198291/medium.jpg
Reptilia,Japalure,Diploderma chapaense,22.33288,103.83834,2025-08-09,no,https://www.inaturalist.org/observations/312089242,https://static.inaturalist.org/photos/563432504/medium.jpg
Insecta,Scarlet Skimmer,Crocothemis servilia,22.33636,103.84379,2010-08-13,no,https://www.inaturalist.org/observations/312188663,https://inaturalist-open-data.s3.amazonaws.com/photos/563623448/medium.jpg
Aves,Domestic Chicken,Gallus gallus domesticus,22.30258,103.88537,2025-09-10,no,https://www.inaturalist.org/observations/312873748,https://static.inaturalist.org/photos/564948872/medium.jpg
Insecta,Common Jay,Graphium doson,22.28875,103.91018,2025-09-11,no,https://www.inaturalist.org/observations/313073595,https://static.inaturalist.org/photos/565333735/medium.jpg
Insecta,Staff Sergeant,Athyma selenophora,22.28765,103.90946,2025-09-11,no,https://www.inaturalist.org/observations/313073627,https://static.inaturalist.org/photos/565333948/medium.jpg
Aves,Swan Goose,Anser cygnoides,22.29016,103.90008,2025-09-11,no,https://www.inaturalist.org/observations/313073755,https://static.inaturalist.org/photos/565334102/medium.jpg
Aves,Scaly-breasted Munia,Lonchura punctulata,22.30669,103.90717,2025-09-12,no,https://www.inaturalist.org/observations/313234591,https://static.inaturalist.org/photos/565635919/medium.jpg
Plantae,Hairy Pouzolz's Bush,Gonostegia hirta,22.34156,103.84648,2025-09-12,no,https://www.inaturalist.org/observations/313281019,https://static.inaturalist.org/photos/565730595/medium.jpg
Plantae,Zebra Spiderwort,Tradescantia zebrina,22.32783,103.83331,2025-09-13,no,https://www.inaturalist.org/observations/313481774,https://static.inaturalist.org/photos/566112752/medium.jpg
Insecta,Chinese Peacock Swallowtail,Papilio bianor,22.32698,103.84573,2025-09-14,no,https://www.inaturalist.org/observations/313756692,https://static.inaturalist.org/photos/566632784/medium.jpg
Insecta,Asian Honey Bee,Apis cerana,22.32703,103.84598,2025-09-14,no,https://www.inaturalist.org/observations/313758866,https://static.inaturalist.org/photos/567646158/medium.jpg
Insecta,Great Mormon,Papilio agenor,22.30680,103.88981,2025-09-16,no,https://www.inaturalist.org/observations/314353877,https://inaturalist-open-data.s3.amazonaws.com/photos/567778576/medium.jpg
Insecta,Scarlet Skimmer,Crocothemis servilia,22.29322,103.91021,2025-08-06,no,https://www.inaturalist.org/observations/314852183,https://inaturalist-open-data.s3.amazonaws.com/photos/568708266/medium.jpg
Insecta,,Stichophthalma howqua,22.30068,103.89434,2025-08-08,no,https://www.inaturalist.org/observations/314852324,https://inaturalist-open-data.s3.amazonaws.com/photos/568708544/medium.jpg
Insecta,,Rinaca anna,22.33779,103.85188,2025-09-21,no,https://www.inaturalist.org/observations/315409916,https://inaturalist-open-data.s3.amazonaws.com/photos/569778545/medium.jpg
Mammalia,Domestic Pig,Sus scrofa domesticus,22.34185,103.81329,2019-10-23,no,https://www.inaturalist.org/observations/316701132,https://inaturalist-open-data.s3.amazonaws.com/photos/572222077/medium.jpg
Insecta,Emerald Cockroach Wasp,Ampulex compressa,22.32868,103.83408,2025-09-27,no,https://www.inaturalist.org/observations/316911281,https://inaturalist-open-data.s3.amazonaws.com/photos/572617013/medium.jpg
Aves,Common Tailorbird,Orthotomus sutorius,22.33884,103.85649,2025-09-27,no,https://www.inaturalist.org/observations/316921198,https://inaturalist-open-data.s3.amazonaws.com/photos/572636382/medium.jpg
Aves,Grey Bushchat,Saxicola ferreus,22.33911,103.85623,2025-09-27,no,https://www.inaturalist.org/observations/316921265,https://inaturalist-open-data.s3.amazonaws.com/photos/572636565/medium.jpg
Aves,Little Heron,Butorides atricapilla,22.33743,103.84434,2025-09-27,no,https://www.inaturalist.org/observations/316921424,https://inaturalist-open-data.s3.amazonaws.com/photos/572636930/medium.jpg
Aves,Chinese Pond-Heron,Ardeola bacchus,22.33781,103.84549,2025-09-27,no,https://www.inaturalist.org/observations/316921606,https://inaturalist-open-data.s3.amazonaws.com/photos/572637309/medium.jpg
Insecta,Punchinello,Zemeros flegyas,22.29951,103.89621,2025-09-27,no,https://www.inaturalist.org/observations/316935442,https://inaturalist-open-data.s3.amazonaws.com/photos/572662492/medium.jpg
Aves,Barn Swallow,Hirundo rustica,22.33869,103.84553,2025-09-27,no,https://www.inaturalist.org/observations/317160851,https://inaturalist-open-data.s3.amazonaws.com/photos/573081586/medium.jpg
Plantae,castor bean,Ricinus communis,22.32862,103.83163,2025-09-28,no,https://www.inaturalist.org/observations/317170130,https://inaturalist-open-data.s3.amazonaws.com/photos/573100232/medium.jpg
Insecta,,Rinaca anna,22.31885,103.88931,2025-09-28,no,https://www.inaturalist.org/observations/317219149,https://inaturalist-open-data.s3.amazonaws.com/photos/573194620/medium.jpg
Insecta,Cricula Silkmoth,Cricula trifenestrata,22.31686,103.89129,2025-09-28,no,https://www.inaturalist.org/observations/317219209,https://inaturalist-open-data.s3.amazonaws.com/photos/573194747/medium.jpg
Arachnida,Joro Spider,Trichonephila clavata,22.31548,103.89390,2025-09-28,no,https://www.inaturalist.org/observations/317220201,https://inaturalist-open-data.s3.amazonaws.com/photos/573196282/medium.jpg
Insecta,,Velinus rufiventris,22.31629,103.89091,2025-09-28,no,https://www.inaturalist.org/observations/317220297,https://inaturalist-open-data.s3.amazonaws.com/photos/573196472/medium.jpg
Insecta,Tropical Swallowtail Moth,Lyssa zampa,22.32865,103.84588,2025-07-05,no,https://www.inaturalist.org/observations/317945301,https://inaturalist-open-data.s3.amazonaws.com/photos/574578329/medium.jpg
Insecta,,Achelura hai,22.32834,103.83393,2025-10-03,no,https://www.inaturalist.org/observations/318360650,https://inaturalist-open-data.s3.amazonaws.com/photos/575838195/medium.jpg
Insecta,,Achelura hai,22.33794,103.85072,2025-10-03,no,https://www.inaturalist.org/observations/318391878,https://inaturalist-open-data.s3.amazonaws.com/photos/575431959/medium.jpg
Aves,Little Forktail,Enicurus scouleri,22.32776,103.83353,2025-10-03,no,https://www.inaturalist.org/observations/318601168,https://inaturalist-open-data.s3.amazonaws.com/photos/575838107/medium.jpg
Insecta,Red-based Jezebel,Delias pasithoe,22.31652,103.84761,2025-10-04,no,https://www.inaturalist.org/observations/318803989,https://static.inaturalist.org/photos/576221925/medium.jpg
Insecta,White Dragontail Butterfly,Lamproptera curius,22.32040,103.84680,2025-10-04,no,https://www.inaturalist.org/observations/318804559,https://static.inaturalist.org/photos/576222949/medium.jpg
Plantae,Indian shot,Canna indica,22.31653,103.84739,2025-10-04,no,https://www.inaturalist.org/observations/318804669,https://static.inaturalist.org/photos/576223169/medium.jpg
Insecta,Common Rose Swallowtail,Pachliopta aristolochiae,22.32380,103.84350,2025-10-04,no,https://www.inaturalist.org/observations/318804904,https://static.inaturalist.org/photos/576223697/medium.jpg
Insecta,,Phytomia zonata,22.31950,103.84660,2025-10-04,no,https://www.inaturalist.org/observations/318806447,https://static.inaturalist.org/photos/576226694/medium.jpg
Insecta,Spangle Swallowtail,Papilio protenor,22.33691,103.82458,2025-10-05,no,https://www.inaturalist.org/observations/318822445,https://inaturalist-open-data.s3.amazonaws.com/photos/576257213/medium.jpg
Insecta,Spangle Swallowtail,Papilio protenor,22.33682,103.82478,2025-10-05,no,https://www.inaturalist.org/observations/318822585,https://inaturalist-open-data.s3.amazonaws.com/photos/577135562/medium.jpg
Reptilia,Mandarin Ratsnake,Euprepiophis mandarinus,22.32734,103.82500,2025-10-06,no,https://www.inaturalist.org/observations/319280749,https://static.inaturalist.org/photos/577132705/medium.jpg
Insecta,Yellow-legged Hornet,Vespa velutina,22.33857,103.84541,2025-10-08,no,https://www.inaturalist.org/observations/319470888,https://inaturalist-open-data.s3.amazonaws.com/photos/577497000/medium.jpg
Insecta,Red-based Jezebel,Delias pasithoe,22.33122,103.84190,2025-10-08,no,https://www.inaturalist.org/observations/319514312,https://static.inaturalist.org/photos/577581203/medium.jpg
Insecta,Clipper,Parthenos sylvia,22.31546,103.90644,2025-10-08,no,https://www.inaturalist.org/observations/319514360,https://static.inaturalist.org/photos/577581314/medium.jpg
Insecta,Jeweled Flower Mantis,Creobroter gemmatus,22.33782,103.83257,2025-10-08,no,https://www.inaturalist.org/observations/319602136,https://inaturalist-open-data.s3.amazonaws.com/photos/577881783/medium.jpg
Reptilia,Yunnan Bamboo Pitviper,Trimeresurus yunnanensis,22.32701,103.83191,2025-10-10,no,https://www.inaturalist.org/observations/319915677,https://static.inaturalist.org/photos/578352140/medium.jpg
Insecta,Clipper,Parthenos sylvia,22.31546,103.90644,2024-11-20,no,https://www.inaturalist.org/observations/319925608,https://inaturalist-open-data.s3.amazonaws.com/photos/578370640/medium.jpg
Insecta,Painted Jezebel,Delias hyparete,22.31546,103.90644,2024-11-21,no,https://www.inaturalist.org/observations/319925770,https://inaturalist-open-data.s3.amazonaws.com/photos/578371053/medium.jpg
Insecta,White Dragontail Butterfly,Lamproptera curius,22.31546,103.90644,2024-11-20,no,https://www.inaturalist.org/observations/319925895,https://inaturalist-open-data.s3.amazonaws.com/photos/578371368/medium.jpg
Plantae,Mother-of-thousands,Saxifraga stolonifera,22.32865,103.83475,2025-10-10,no,https://www.inaturalist.org/observations/319950533,https://inaturalist-open-data.s3.amazonaws.com/photos/578418400/medium.jpg
Plantae,drooping fig,Ficus semicordata,22.32827,103.83495,2025-10-10,no,https://www.inaturalist.org/observations/319950601,https://inaturalist-open-data.s3.amazonaws.com/photos/578418590/medium.jpg
Plantae,,Polystichum fraxinellum,22.33430,103.84835,2025-10-10,no,https://www.inaturalist.org/observations/320129061,https://inaturalist-open-data.s3.amazonaws.com/photos/578763333/medium.jpg
Plantae,,Polystichum fraxinellum,22.33430,103.84832,2025-10-10,no,https://www.inaturalist.org/observations/320129275,https://inaturalist-open-data.s3.amazonaws.com/photos/578763718/medium.jpg
Plantae,,Polystichum fraxinellum,22.33420,103.84816,2025-10-10,no,https://www.inaturalist.org/observations/320129437,https://inaturalist-open-data.s3.amazonaws.com/photos/578764031/medium.jpg
Plantae,,Begonia cathayana,22.32549,103.84755,2025-10-11,no,https://www.inaturalist.org/observations/320130021,https://inaturalist-open-data.s3.amazonaws.com/photos/578765436/medium.jpg
Plantae,,Burmannia disticha,22.31301,103.86160,2025-10-11,no,https://www.inaturalist.org/observations/320130449,https://inaturalist-open-data.s3.amazonaws.com/photos/578766300/medium.jpg
Plantae,drooping fig,Ficus semicordata,22.31013,103.87402,2025-10-11,no,https://www.inaturalist.org/observations/320131008,https://inaturalist-open-data.s3.amazonaws.com/photos/578767764/medium.jpg
Plantae,common water hyacinth,Pontederia crassipes,22.30738,103.87919,2025-10-11,no,https://www.inaturalist.org/observations/320131310,https://inaturalist-open-data.s3.amazonaws.com/photos/578768412/medium.jpg
Insecta,,Pyrops clavatus,22.30457,103.88226,2025-10-11,no,https://www.inaturalist.org/observations/320131331,https://inaturalist-open-data.s3.amazonaws.com/photos/578768498/medium.jpg
Plantae,fuzzy flatsedge,Cyperus pilosus,22.30460,103.88223,2025-10-11,no,https://www.inaturalist.org/observations/320131366,https://inaturalist-open-data.s3.amazonaws.com/photos/578768553/medium.jpg
Aves,Eurasian Tree Sparrow,Passer montanus,22.33075,103.83874,2025-08-06,no,https://www.inaturalist.org/observations/320328635,https://inaturalist-open-data.s3.amazonaws.com/photos/579148408/medium.jpg
Aves,Cinnamon Bittern,Botaurus cinnamomeus,22.33048,103.83918,2025-08-06,no,https://www.inaturalist.org/observations/320328637,https://inaturalist-open-data.s3.amazonaws.com/photos/579148384/medium.jpg
Aves,Blue-throated Barbet,Psilopogon asiaticus,22.33026,103.83989,2025-08-06,no,https://www.inaturalist.org/observations/320328638,https://inaturalist-open-data.s3.amazonaws.com/photos/579149437/medium.jpg
Aves,Red Junglefowl,Gallus gallus,22.32977,103.83918,2025-08-06,no,https://www.inaturalist.org/observations/320328639,https://inaturalist-open-data.s3.amazonaws.com/photos/579149726/medium.jpg
Aves,Hill Prinia,Prinia superciliaris,22.32995,103.84004,2025-08-06,no,https://www.inaturalist.org/observations/320328641,https://inaturalist-open-data.s3.amazonaws.com/photos/579148651/medium.jpg
Aves,Common Tailorbird,Orthotomus sutorius,22.34354,103.82258,2025-08-07,no,https://www.inaturalist.org/observations/320329204,https://inaturalist-open-data.s3.amazonaws.com/photos/579150560/medium.jpg
Aves,Plain Prinia,Prinia inornata,22.34395,103.82525,2025-08-07,no,https://www.inaturalist.org/observations/320329205,https://inaturalist-open-data.s3.amazonaws.com/photos/579150643/medium.jpg
Aves,Eurasian Tree Sparrow,Passer montanus,22.34352,103.82370,2025-08-07,no,https://www.inaturalist.org/observations/320329206,https://inaturalist-open-data.s3.amazonaws.com/photos/579150640/medium.jpg
Insecta,Courtesan,Euripus nyctelius,22.28861,103.89976,2025-10-10,no,https://www.inaturalist.org/observations/320364182,https://static.inaturalist.org/photos/579219841/medium.jpg
Arachnida,Joro Spider,Trichonephila clavata,22.34196,103.82278,2025-10-13,no,https://www.inaturalist.org/observations/320560868,https://inaturalist-open-data.s3.amazonaws.com/photos/579602976/medium.jpg
Aves,Barn Swallow,Hirundo rustica,22.33243,103.83412,2025-08-04,no,https://www.inaturalist.org/observations/320617586,https://inaturalist-open-data.s3.amazonaws.com/photos/579715312/medium.jpg
Insecta,Giant Honey Bee,Apis dorsata,22.30701,103.89565,2025-10-12,no,https://www.inaturalist.org/observations/320656164,https://inaturalist-open-data.s3.amazonaws.com/photos/579789980/medium.jpg
Insecta,Red-based Jezebel,Delias pasithoe,22.29445,103.90629,2025-10-12,no,https://www.inaturalist.org/observations/320658366,https://inaturalist-open-data.s3.amazonaws.com/photos/579794459/medium.jpg
Insecta,Plain Palm-Dart,Cephrenes acalle,22.33952,103.85330,2025-10-10,no,https://www.inaturalist.org/observations/320662940,https://inaturalist-open-data.s3.amazonaws.com/photos/579804979/medium.jpg
Insecta,Great Mormon,Papilio agenor,22.30672,103.89583,2025-10-12,no,https://www.inaturalist.org/observations/320663975,https://inaturalist-open-data.s3.amazonaws.com/photos/579805198/medium.jpg
Insecta,Green Commodore,Sumalia daraxa,22.32433,103.82911,2025-10-10,no,https://www.inaturalist.org/observations/320796600,https://inaturalist-open-data.s3.amazonaws.com/photos/580068672/medium.jpg
Insecta,Striped Blue Crow,Euploea mulciber,22.34574,103.87922,2025-10-09,no,https://www.inaturalist.org/observations/320797092,https://inaturalist-open-data.s3.amazonaws.com/photos/580069642/medium.jpg
Insecta,Paris Peacock Swallowtail,Papilio paris,22.32945,103.83177,2025-10-09,no,https://www.inaturalist.org/observations/320797338,https://inaturalist-open-data.s3.amazonaws.com/photos/580070110/medium.jpg
Arachnida,Joro Spider,Trichonephila clavata,22.32083,103.85985,2025-10-09,no,https://www.inaturalist.org/observations/320797518,https://inaturalist-open-data.s3.amazonaws.com/photos/580070550/medium.jpg
Insecta,,Rosalia formosa,22.33854,103.87426,2025-10-10,no,https://www.inaturalist.org/observations/320797823,https://inaturalist-open-data.s3.amazonaws.com/photos/580071092/medium.jpg
Insecta,Common Windmill,Byasa polyeuctes,22.29162,103.91021,2025-10-12,no,https://www.inaturalist.org/observations/320814720,https://inaturalist-open-data.s3.amazonaws.com/photos/580104001/medium.jpg
Insecta,,Coelophora saucia,22.29413,103.90408,2025-10-12,no,https://www.inaturalist.org/observations/320985462,https://inaturalist-open-data.s3.amazonaws.com/photos/580441477/medium.jpg
Aves,Rusty-capped Fulvetta,Schoeniparus dubius,22.33418,103.84964,2024-03-10,no,https://www.inaturalist.org/observations/321582612,https://inaturalist-open-data.s3.amazonaws.com/photos/581605832/medium.jpg
Aves,Black-headed Greenfinch,Chloris ambigua,22.33479,103.84465,2024-03-11,no,https://www.inaturalist.org/observations/321583128,https://inaturalist-open-data.s3.amazonaws.com/photos/581606415/medium.jpg
Aves,Swinhoe's White-eye,Zosterops simplex,22.33477,103.84570,2024-03-11,no,https://www.inaturalist.org/observations/321583129,https://inaturalist-open-data.s3.amazonaws.com/photos/581606488/medium.jpg
Aves,Red-billed Blue-Magpie,Urocissa erythroryncha,22.33456,103.84779,2024-03-11,no,https://www.inaturalist.org/observations/321583130,https://inaturalist-open-data.s3.amazonaws.com/photos/581607388/medium.jpg
Aves,Brown-breasted Bulbul,Pycnonotus xanthorrhous,22.33403,103.84707,2024-03-11,no,https://www.inaturalist.org/observations/321583135,https://inaturalist-open-data.s3.amazonaws.com/photos/581607148/medium.jpg
Reptilia,Indo-Chinese Rat Snake,Ptyas korros,22.30504,103.90784,2025-10-19,yes,https://www.inaturalist.org/observations/321780102,https://inaturalist-open-data.s3.amazonaws.com/photos/581986511/medium.jpg
Insecta,,Amana angulifera,22.30024,103.88459,2025-09-20,no,https://www.inaturalist.org/observations/321796065,https://inaturalist-open-data.s3.amazonaws.com/photos/582018524/medium.jpg
Insecta,,Proretinata floridula,22.33011,103.84819,2025-09-21,no,https://www.inaturalist.org/observations/321796083,https://inaturalist-open-data.s3.amazonaws.com/photos/582018566/medium.jpg
Amphibia,Paddy Field Frog,Fejervarya limnocharis,22.33092,103.83637,2025-10-19,no,https://www.inaturalist.org/observations/321991611,https://inaturalist-open-data.s3.amazonaws.com/photos/582407148/medium.jpg
Insecta,Greater Asian Lady Beetle,Harmonia dimidiata,22.32433,103.86178,2025-10-19,no,https://www.inaturalist.org/observations/322009670,https://inaturalist-open-data.s3.amazonaws.com/photos/582444774/medium.jpg
Insecta,Large Silverstripe,Argynnis childreni,22.33339,103.84634,2025-10-29,no,https://www.inaturalist.org/observations/323776680,https://inaturalist-open-data.s3.amazonaws.com/photos/585911809/medium.jpg
Plantae,Black-eyed Susan vine,Thunbergia alata,22.33260,103.83852,2025-10-29,no,https://www.inaturalist.org/observations/323798818,https://static.inaturalist.org/photos/585954746/medium.jpg
Plantae,white clover,Trifolium repens,22.33727,103.82367,2025-10-29,no,https://www.inaturalist.org/observations/323805466,https://static.inaturalist.org/photos/585967141/medium.jpg
Plantae,Elegant Zinnia,Zinnia elegans,22.33062,103.84466,2025-10-28,no,https://www.inaturalist.org/observations/323840101,https://static.inaturalist.org/photos/586032163/medium.jpg
Insecta,Yellow-sided Carpenter,Xylocopa minor,22.30701,103.89564,2025-10-12,no,https://www.inaturalist.org/observations/324021440,https://inaturalist-open-data.s3.amazonaws.com/photos/586387956/medium.jpg
Plantae,African tulip tree,Spathodea campanulata,22.32912,103.83566,2025-10-30,no,https://www.inaturalist.org/observations/324087919,https://static.inaturalist.org/photos/586524011/medium.jpg
Plantae,castor bean,Ricinus communis,22.32886,103.83568,2025-10-30,no,https://www.inaturalist.org/observations/324088187,https://static.inaturalist.org/photos/586524038/medium.jpg
Aves,Feral Pigeon,Columba livia domestica,22.32633,103.85410,2025-10-30,no,https://www.inaturalist.org/observations/324088382,https://static.inaturalist.org/photos/586524528/medium.jpg
Aves,Feral Pigeon,Columba livia domestica,22.31016,103.85710,2025-10-30,no,https://www.inaturalist.org/observations/324089660,https://static.inaturalist.org/photos/586527343/medium.jpg
Plantae,castor bean,Ricinus communis,22.32021,103.84559,2025-10-30,no,https://www.inaturalist.org/observations/324089682,https://static.inaturalist.org/photos/586527367/medium.jpg
Aves,Feral Pigeon,Columba livia domestica,22.34655,103.87098,2025-10-30,no,https://www.inaturalist.org/observations/324090107,https://static.inaturalist.org/photos/586528156/medium.jpg
Insecta,Common Jester,Symbrenthia lilaea,22.31079,103.86485,2025-10-30,no,https://www.inaturalist.org/observations/324090525,https://static.inaturalist.org/photos/586528997/medium.jpg
Insecta,Spangle Swallowtail,Papilio protenor,22.32479,103.84643,2025-10-30,no,https://www.inaturalist.org/observations/324090814,https://static.inaturalist.org/photos/586529501/medium.jpg
Reptilia,Pingbian Mountain Pitviper,Ovophis anitae,22.32992,103.86041,2025-10-30,no,https://www.inaturalist.org/observations/324105910,https://inaturalist-open-data.s3.amazonaws.com/photos/586562619/medium.jpg
Arachnida,Joro Spider,Trichonephila clavata,22.33841,103.84790,2025-10-08,no,https://www.inaturalist.org/observations/324138212,https://inaturalist-open-data.s3.amazonaws.com/photos/586626063/medium.jpg
Reptilia,Heller's Red-necked Keelback,Rhabdophis helleri,22.30965,103.86966,2025-10-13,no,https://www.inaturalist.org/observations/324304058,https://inaturalist-open-data.s3.amazonaws.com/photos/586952017/medium.jpg
Insecta,Tropical Swallowtail Moth,Lyssa zampa,22.33496,103.84129,2023-11-20,no,https://www.inaturalist.org/observations/326248096,https://inaturalist-open-data.s3.amazonaws.com/photos/590837748/medium.jpg
Insecta,White Dragontail Butterfly,Lamproptera curius,22.32415,103.83031,2025-10-11,no,https://www.inaturalist.org/observations/326536998,https://inaturalist-open-data.s3.amazonaws.com/photos/591414033/medium.jpg
Plantae,,Liparis bistriata,22.32181,103.82359,2025-10-11,no,https://www.inaturalist.org/observations/326656788,https://inaturalist-open-data.s3.amazonaws.com/photos/591652814/medium.jpg
Insecta,,Ceracris nigricornis,22.32168,103.82323,2025-10-11,no,https://www.inaturalist.org/observations/326656997,https://inaturalist-open-data.s3.amazonaws.com/photos/591653295/medium.jpg
Insecta,,Achelura hai,22.33479,103.84555,2025-10-12,no,https://www.inaturalist.org/observations/326658036,https://inaturalist-open-data.s3.amazonaws.com/photos/591654950/medium.jpg
Insecta,,Heterapoderus geniculatus,22.33354,103.84850,2025-10-12,no,https://www.inaturalist.org/observations/326658594,https://inaturalist-open-data.s3.amazonaws.com/photos/591655912/medium.jpg
Insecta,Common Owl Moth,Erebus macrops,22.33866,103.84799,2025-11-16,no,https://www.inaturalist.org/observations/326713575,https://inaturalist-open-data.s3.amazonaws.com/photos/591768575/medium.jpg
Insecta,,Isyndus lativentris,22.31626,103.86855,2025-11-16,no,https://www.inaturalist.org/observations/326733158,https://static.inaturalist.org/photos/591807982/medium.jpg
Aves,Green-backed Tit,Parus monticolus,22.34007,103.82501,2025-11-16,no,https://www.inaturalist.org/observations/326760341,https://static.inaturalist.org/photos/591863400/medium.jpg
Insecta,Tropical Swallowtail Moth,Lyssa zampa,22.34007,103.82497,2025-11-16,no,https://www.inaturalist.org/observations/326760451,https://static.inaturalist.org/photos/591863584/medium.jpg
Insecta,Blackvein Sergeant,Athyma ranga,22.32844,103.83538,2025-11-15,no,https://www.inaturalist.org/observations/326761133,https://static.inaturalist.org/photos/591864946/medium.jpg
Insecta,Elongated Sergeant,Athyma orientalis,22.30675,103.90726,2025-11-21,no,https://www.inaturalist.org/observations/327458678,https://inaturalist-open-data.s3.amazonaws.com/photos/593255020/medium.jpg
Plantae,pink knotweed,Persicaria capitata,22.33102,103.83397,2025-11-12,no,https://www.inaturalist.org/observations/328036091,https://inaturalist-open-data.s3.amazonaws.com/photos/594347401/medium.jpg
Plantae,Cultivated tobacco,Nicotiana tabacum,22.33102,103.83397,2025-11-12,no,https://www.inaturalist.org/observations/328036096,https://inaturalist-open-data.s3.amazonaws.com/photos/594347414/medium.jpg
Insecta,,Tetramorium wroughtonii,22.32489,103.84045,2025-11-12,no,https://www.inaturalist.org/observations/328036572,https://inaturalist-open-data.s3.amazonaws.com/photos/594348495/medium.jpg
Insecta,Large Silverstripe,Argynnis childreni,22.33950,103.82525,2025-11-09,no,https://www.inaturalist.org/observations/328049178,https://static.inaturalist.org/photos/594373790/medium.jpg
Plantae,white clover,Trifolium repens,22.39990,103.83707,2025-03-27,no,https://www.inaturalist.org/observations/328146155,https://inaturalist-open-data.s3.amazonaws.com/photos/594566476/medium.jpg
Plantae,nipplefruit,Solanum mammosum,22.29721,103.92131,2025-11-25,no,https://www.inaturalist.org/observations/328181527,https://inaturalist-open-data.s3.amazonaws.com/photos/594639445/medium.jpg
Plantae,Bristletips,Oxyspora paniculata,22.30301,103.89103,2025-11-25,no,https://www.inaturalist.org/observations/328182069,https://inaturalist-open-data.s3.amazonaws.com/photos/594640630/medium.jpg
Insecta,Peacock Pansy,Junonia almana,22.30597,103.90750,2025-11-25,no,https://www.inaturalist.org/observations/328182547,https://inaturalist-open-data.s3.amazonaws.com/photos/594641420/medium.jpg
Insecta,Yellow Coster,Telchinia issoria,22.33222,103.84816,2025-11-15,no,https://www.inaturalist.org/observations/328208013,https://static.inaturalist.org/photos/594689933/medium.jpg
Insecta,Sullied Brown Sailer,Neptis nata,22.33245,103.84804,2025-11-15,no,https://www.inaturalist.org/observations/328208084,https://static.inaturalist.org/photos/594690082/medium.jpg
Insecta,Okinawa Mud Wasp,Delta esuriens,22.32856,103.83411,2025-11-16,no,https://www.inaturalist.org/observations/328208403,https://static.inaturalist.org/photos/594690653/medium.jpg
Insecta,Spotted Palmfly,Elymnias malelas,22.32714,103.83501,2025-11-16,no,https://www.inaturalist.org/observations/328208499,https://static.inaturalist.org/photos/594690810/medium.jpg
Insecta,Red Caliph,Enispe euthymius,22.32711,103.83485,2025-11-16,no,https://www.inaturalist.org/observations/328208663,https://static.inaturalist.org/photos/594691233/medium.jpg
Insecta,Golden Emperor,Dilipa morgiana,22.32794,103.83347,2025-11-16,no,https://www.inaturalist.org/observations/328211078,https://static.inaturalist.org/photos/594696047/medium.jpg
Plantae,pink knotweed,Persicaria capitata,22.33727,103.84656,2025-11-15,no,https://www.inaturalist.org/observations/328270343,https://inaturalist-open-data.s3.amazonaws.com/photos/594812709/medium.jpg
Insecta,ocellated shield bug,Cantao ocellatus,22.33727,103.84656,2025-11-15,no,https://www.inaturalist.org/observations/328270352,https://inaturalist-open-data.s3.amazonaws.com/photos/594812754/medium.jpg
Plantae,Cup-and-saucer vine,Cobaea scandens,22.33457,103.84777,2025-11-15,no,https://www.inaturalist.org/observations/328278382,https://inaturalist-open-data.s3.amazonaws.com/photos/594827809/medium.jpg
Plantae,Mother-of-thousands,Saxifraga stolonifera,22.33457,103.84777,2025-11-15,no,https://www.inaturalist.org/observations/328278386,https://inaturalist-open-data.s3.amazonaws.com/photos/594827807/medium.jpg
Insecta,,Holocraspedon nigripuncta,22.33735,103.84664,2025-11-16,no,https://www.inaturalist.org/observations/328299020,https://inaturalist-open-data.s3.amazonaws.com/photos/594871036/medium.jpg
Plantae,Arrowleaf Elephant's Ear,Xanthosoma sagittifolium,22.30158,103.88406,2025-11-26,no,https://www.inaturalist.org/observations/328304430,https://inaturalist-open-data.s3.amazonaws.com/photos/594883237/medium.jpg
Insecta,Great Mormon,Papilio agenor,22.30564,103.89190,2024-10-29,no,https://www.inaturalist.org/observations/328775819,https://inaturalist-open-data.s3.amazonaws.com/photos/595837498/medium.jpg
Arachnida,Joro Spider,Trichonephila clavata,22.30971,103.86558,2025-12-04,no,https://www.inaturalist.org/observations/329632569,https://static.inaturalist.org/photos/597557664/medium.jpg
Insecta,Red Lacewing Butterfly,Cethosia biblis,22.33636,103.84379,2015-06-28,no,https://www.inaturalist.org/observations/329793106,https://inaturalist-open-data.s3.amazonaws.com/photos/597880586/medium.jpg
Insecta,Large Green Grasshopper,Chondracris rosea,22.29859,103.89606,2025-12-07,no,https://www.inaturalist.org/observations/329952150,https://inaturalist-open-data.s3.amazonaws.com/photos/598206012/medium.jpg
Plantae,Mexican sunflower,Tithonia diversifolia,22.33130,103.84163,2025-12-08,no,https://www.inaturalist.org/observations/329952367,https://inaturalist-open-data.s3.amazonaws.com/photos/598206393/medium.jpg
Arachnida,Joro Spider,Trichonephila clavata,22.33331,103.86551,2025-12-08,no,https://www.inaturalist.org/observations/329983666,https://inaturalist-open-data.s3.amazonaws.com/photos/598267110/medium.jpg
Plantae,,Sandea japonica,22.33331,103.86551,2025-12-08,no,https://www.inaturalist.org/observations/330345025,https://inaturalist-open-data.s3.amazonaws.com/photos/599005085/medium.jpg
Insecta,Bathroom Moth Fly,Clogmia albipunctata,22.33832,103.84628,2025-12-08,no,https://www.inaturalist.org/observations/330351372,https://inaturalist-open-data.s3.amazonaws.com/photos/599018819/medium.jpg
Insecta,,Macrosemia tonkiniana,22.33429,103.83881,2024-07-28,no,https://www.inaturalist.org/observations/330570459,https://inaturalist-open-data.s3.amazonaws.com/photos/599469831/medium.jpg
Insecta,Great Mormon,Papilio agenor,22.30814,103.87720,2015-12-01,no,https://www.inaturalist.org/observations/330579078,https://inaturalist-open-data.s3.amazonaws.com/photos/599487071/medium.jpg
Insecta,Staff Sergeant,Athyma selenophora,22.30642,103.87921,2015-12-01,no,https://www.inaturalist.org/observations/330579639,https://inaturalist-open-data.s3.amazonaws.com/photos/599487717/medium.jpg
Insecta,Black-tailed Hornet,Vespa ducalis,22.30670,103.87819,2015-12-01,no,https://www.inaturalist.org/observations/330580190,https://inaturalist-open-data.s3.amazonaws.com/photos/599488452/medium.jpg
Insecta,Paris Peacock Swallowtail,Papilio paris,22.30682,103.87806,2015-12-02,no,https://www.inaturalist.org/observations/330580508,https://inaturalist-open-data.s3.amazonaws.com/photos/599489309/medium.jpg
Insecta,Blue Pansy,Junonia orithya,22.30683,103.87806,2015-12-02,no,https://www.inaturalist.org/observations/330580510,https://inaturalist-open-data.s3.amazonaws.com/photos/599489310/medium.jpg
Insecta,,Heterapoderus geniculatus,22.33354,103.84850,2025-10-12,no,https://www.inaturalist.org/observations/330737450,https://inaturalist-open-data.s3.amazonaws.com/photos/599818158/medium.jpg
Aves,Barn Swallow,Hirundo rustica,22.33636,103.84379,2025-11-21,no,https://www.inaturalist.org/observations/330853744,https://inaturalist-open-data.s3.amazonaws.com/photos/600053142/medium.jpg
Insecta,Great Mormon,Papilio agenor,22.30451,103.88207,2025-12-19,no,https://www.inaturalist.org/observations/331393019,https://inaturalist-open-data.s3.amazonaws.com/photos/601168742/medium.jpg
Aves,Barn Swallow,Hirundo rustica,22.32098,103.88456,2025-12-20,no,https://www.inaturalist.org/observations/331393079,https://inaturalist-open-data.s3.amazonaws.com/photos/601191560/medium.jpg
Aves,Rusty-capped Fulvetta,Schoeniparus dubius,22.33389,103.84820,2025-11-15,no,https://www.inaturalist.org/observations/331888309,https://static.inaturalist.org/photos/602182007/medium.jpg
Aves,White Wagtail,Motacilla alba,22.33949,103.83997,2019-11-12,no,https://www.inaturalist.org/observations/332741984,https://inaturalist-open-data.s3.amazonaws.com/photos/603930324/medium.jpg
Insecta,Tropical Swallowtail Moth,Lyssa zampa,22.33786,103.84357,2024-03-08,no,https://www.inaturalist.org/observations/332749964,https://static.inaturalist.org/photos/603947370/medium.jpg
Arachnida,Joro Spider,Trichonephila clavata,22.33636,103.84379,2012-11-06,no,https://www.inaturalist.org/observations/332760231,https://inaturalist-open-data.s3.amazonaws.com/photos/603967699/medium.jpg
Plantae,Bristletips,Oxyspora paniculata,22.30549,103.88535,2026-01-04,no,https://www.inaturalist.org/observations/333417611,https://inaturalist-open-data.s3.amazonaws.com/photos/605313324/medium.jpg
Plantae,tropical soda-apple,Solanum viarum,22.30524,103.89647,2026-01-04,no,https://www.inaturalist.org/observations/333422260,https://inaturalist-open-data.s3.amazonaws.com/photos/605514830/medium.jpg
Plantae,tropical soda-apple,Solanum viarum,22.30326,103.91272,2026-01-05,no,https://www.inaturalist.org/observations/333559938,https://inaturalist-open-data.s3.amazonaws.com/photos/605602303/medium.jpg
Plantae,Poinsettia,Euphorbia pulcherrima,22.30626,103.89430,2026-01-07,no,https://www.inaturalist.org/observations/333833301,https://static.inaturalist.org/photos/606106697/medium.jpg
Plantae,pink knotweed,Persicaria capitata,22.30813,103.87705,2026-01-07,no,https://www.inaturalist.org/observations/333833727,https://static.inaturalist.org/photos/606107617/medium.jpg
Plantae,castor bean,Ricinus communis,22.30900,103.87680,2026-01-07,no,https://www.inaturalist.org/observations/333834095,https://static.inaturalist.org/photos/606108389/medium.jpg
Plantae,Mexican sunflower,Tithonia diversifolia,22.31039,103.87291,2026-01-07,no,https://www.inaturalist.org/observations/333834145,https://static.inaturalist.org/photos/606108507/medium.jpg
Plantae,Cannabis,Cannabis sativa,22.32742,103.85178,2026-01-07,no,https://www.inaturalist.org/observations/333834509,https://static.inaturalist.org/photos/606109240/medium.jpg
Plantae,False heather,Cuphea hyssopifolia,22.29845,103.90301,2026-01-08,no,https://www.inaturalist.org/observations/333975514,https://static.inaturalist.org/photos/606396508/medium.jpg
Arachnida,Joro Spider,Trichonephila clavata,22.33195,103.83211,2026-01-16,no,https://www.inaturalist.org/observations/334920710,https://inaturalist-open-data.s3.amazonaws.com/photos/608323011/medium.jpg
Amphibia,Spot-legged Tree Frog,Polypedates megacephalus,22.32199,103.86353,2023-05-09,no,https://www.inaturalist.org/observations/334997234,https://inaturalist-open-data.s3.amazonaws.com/photos/608478859/medium.jpg
Insecta,Oriental Mole Cricket,Gryllotalpa orientalis,22.32199,103.86353,2023-05-10,no,https://www.inaturalist.org/observations/334997239,https://inaturalist-open-data.s3.amazonaws.com/photos/608478942/medium.jpg
Insecta,Asian Widow,Palpopleura sexmaculata,22.32199,103.86353,2023-05-10,no,https://www.inaturalist.org/observations/334997243,https://inaturalist-open-data.s3.amazonaws.com/photos/608478925/medium.jpg
Insecta,,Stichophthalma howqua,22.32826,103.84688,2023-05-10,no,https://www.inaturalist.org/observations/335061774,https://inaturalist-open-data.s3.amazonaws.com/photos/608611355/medium.jpg
Aves,Domestic Chicken,Gallus gallus domesticus,22.32690,103.83488,2026-01-16,no,https://www.inaturalist.org/observations/335229830,https://inaturalist-open-data.s3.amazonaws.com/photos/608952727/medium.jpg
Actinopterygii,Western Mosquitofish,Gambusia affinis,22.33948,103.84802,2026-01-19,no,https://www.inaturalist.org/observations/335324544,https://inaturalist-open-data.s3.amazonaws.com/photos/609142512/medium.jpg
Plantae,,Caryota maxima,22.33891,103.84639,2026-01-19,no,https://www.inaturalist.org/observations/335324756,https://inaturalist-open-data.s3.amazonaws.com/photos/609142976/medium.jpg
Arachnida,Hasselt's Spiny Spider,Macracantha hasselti,22.29417,103.90031,2026-01-19,no,https://www.inaturalist.org/observations/335378969,https://inaturalist-open-data.s3.amazonaws.com/photos/609252101/medium.jpg
Plantae,Peach,Prunus persica,22.30172,103.90385,2026-01-21,no,https://www.inaturalist.org/observations/335575440,https://static.inaturalist.org/photos/611739538/medium.jpg
Plantae,Peach,Prunus persica,22.33918,103.82431,2026-01-26,no,https://www.inaturalist.org/observations/336196595,https://inaturalist-open-data.s3.amazonaws.com/photos/610891087/medium.jpg
Aves,Black-throated Tit,Aegithalos concinnus,22.33505,103.84512,2025-01-02,no,https://www.inaturalist.org/observations/336567666,https://inaturalist-open-data.s3.amazonaws.com/photos/611641735/medium.jpg
Mollusca,,Meghimatium pictum,22.34135,103.84708,2025-12-09,no,https://www.inaturalist.org/observations/336944279,https://inaturalist-open-data.s3.amazonaws.com/photos/612410082/medium.jpg
Plantae,calla lily,Zantedeschia aethiopica,22.33658,103.82552,2025-03-21,no,https://www.inaturalist.org/observations/337127712,https://inaturalist-open-data.s3.amazonaws.com/photos/612784940/medium.jpg
Insecta,Yam Hawkmoth,Theretra nessus,22.34006,103.82623,2026-02-16,no,https://www.inaturalist.org/observations/338829841,https://inaturalist-open-data.s3.amazonaws.com/photos/616260250/medium.jpg
Insecta,Common Bluebottle,Graphium sarpedon,22.33508,103.84215,2026-02-18,no,https://www.inaturalist.org/observations/339141025,https://inaturalist-open-data.s3.amazonaws.com/photos/616879504/medium.jpg
Arachnida,Spiny Orb-Weaver Spider,Gasteracantha diadesmia,22.29816,103.92033,2026-02-18,no,https://www.inaturalist.org/observations/339141044,https://inaturalist-open-data.s3.amazonaws.com/photos/616879548/medium.jpg
Insecta,,Macdunnoughia tetragona,22.29824,103.92052,2026-02-17,no,https://www.inaturalist.org/observations/339170961,https://inaturalist-open-data.s3.amazonaws.com/photos/617413055/medium.jpg
Insecta,,Xenocatantops brachycerus,22.29510,103.90414,2026-02-21,no,https://www.inaturalist.org/observations/339745349,https://inaturalist-open-data.s3.amazonaws.com/photos/618107866/medium.jpg
Insecta,Peacock Pansy,Junonia almana,22.29484,103.90454,2026-02-28,no,https://www.inaturalist.org/observations/340560088,https://inaturalist-open-data.s3.amazonaws.com/photos/619774998/medium.jpg
Insecta,Asian Honey Bee,Apis cerana,22.29481,103.90488,2026-02-27,no,https://www.inaturalist.org/observations/340560120,https://inaturalist-open-data.s3.amazonaws.com/photos/619775147/medium.jpg
Insecta,Great Mormon,Papilio agenor,22.29517,103.90422,2026-02-28,no,https://www.inaturalist.org/observations/340560903,https://inaturalist-open-data.s3.amazonaws.com/photos/619776716/medium.jpg
Insecta,Paris Peacock Swallowtail,Papilio paris,22.29515,103.90419,2026-02-28,no,https://www.inaturalist.org/observations/340560977,https://inaturalist-open-data.s3.amazonaws.com/photos/619776796/medium.jpg
Reptilia,Hampton's Slug Snake,Pareas hamptoni,22.33408,103.84793,2023-02-09,no,https://www.inaturalist.org/observations/341766056,https://inaturalist-open-data.s3.amazonaws.com/photos/622235219/medium.jpg
Plantae,,Cymbidium lowianum,22.33486,103.84468,2026-03-11,no,https://www.inaturalist.org/observations/342381595,https://static.inaturalist.org/photos/623486584/medium.jpg
Aves,Green-backed Tit,Parus monticolus,22.33516,103.84476,2026-03-11,no,https://www.inaturalist.org/observations/342382772,https://static.inaturalist.org/photos/623488881/medium.jpg
Aves,Olive-backed Pipit,Anthus hodgsoni,22.33480,103.84548,2026-03-11,no,https://www.inaturalist.org/observations/342382848,https://static.inaturalist.org/photos/623489098/medium.jpg
Insecta,Great Mormon,Papilio agenor,22.30841,103.86061,2024-05-18,no,https://www.inaturalist.org/observations/342608983,https://inaturalist-open-data.s3.amazonaws.com/photos/623943987/medium.jpg
Insecta,Paris Peacock Swallowtail,Papilio paris,22.31159,103.85752,2024-05-18,no,https://www.inaturalist.org/observations/342609171,https://inaturalist-open-data.s3.amazonaws.com/photos/623944786/medium.jpg
Insecta,Yellow Coster,Telchinia issoria,22.30598,103.88943,2026-03-18,no,https://www.inaturalist.org/observations/343597665,https://static.inaturalist.org/photos/625933489/medium.jpg
Plantae,pink knotweed,Persicaria capitata,22.30381,103.88556,2026-03-18,no,https://www.inaturalist.org/observations/343599567,https://inaturalist-open-data.s3.amazonaws.com/photos/625937807/medium.jpg
Plantae,pink knotweed,Persicaria capitata,22.32251,103.88550,2026-03-18,no,https://www.inaturalist.org/observations/343614220,https://static.inaturalist.org/photos/625966355/medium.jpg
Insecta,Oriental Mole Cricket,Gryllotalpa orientalis,22.30264,103.90578,2026-03-18,no,https://www.inaturalist.org/observations/343625148,https://static.inaturalist.org/photos/625987709/medium.jpg
Insecta,,Amata sperbius,22.30382,103.89940,2026-03-18,no,https://www.inaturalist.org/observations/343628715,https://static.inaturalist.org/photos/625994312/medium.jpg
Insecta,Chinese Peacock Swallowtail,Papilio bianor,22.33014,103.83249,2026-03-18,no,https://www.inaturalist.org/observations/343728194,https://static.inaturalist.org/photos/626195043/medium.jpg
Insecta,Great Mormon,Papilio agenor,22.33014,103.83249,2026-03-18,no,https://www.inaturalist.org/observations/343728460,https://static.inaturalist.org/photos/626195737/medium.jpg
Aves,Feral Pigeon,Columba livia domestica,22.29763,103.91758,2026-03-19,no,https://www.inaturalist.org/observations/343763261,https://static.inaturalist.org/photos/626267012/medium.jpg
Insecta,,Pidorus albifascia,22.30706,103.89540,2026-03-19,no,https://www.inaturalist.org/observations/343798541,https://static.inaturalist.org/photos/626334310/medium.jpg
Amphibia,Asian Common Toad,Duttaphrynus melanostictus,22.33475,103.84575,2026-03-19,no,https://www.inaturalist.org/observations/343872868,https://static.inaturalist.org/photos/626478269/medium.jpg
Insecta,Blue Flower Chafer,Gametis jucunda,22.33888,103.84505,2026-03-19,no,https://www.inaturalist.org/observations/343873014,https://static.inaturalist.org/photos/626478555/medium.jpg
Insecta,,Gametis bealiae,22.33811,103.84442,2026-03-19,no,https://www.inaturalist.org/observations/343873355,https://static.inaturalist.org/photos/626479183/medium.jpg
Reptilia,Burmese False Bloodsucker,Pseudocalotes microlepis,22.30682,103.89610,2026-03-19,no,https://www.inaturalist.org/observations/343873679,https://static.inaturalist.org/photos/626586642/medium.jpg
Insecta,Paris Peacock Swallowtail,Papilio paris,22.40085,103.83724,2026-03-19,no,https://www.inaturalist.org/observations/343912235,https://static.inaturalist.org/photos/626558074/medium.jpg
Insecta,,Asota plaginota,22.33636,103.84379,2013-05-04,no,https://www.inaturalist.org/observations/344775791,https://inaturalist-open-data.s3.amazonaws.com/photos/628232509/medium.jpg
Insecta,,Asota plaginota,22.33636,103.84379,2013-05-04,no,https://www.inaturalist.org/observations/344775794,https://inaturalist-open-data.s3.amazonaws.com/photos/628232554/medium.jpg
Insecta,,Asota plana,22.33636,103.84379,2013-05-04,no,https://www.inaturalist.org/observations/344775795,https://inaturalist-open-data.s3.amazonaws.com/photos/628232599/medium.jpg
Plantae,tropical soda-apple,Solanum viarum,22.32546,103.84391,2026-03-24,no,https://www.inaturalist.org/observations/344866674,https://inaturalist-open-data.s3.amazonaws.com/photos/628410885/medium.jpg
Insecta,,Coelophora duvaucelii,22.32668,103.83835,2026-03-24,no,https://www.inaturalist.org/observations/344866792,https://inaturalist-open-data.s3.amazonaws.com/photos/628411123/medium.jpg
Insecta,Tropical Tiger Moth,Asota caricae,22.33636,103.84379,2013-05-04,no,https://www.inaturalist.org/observations/344948184,https://inaturalist-open-data.s3.amazonaws.com/photos/628566811/medium.jpg
Animalia,Orange Rosary Millipede,Helicorthomorpha holstii,22.33636,103.84379,2013-05-04,no,https://www.inaturalist.org/observations/344953299,https://inaturalist-open-data.s3.amazonaws.com/photos/628576339/medium.jpg
Insecta,,Anomala yunnana,22.33636,103.84379,2013-05-04,no,https://www.inaturalist.org/observations/344954205,https://inaturalist-open-data.s3.amazonaws.com/photos/628577616/medium.jpg
Plantae,Drooping Pricklypear,Opuntia monacantha,22.33636,103.84379,2013-05-04,no,https://www.inaturalist.org/observations/344956634,https://inaturalist-open-data.s3.amazonaws.com/photos/628581864/medium.jpg
Insecta,Great Mormon,Papilio agenor,22.30216,103.89127,2026-03-25,no,https://www.inaturalist.org/observations/345040400,https://inaturalist-open-data.s3.amazonaws.com/photos/628751422/medium.jpg
Reptilia,Beauty Ratsnake,Elaphe taeniura,22.31449,103.87643,2026-03-25,no,https://www.inaturalist.org/observations/345040558,https://inaturalist-open-data.s3.amazonaws.com/photos/628763765/medium.jpg
Insecta,,Heortia vitessoides,22.33636,103.84379,2013-05-04,no,https://www.inaturalist.org/observations/345127002,https://inaturalist-open-data.s3.amazonaws.com/photos/628916774/medium.jpg
Insecta,Great Mormon,Papilio agenor,22.33131,103.85942,2026-03-18,no,https://www.inaturalist.org/observations/345265316,https://inaturalist-open-data.s3.amazonaws.com/photos/629197452/medium.jpg
Mammalia,Domestic Dog,Canis familiaris,22.30241,103.88524,2026-03-28,no,https://www.inaturalist.org/observations/345590965,https://inaturalist-open-data.s3.amazonaws.com/photos/629835586/medium.jpg
Plantae,tropical soda-apple,Solanum viarum,22.30798,103.89185,2026-03-27,no,https://www.inaturalist.org/observations/345888297,https://inaturalist-open-data.s3.amazonaws.com/photos/630422004/medium.jpg
Plantae,Sensitive Plant,Mimosa pudica,22.27439,103.95366,2026-03-29,no,https://www.inaturalist.org/observations/345888474,https://inaturalist-open-data.s3.amazonaws.com/photos/630422286/medium.jpg
Plantae,Mother-of-thousands,Saxifraga stolonifera,22.33489,103.84451,2026-03-19,no,https://www.inaturalist.org/observations/346521172,https://static.inaturalist.org/photos/631672562/medium.jpg
Insecta,Spangle Swallowtail,Papilio protenor,22.34047,103.85641,2013-05-05,no,https://www.inaturalist.org/observations/347318839,https://inaturalist-open-data.s3.amazonaws.com/photos/633250460/medium.jpg
Insecta,Spangle Swallowtail,Papilio protenor,22.34047,103.85641,2013-05-05,no,https://www.inaturalist.org/observations/347318841,https://inaturalist-open-data.s3.amazonaws.com/photos/633250413/medium.jpg
Insecta,Clipper,Parthenos sylvia,22.30664,103.88878,2024-07-09,no,https://www.inaturalist.org/observations/347636895,https://inaturalist-open-data.s3.amazonaws.com/photos/633879849/medium.jpg
Insecta,Crimson-tailed Marsh Hawk,Orthetrum pruinosum,22.30664,103.88878,2024-07-08,no,https://www.inaturalist.org/observations/347637442,https://inaturalist-open-data.s3.amazonaws.com/photos/633880757/medium.jpg
Plantae,,Musa splendida,22.30664,103.88878,2024-07-08,no,https://www.inaturalist.org/observations/347637550,https://inaturalist-open-data.s3.amazonaws.com/photos/633880968/medium.jpg
Plantae,,Caulokaempferia petelotii,22.30664,103.88878,2024-07-05,no,https://www.inaturalist.org/observations/347637705,https://inaturalist-open-data.s3.amazonaws.com/photos/633881288/medium.jpg
Plantae,pink knotweed,Persicaria capitata,22.32133,103.86809,2026-04-06,no,https://www.inaturalist.org/observations/347742873,https://static.inaturalist.org/photos/634097786/medium.jpg
Insecta,,Loepa formosensis,22.33509,103.84237,2026-03-17,no,https://www.inaturalist.org/observations/347937107,https://static.inaturalist.org/photos/634596448/medium.jpg
Insecta,French Duke,Euthalia franciae,22.32748,103.83509,2026-04-09,no,https://www.inaturalist.org/observations/348480724,https://inaturalist-open-data.s3.amazonaws.com/photos/635558586/medium.jpg
Insecta,,Clanis bilineata,22.28654,103.93444,2026-04-19,no,https://www.inaturalist.org/observations/351121413,https://inaturalist-open-data.s3.amazonaws.com/photos/640709590/medium.jpg
Insecta,Marbled White Moth,Nyctemera adversata,22.28656,103.93441,2026-04-19,no,https://www.inaturalist.org/observations/351121782,https://inaturalist-open-data.s3.amazonaws.com/photos/640710309/medium.jpg
Insecta,Five-bar Swordtail,Graphium antiphates,22.29797,103.89351,2026-04-19,no,https://www.inaturalist.org/observations/351122687,https://inaturalist-open-data.s3.amazonaws.com/photos/640712191/medium.jpg
Aves,Grey Bushchat,Saxicola ferreus,22.33711,103.84640,2026-04-08,no,https://www.inaturalist.org/observations/351167687,https://inaturalist-open-data.s3.amazonaws.com/photos/640795541/medium.jpg
Insecta,Scarlet Skimmer,Crocothemis servilia,22.30221,103.88507,2026-04-09,no,https://www.inaturalist.org/observations/351170261,https://inaturalist-open-data.s3.amazonaws.com/photos/640802286/medium.jpg
Insecta,Scarlet Skimmer,Crocothemis servilia,22.30054,103.88322,2026-04-09,no,https://www.inaturalist.org/observations/351170421,https://inaturalist-open-data.s3.amazonaws.com/photos/640802638/medium.jpg
Aves,Asian Brown Flycatcher,Muscicapa dauurica,22.30051,103.87982,2026-04-09,no,https://www.inaturalist.org/observations/351174752,https://inaturalist-open-data.s3.amazonaws.com/photos/640809647/medium.jpg
Insecta,,Paratalainga fucipennis,22.34079,103.84923,2026-04-19,no,https://www.inaturalist.org/observations/351195238,https://inaturalist-open-data.s3.amazonaws.com/photos/640850416/medium.jpg
Insecta,Chinese Moon Moth,Actias ningpoana,22.28652,103.93464,2026-04-20,no,https://www.inaturalist.org/observations/351222785,https://inaturalist-open-data.s3.amazonaws.com/photos/640903005/medium.jpg
Insecta,,Mimela bidentata,22.34003,103.83979,2025-06-11,no,https://www.inaturalist.org/observations/351305846,https://static.inaturalist.org/photos/641068029/medium.jpg
Insecta,Slender Skimmer,Orthetrum sabina,22.30572,103.89378,2026-04-09,no,https://www.inaturalist.org/observations/351406456,https://inaturalist-open-data.s3.amazonaws.com/photos/641276878/medium.jpg
Insecta,,Athyma punctata,22.28840,103.89919,2026-04-21,no,https://www.inaturalist.org/observations/351724356,https://inaturalist-open-data.s3.amazonaws.com/photos/642294305/medium.jpg
Insecta,Golden Birdwing,Troides aeacus,22.29951,103.89522,2026-04-21,no,https://www.inaturalist.org/observations/351724358,https://inaturalist-open-data.s3.amazonaws.com/photos/641895130/medium.jpg
Plantae,mu oil tree,Vernicia montana,22.28973,103.90013,2026-04-21,no,https://www.inaturalist.org/observations/351724368,https://inaturalist-open-data.s3.amazonaws.com/photos/641895155/medium.jpg
Insecta,,Athyma punctata,22.28839,103.89914,2026-04-21,no,https://www.inaturalist.org/observations/351725958,https://inaturalist-open-data.s3.amazonaws.com/photos/641898122/medium.jpg
Reptilia,Yunnan Beauty Snake,Elaphe taeniura yunnanensis,22.35733,103.85609,2026-04-24,no,https://www.inaturalist.org/observations/352664315,https://inaturalist-open-data.s3.amazonaws.com/photos/643608940/medium.jpg
Plantae,mile-a-minute weed,Persicaria perfoliata,22.29381,103.91297,2026-04-24,no,https://www.inaturalist.org/observations/352665554,https://inaturalist-open-data.s3.amazonaws.com/photos/643610976/medium.jpg
Reptilia,Big-Eyed Ratsnake,Ptyas dhumnades,22.35733,103.85609,2026-04-24,no,https://www.inaturalist.org/observations/352771497,https://inaturalist-open-data.s3.amazonaws.com/photos/643775401/medium.jpg
Plantae,Skyflower,Duranta erecta,22.29308,103.91655,2026-04-24,no,https://www.inaturalist.org/observations/353117009,https://inaturalist-open-data.s3.amazonaws.com/photos/644352852/medium.jpg
Plantae,Peach,Prunus persica,22.29331,103.91640,2026-04-24,no,https://www.inaturalist.org/observations/353117593,https://inaturalist-open-data.s3.amazonaws.com/photos/644356064/medium.jpg
Aves,Grey-backed Shrike,Lanius tephronotus,22.29333,103.91656,2026-04-25,no,https://www.inaturalist.org/observations/353138499,https://inaturalist-open-data.s3.amazonaws.com/photos/644395731/medium.jpg
Insecta,,Glenea pulchra,22.29316,103.91644,2026-04-25,no,https://www.inaturalist.org/observations/353143300,https://inaturalist-open-data.s3.amazonaws.com/photos/644399765/medium.jpg
Plantae,Chinese fringe flower,Loropetalum chinense,22.29311,103.91647,2026-04-25,no,https://www.inaturalist.org/observations/353143396,https://inaturalist-open-data.s3.amazonaws.com/photos/644399903/medium.jpg
Plantae,China-fir,Cunninghamia lanceolata,22.29298,103.91672,2026-04-25,no,https://www.inaturalist.org/observations/353162909,https://inaturalist-open-data.s3.amazonaws.com/photos/646031002/medium.jpg
Insecta,Spangle Swallowtail,Papilio protenor,22.29330,103.91673,2026-04-25,no,https://www.inaturalist.org/observations/353215403,https://inaturalist-open-data.s3.amazonaws.com/photos/644528317/medium.jpg
Plantae,curly kale,Brassica oleracea sabellica,22.33938,103.82439,2026-04-25,no,https://www.inaturalist.org/observations/354104445,https://inaturalist-open-data.s3.amazonaws.com/photos/646036423/medium.jpg
Plantae,white clover,Trifolium repens,22.33841,103.82412,2026-04-25,no,https://www.inaturalist.org/observations/354106366,https://inaturalist-open-data.s3.amazonaws.com/photos/646040195/medium.jpg
Insecta,Spangle Swallowtail,Papilio protenor,22.29336,103.91671,2026-04-25,no,https://www.inaturalist.org/observations/354108269,https://inaturalist-open-data.s3.amazonaws.com/photos/646043620/medium.jpg
Plantae,Crown-of-Thorns,Euphorbia milii,22.29341,103.91667,2026-04-25,no,https://www.inaturalist.org/observations/354108483,https://inaturalist-open-data.s3.amazonaws.com/photos/646043876/medium.jpg
Plantae,Campbell's Maple,Acer campbellii,22.29348,103.91659,2026-04-26,no,https://www.inaturalist.org/observations/354301411,https://inaturalist-open-data.s3.amazonaws.com/photos/646358943/medium.jpg
Aves,Barn Swallow,Hirundo rustica,22.29358,103.91664,2026-04-26,no,https://www.inaturalist.org/observations/354301511,https://inaturalist-open-data.s3.amazonaws.com/photos/646359093/medium.jpg
Plantae,Zebra Spiderwort,Tradescantia zebrina,22.32858,103.83244,2026-04-26,no,https://www.inaturalist.org/observations/354471532,https://inaturalist-open-data.s3.amazonaws.com/photos/646634693/medium.jpg
Plantae,,Rhaphidophora decursiva,22.32852,103.83226,2026-04-26,no,https://www.inaturalist.org/observations/354473495,https://inaturalist-open-data.s3.amazonaws.com/photos/646640247/medium.jpg
Aves,Plumbeous Water Redstart,Phoenicurus fuliginosus,22.32845,103.83214,2026-04-26,no,https://www.inaturalist.org/observations/354474988,https://inaturalist-open-data.s3.amazonaws.com/photos/646640429/medium.jpg
Aves,Plumbeous Water Redstart,Phoenicurus fuliginosus,22.32845,103.83214,2026-04-26,no,https://www.inaturalist.org/observations/354475094,https://inaturalist-open-data.s3.amazonaws.com/photos/646640642/medium.jpg
Aves,Black-throated Tit,Aegithalos concinnus,22.33144,103.83491,2026-04-26,no,https://www.inaturalist.org/observations/354946690,https://inaturalist-open-data.s3.amazonaws.com/photos/647454576/medium.jpg
Aves,Black-headed Greenfinch,Chloris ambigua,22.33902,103.82471,2026-04-28,no,https://www.inaturalist.org/observations/355913480,https://inaturalist-open-data.s3.amazonaws.com/photos/649050873/medium.jpg
Aves,Black-headed Greenfinch,Chloris ambigua,22.33991,103.82565,2026-04-25,no,https://www.inaturalist.org/observations/356705236,https://inaturalist-open-data.s3.amazonaws.com/photos/650518936/medium.jpg
Aves,Chestnut-crowned Warbler,Phylloscopus castaniceps,22.33788,103.83242,2026-04-14,no,https://www.inaturalist.org/observations/357391733,https://inaturalist-open-data.s3.amazonaws.com/photos/651850005/medium.jpg
Aves,Black-throated Tit,Aegithalos concinnus,22.33788,103.83242,2026-04-14,no,https://www.inaturalist.org/observations/357392123,https://inaturalist-open-data.s3.amazonaws.com/photos/651850814/medium.jpg
Aves,White-collared Yuhina,Parayuhina diademata,22.33788,103.83242,2026-04-14,no,https://www.inaturalist.org/observations/357392266,https://inaturalist-open-data.s3.amazonaws.com/photos/651851113/medium.jpg
Aves,Green-backed Tit,Parus monticolus,22.33788,103.83242,2026-04-14,no,https://www.inaturalist.org/observations/357393067,https://inaturalist-open-data.s3.amazonaws.com/photos/651852499/medium.jpg
Aves,Black-headed Greenfinch,Chloris ambigua,22.33790,103.83237,2026-04-14,no,https://www.inaturalist.org/observations/357393069,https://inaturalist-open-data.s3.amazonaws.com/photos/651852539/medium.jpg
Aves,Brown-breasted Bulbul,Pycnonotus xanthorrhous,22.33797,103.83238,2026-04-14,no,https://www.inaturalist.org/observations/357393070,https://inaturalist-open-data.s3.amazonaws.com/photos/651852502/medium.jpg
Aves,Blue-winged Minla,Actinodura cyanouroptera,22.33788,103.83242,2026-04-14,no,https://www.inaturalist.org/observations/357411403,https://inaturalist-open-data.s3.amazonaws.com/photos/651886612/medium.jpg
Aves,Blue Rock-Thrush,Monticola solitarius,22.34047,103.85641,2026-04-14,no,https://www.inaturalist.org/observations/357411407,https://inaturalist-open-data.s3.amazonaws.com/photos/651886624/medium.jpg
Insecta,Yellow Coster,Telchinia issoria,22.34047,103.85641,2001-09-21,no,https://www.inaturalist.org/observations/357901492,https://inaturalist-open-data.s3.amazonaws.com/photos/652826531/medium.jpg
Insecta,five-horned Rhinoceros Beetle,Eupatorus gracilicornis,22.33930,103.86181,2001-09-21,no,https://www.inaturalist.org/observations/357901493,https://inaturalist-open-data.s3.amazonaws.com/photos/652826532/medium.jpg
Reptilia,Namdong Wolf Snake,Lycodon chapaensis,22.34538,103.86533,2001-09-21,no,https://www.inaturalist.org/observations/357901494,https://inaturalist-open-data.s3.amazonaws.com/photos/652826553/medium.jpg
Plantae,pink knotweed,Persicaria capitata,22.30607,103.89426,2026-05-04,no,https://www.inaturalist.org/observations/358162761,https://static.inaturalist.org/photos/653342477/medium.jpg
Plantae,Black-eyed Susan vine,Thunbergia alata,22.30556,103.89572,2026-05-04,no,https://www.inaturalist.org/observations/358163321,https://static.inaturalist.org/photos/653342517/medium.jpg
Insecta,Crimson-tailed Marsh Hawk,Orthetrum pruinosum,22.31199,103.85931,2026-05-06,no,https://www.inaturalist.org/observations/359113577,https://static.inaturalist.org/photos/655182175/medium.jpg
Actinopterygii,Asian Swamp Eel,Monopterus albus,22.30942,103.87360,2026-05-09,no,https://www.inaturalist.org/observations/359878035,https://inaturalist-open-data.s3.amazonaws.com/photos/656641920/medium.jpg
Insecta,Common Rose Swallowtail,Pachliopta aristolochiae,22.31377,103.85791,2026-05-14,no,https://www.inaturalist.org/observations/361384840,https://inaturalist-open-data.s3.amazonaws.com/photos/659524628/medium.jpg
Insecta,Red-based Jezebel,Delias pasithoe,22.31373,103.85810,2026-05-14,no,https://www.inaturalist.org/observations/361384968,https://inaturalist-open-data.s3.amazonaws.com/photos/659524960/medium.jpg
Insecta,Painted Jezebel,Delias hyparete,22.31373,103.85810,2026-05-14,no,https://www.inaturalist.org/observations/361385134,https://inaturalist-open-data.s3.amazonaws.com/photos/659525316/medium.jpg
Insecta,Common Rose Swallowtail,Pachliopta aristolochiae,22.31396,103.85803,2026-05-14,no,https://www.inaturalist.org/observations/361385244,https://inaturalist-open-data.s3.amazonaws.com/photos/659525474/medium.jpg
Aves,Barn Swallow,Hirundo rustica,22.33314,103.84255,2026-05-14,no,https://www.inaturalist.org/observations/361418951,https://inaturalist-open-data.s3.amazonaws.com/photos/659588434/medium.jpg
Insecta,,Pieris erutae,22.34037,103.85082,2019-03-21,no,https://www.inaturalist.org/observations/361559699,https://inaturalist-open-data.s3.amazonaws.com/photos/659852870/medium.jpg
Insecta,Crimson-tailed Marsh Hawk,Orthetrum pruinosum,22.31167,103.86475,2026-05-14,no,https://www.inaturalist.org/observations/361701540,https://static.inaturalist.org/photos/660128736/medium.jpg
Insecta,,Stichophthalma howqua,22.30054,103.88360,2026-05-14,no,https://www.inaturalist.org/observations/361701870,https://static.inaturalist.org/photos/660129278/medium.jpg
Plantae,common lantana,Lantana camara,22.33739,103.84522,2026-05-16,no,https://www.inaturalist.org/observations/363055671,https://static.inaturalist.org/photos/662689723/medium.jpg
Insecta,,Stichophthalma howqua,22.30689,103.90842,2026-05-20,no,https://www.inaturalist.org/observations/363230080,https://inaturalist-open-data.s3.amazonaws.com/photos/663024139/medium.jpg
Reptilia,Kuhne's Grass Lizard,Takydromus kuehnei,22.29820,103.92039,2026-05-15,no,https://www.inaturalist.org/observations/363286801,https://inaturalist-open-data.s3.amazonaws.com/photos/663138675/medium.jpg
Reptilia,Kuhne's Grass Lizard,Takydromus kuehnei,22.29836,103.92055,2026-05-13,no,https://www.inaturalist.org/observations/363286811,https://inaturalist-open-data.s3.amazonaws.com/photos/663138709/medium.jpg
Insecta,,Rhombodera latipronotum,22.29837,103.92056,2026-05-12,no,https://www.inaturalist.org/observations/363286825,https://inaturalist-open-data.s3.amazonaws.com/photos/663138731/medium.jpg
Aves,Asian Openbill,Anastomus oscitans,22.38746,103.83704,2026-03-28,no,https://www.inaturalist.org/observations/365545738,https://inaturalist-open-data.s3.amazonaws.com/photos/667407231/medium.jpg
Arachnida,,Steatoda terastiosa,22.33173,103.82911,2026-06-01,no,https://www.inaturalist.org/observations/367319279,https://inaturalist-open-data.s3.amazonaws.com/photos/670793682/medium.jpg
Aves,White-rumped Munia,Lonchura striata,22.29724,103.89747,2026-05-27,no,https://www.inaturalist.org/observations/367617915,https://inaturalist-open-data.s3.amazonaws.com/photos/671368155/medium.jpg
Insecta,,Stichophthalma howqua,22.29479,103.89974,2026-05-27,no,https://www.inaturalist.org/observations/367618059,https://inaturalist-open-data.s3.amazonaws.com/photos/671368532/medium.jpg
Insecta,,Stichophthalma howqua,22.30479,103.88962,2026-05-28,no,https://www.inaturalist.org/observations/367619074,https://inaturalist-open-data.s3.amazonaws.com/photos/671370441/medium.jpg
Insecta,,Stichophthalma howqua,22.33613,103.84365,2026-06-01,no,https://www.inaturalist.org/observations/367638862,https://inaturalist-open-data.s3.amazonaws.com/photos/671410559/medium.jpg
Insecta,,Epicopeia hainesii,22.33767,103.85139,2026-06-01,no,https://www.inaturalist.org/observations/367638886,https://inaturalist-open-data.s3.amazonaws.com/photos/671410613/medium.jpg
Aves,Fire-breasted Flowerpecker,Dicaeum ignipectus,22.31636,103.85366,2026-05-29,no,https://www.inaturalist.org/observations/367739591,https://inaturalist-open-data.s3.amazonaws.com/photos/671595402/medium.jpg
Aves,Yellow-bellied Warbler,Abroscopus superciliaris,22.31631,103.85361,2026-05-29,no,https://www.inaturalist.org/observations/367740322,https://inaturalist-open-data.s3.amazonaws.com/photos/671596672/medium.jpg
Aves,Grey Bushchat,Saxicola ferreus,22.31609,103.85043,2026-05-29,no,https://www.inaturalist.org/observations/367740914,https://inaturalist-open-data.s3.amazonaws.com/photos/671598041/medium.jpg
Insecta,Striped Blue Crow,Euploea mulciber,22.32072,103.84646,2026-05-29,no,https://www.inaturalist.org/observations/367741169,https://inaturalist-open-data.s3.amazonaws.com/photos/671598646/medium.jpg
Aves,Red-billed Blue-Magpie,Urocissa erythroryncha,22.32078,103.84639,2026-05-29,no,https://www.inaturalist.org/observations/367741496,https://inaturalist-open-data.s3.amazonaws.com/photos/671599311/medium.jpg
Insecta,Golden-spotted Tiger Beetle,Cosmodela aurulenta,22.32014,103.85008,2026-05-29,no,https://www.inaturalist.org/observations/367741630,https://inaturalist-open-data.s3.amazonaws.com/photos/671599602/medium.jpg
Insecta,Slender Skimmer,Orthetrum sabina,22.31997,103.85009,2026-05-29,no,https://www.inaturalist.org/observations/367741716,https://inaturalist-open-data.s3.amazonaws.com/photos/671599790/medium.jpg
Aves,Eurasian Tree Sparrow,Passer montanus,22.31945,103.85175,2026-05-29,no,https://www.inaturalist.org/observations/367741889,https://inaturalist-open-data.s3.amazonaws.com/photos/671600089/medium.jpg
Aves,Russet Sparrow,Passer cinnamomeus,22.31911,103.85281,2026-05-29,no,https://www.inaturalist.org/observations/367742411,https://inaturalist-open-data.s3.amazonaws.com/photos/671600963/medium.jpg
Insecta,Glassy Tiger,Parantica aglea,22.31808,103.85371,2026-05-29,no,https://www.inaturalist.org/observations/367925038,https://inaturalist-open-data.s3.amazonaws.com/photos/671950998/medium.jpg
Aves,Brown-breasted Flycatcher,Muscicapa muttui,22.31565,103.85558,2026-05-29,no,https://www.inaturalist.org/observations/367925317,https://inaturalist-open-data.s3.amazonaws.com/photos/671951572/medium.jpg
Aves,Black-headed Greenfinch,Chloris ambigua,22.33387,103.84723,2026-05-29,no,https://www.inaturalist.org/observations/367926524,https://inaturalist-open-data.s3.amazonaws.com/photos/671954172/medium.jpg
Aves,Blue-winged Minla,Actinodura cyanouroptera,22.33426,103.84864,2026-05-29,no,https://www.inaturalist.org/observations/367926905,https://inaturalist-open-data.s3.amazonaws.com/photos/671955019/medium.jpg
Aves,Green-backed Tit,Parus monticolus,22.33417,103.84985,2026-05-29,no,https://www.inaturalist.org/observations/367927103,https://inaturalist-open-data.s3.amazonaws.com/photos/671955327/medium.jpg
Aves,Black-throated Tit,Aegithalos concinnus,22.33394,103.84942,2026-05-29,no,https://www.inaturalist.org/observations/367937603,https://inaturalist-open-data.s3.amazonaws.com/photos/671976393/medium.jpg
Aves,Small Niltava,Niltava macgrigoriae,22.33379,103.84846,2026-05-29,no,https://www.inaturalist.org/observations/367937791,https://inaturalist-open-data.s3.amazonaws.com/photos/671976765/medium.jpg
Aves,Black-throated Tit,Aegithalos concinnus,22.33374,103.84943,2026-05-31,no,https://www.inaturalist.org/observations/368042927,https://inaturalist-open-data.s3.amazonaws.com/photos/672178298/medium.jpg
Aves,Grey Bushchat,Saxicola ferreus,22.33384,103.84941,2026-05-31,no,https://www.inaturalist.org/observations/368043015,https://inaturalist-open-data.s3.amazonaws.com/photos/672178444/medium.jpg
Aves,Small Niltava,Niltava macgrigoriae,22.33409,103.84894,2026-05-31,no,https://www.inaturalist.org/observations/368043287,https://inaturalist-open-data.s3.amazonaws.com/photos/672178899/medium.jpg
Insecta,Red Lacewing Butterfly,Cethosia biblis,22.33410,103.84894,2026-05-31,no,https://www.inaturalist.org/observations/368043357,https://inaturalist-open-data.s3.amazonaws.com/photos/672179075/medium.jpg
Insecta,Mixed Punch,Dodona ouida,22.33428,103.84679,2026-06-02,no,https://www.inaturalist.org/observations/368048400,https://inaturalist-open-data.s3.amazonaws.com/photos/672189022/medium.jpg
Aves,Small Niltava,Niltava macgrigoriae,22.33411,103.84892,2026-05-31,no,https://www.inaturalist.org/observations/368197571,https://inaturalist-open-data.s3.amazonaws.com/photos/672474853/medium.jpg
Insecta,Chestnut Tiger,Parantica sita,22.33412,103.84892,2026-05-31,no,https://www.inaturalist.org/observations/368197714,https://inaturalist-open-data.s3.amazonaws.com/photos/672475058/medium.jpg
Insecta,Mixed Punch,Dodona ouida,22.33417,103.84869,2026-05-31,no,https://www.inaturalist.org/observations/368197822,https://inaturalist-open-data.s3.amazonaws.com/photos/672475312/medium.jpg
Aves,Rufous-capped Babbler,Cyanoderma ruficeps,22.33344,103.84854,2026-05-31,no,https://www.inaturalist.org/observations/368198005,https://inaturalist-open-data.s3.amazonaws.com/photos/672475815/medium.jpg
Aves,Blue-winged Minla,Actinodura cyanouroptera,22.33344,103.84854,2026-05-31,no,https://www.inaturalist.org/observations/368210534,https://inaturalist-open-data.s3.amazonaws.com/photos/672500533/medium.jpg
Aves,Vinous-throated Parrotbill,Suthora webbiana,22.33322,103.84855,2026-05-31,no,https://www.inaturalist.org/observations/368210787,https://inaturalist-open-data.s3.amazonaws.com/photos/672501043/medium.jpg
Insecta,Golden-spotted Tiger Beetle,Cosmodela aurulenta,22.33326,103.84929,2026-05-31,no,https://www.inaturalist.org/observations/368210903,https://inaturalist-open-data.s3.amazonaws.com/photos/672501309/medium.jpg
Insecta,Red Lacewing Butterfly,Cethosia biblis,22.33328,103.84886,2026-05-31,no,https://www.inaturalist.org/observations/368211134,https://inaturalist-open-data.s3.amazonaws.com/photos/672501681/medium.jpg
Aves,Vinous-throated Parrotbill,Suthora webbiana,22.33328,103.84886,2026-05-31,no,https://www.inaturalist.org/observations/368211394,https://inaturalist-open-data.s3.amazonaws.com/photos/672502228/medium.jpg
Insecta,,Stichophthalma howqua,22.30251,103.88345,2026-06-05,no,https://www.inaturalist.org/observations/368538256,https://inaturalist-open-data.s3.amazonaws.com/photos/673130972/medium.jpg
Insecta,,Stichophthalma howqua,22.30223,103.88355,2026-06-05,no,https://www.inaturalist.org/observations/368538269,https://inaturalist-open-data.s3.amazonaws.com/photos/673131018/medium.jpg
Insecta,,Stichophthalma howqua,22.30205,103.88315,2026-06-05,no,https://www.inaturalist.org/observations/368539522,https://inaturalist-open-data.s3.amazonaws.com/photos/673133744/medium.jpg
Insecta,,Stichophthalma howqua,22.30240,103.88355,2026-06-05,no,https://www.inaturalist.org/observations/368539746,https://inaturalist-open-data.s3.amazonaws.com/photos/673134259/medium.jpg
Insecta,,Stichophthalma howqua,22.31490,103.89687,2026-06-02,no,https://www.inaturalist.org/observations/369378826,https://inaturalist-open-data.s3.amazonaws.com/photos/674716418/medium.jpg
Insecta,,Stichophthalma howqua,22.30987,103.86354,2026-06-08,no,https://www.inaturalist.org/observations/369603704,https://inaturalist-open-data.s3.amazonaws.com/photos/675148684/medium.jpg
Insecta,Greater Death's Head Hawkmoth,Acherontia lachesis,22.30097,103.89266,2026-06-01,no,https://www.inaturalist.org/observations/369922984,https://inaturalist-open-data.s3.amazonaws.com/photos/675756574/medium.jpg
Insecta,Tropical Swallowtail Moth,Lyssa zampa,22.33869,103.85216,2026-05-27,no,https://www.inaturalist.org/observations/370799589,https://inaturalist-open-data.s3.amazonaws.com/photos/677433146/medium.jpg
Reptilia,Yunnan Beauty Snake,Elaphe taeniura yunnanensis,22.33687,103.84063,2026-06-14,no,https://www.inaturalist.org/observations/371579999,https://inaturalist-open-data.s3.amazonaws.com/photos/678919813/medium.jpg
Aves,Feral Pigeon,Columba livia domestica,22.33797,103.82348,2026-06-01,no,https://www.inaturalist.org/observations/371928332,https://inaturalist-open-data.s3.amazonaws.com/photos/679586598/medium.jpg
Insecta,Emerald Cockroach Wasp,Ampulex compressa,22.34159,103.82027,2026-06-16,no,https://www.inaturalist.org/observations/372226219,https://inaturalist-open-data.s3.amazonaws.com/photos/680165352/medium.jpg
Insecta,Citrus Longhorn Beetle,Anoplophora chinensis,22.34082,103.82002,2026-06-18,no,https://www.inaturalist.org/observations/372886503,https://inaturalist-open-data.s3.amazonaws.com/photos/681421581/medium.jpg
Insecta,Red-breast Jezebel,Delias acalis,22.34089,103.81989,2026-06-18,no,https://www.inaturalist.org/observations/372886538,https://inaturalist-open-data.s3.amazonaws.com/photos/681421609/medium.jpg
Insecta,Citrus Longhorn Beetle,Anoplophora chinensis,22.34234,103.83071,2026-06-18,no,https://www.inaturalist.org/observations/373160782,https://inaturalist-open-data.s3.amazonaws.com/photos/681947829/medium.jpg
Insecta,Angled Castor,Ariadne ariadne,22.37892,103.84529,2026-06-19,no,https://www.inaturalist.org/observations/373178680,https://inaturalist-open-data.s3.amazonaws.com/photos/681981839/medium.jpg
Reptilia,South China Green Snake,Ptyas multicincta,22.30466,103.89050,2026-06-08,no,https://www.inaturalist.org/observations/373350516,https://inaturalist-open-data.s3.amazonaws.com/photos/682303408/medium.jpg
Insecta,Popinjay,Stibochiona nicea,22.33849,103.84285,2010-10-28,no,https://www.inaturalist.org/observations/374564468,https://inaturalist-open-data.s3.amazonaws.com/photos/684650580/medium.jpg
Plantae,pink knotweed,Persicaria capitata,22.31030,103.90930,2026-06-02,no,https://www.inaturalist.org/observations/375737706,https://inaturalist-open-data.s3.amazonaws.com/photos/686933628/medium.jpg
Aves,Black-throated Tit,Aegithalos concinnus,22.33704,103.84445,2026-04-19,no,https://www.inaturalist.org/observations/376129428,https://inaturalist-open-data.s3.amazonaws.com/photos/687654767/medium.jpg
Insecta,,Stichophthalma howqua,22.32744,103.83432,2026-06-29,no,https://www.inaturalist.org/observations/377083295,https://inaturalist-open-data.s3.amazonaws.com/photos/689525726/medium.jpg
Insecta,Cricula Silkmoth,Cricula trifenestrata,22.33742,103.84990,2026-03-28,no,https://www.inaturalist.org/observations/377973451,https://inaturalist-open-data.s3.amazonaws.com/photos/691246450/medium.jpg
Amphibia,Dubois' Whipping Frog,Zhangixalus duboisi,22.33140,103.83223,2026-03-27,no,https://www.inaturalist.org/observations/377975505,https://inaturalist-open-data.s3.amazonaws.com/photos/691250336/medium.jpg
Plantae,,Aleuritopteris formosana,22.32623,103.83238,2026-05-04,no,https://www.inaturalist.org/observations/378385962,https://inaturalist-open-data.s3.amazonaws.com/photos/692034980/medium.jpg
Plantae,nipplefruit,Solanum mammosum,22.29875,103.89418,2026-07-07,no,https://www.inaturalist.org/observations/379021299,https://inaturalist-open-data.s3.amazonaws.com/photos/693267393/medium.jpg
Plantae,Nepal Persicaria,Persicaria nepalensis,22.32550,103.83123,2026-05-04,no,https://www.inaturalist.org/observations/379321271,https://inaturalist-open-data.s3.amazonaws.com/photos/693846925/medium.jpg
Plantae,,Prunella vulgaris asiatica,22.32603,103.83130,2026-05-04,no,https://www.inaturalist.org/observations/379563395,https://inaturalist-open-data.s3.amazonaws.com/photos/694306174/medium.jpg
Plantae,Paper mulberry,Broussonetia papyrifera,22.32764,103.83422,2026-05-04,no,https://www.inaturalist.org/observations/379599233,https://inaturalist-open-data.s3.amazonaws.com/photos/694379291/medium.jpg
Plantae,tropical soda-apple,Solanum viarum,22.29869,103.89416,2026-07-07,no,https://www.inaturalist.org/observations/379632402,https://inaturalist-open-data.s3.amazonaws.com/photos/694446756/medium.jpg
Reptilia,Mountain Water Snake,Trimerodytes percarinatus,22.29413,103.88923,2026-07-09,no,https://www.inaturalist.org/observations/379632567,https://inaturalist-open-data.s3.amazonaws.com/photos/694447043/medium.jpg
Insecta,Popinjay,Stibochiona nicea,22.29387,103.90561,2026-07-11,no,https://www.inaturalist.org/observations/380242698,https://inaturalist-open-data.s3.amazonaws.com/photos/695635700/medium.jpg
Plantae,Mayflower Glorybower,Clerodendrum cyrtophyllum,22.29370,103.90735,2026-07-11,no,https://www.inaturalist.org/observations/380249754,https://inaturalist-open-data.s3.amazonaws.com/photos/695649627/medium.jpg
Insecta,,Epicauta hirticornis,22.29472,103.91814,2026-07-11,no,https://www.inaturalist.org/observations/380250295,https://inaturalist-open-data.s3.amazonaws.com/photos/695650677/medium.jpg
Plantae,pink knotweed,Persicaria capitata,22.30595,103.90984,2026-07-11,no,https://www.inaturalist.org/observations/380251225,https://inaturalist-open-data.s3.amazonaws.com/photos/695652661/medium.jpg
Insecta,,Aruta flavipes,22.32012,103.85308,2026-03-18,no,https://www.inaturalist.org/observations/381325869,https://static.inaturalist.org/photos/697727525/medium.jpg
Reptilia,Kuhne's Grass Lizard,Takydromus kuehnei,22.30936,103.87075,2026-03-18,no,https://www.inaturalist.org/observations/381328900,https://static.inaturalist.org/photos/697729745/medium.jpg
Insecta,Great Mormon,Papilio agenor,22.30683,103.89526,2026-03-19,no,https://www.inaturalist.org/observations/381329197,https://static.inaturalist.org/photos/697729907/medium.jpg
Insecta,Peacock Jewel,Aristocypha fenestrella,22.30701,103.89530,2026-03-19,no,https://www.inaturalist.org/observations/381329267,https://static.inaturalist.org/photos/697730014/medium.jpg
Aves,Common Tailorbird,Orthotomus sutorius,22.29576,103.91347,2026-07-14,no,https://www.inaturalist.org/observations/381342445,https://inaturalist-open-data.s3.amazonaws.com/photos/697755444/medium.jpg
Aves,Eurasian Tree Sparrow,Passer montanus,22.30192,103.89252,2026-07-14,no,https://www.inaturalist.org/observations/381342716,https://inaturalist-open-data.s3.amazonaws.com/photos/697756141/medium.jpg
Aves,Eurasian Tree Sparrow,Passer montanus,22.29707,103.91176,2026-07-14,no,https://www.inaturalist.org/observations/381343070,https://inaturalist-open-data.s3.amazonaws.com/photos/697756907/medium.jpg
Insecta,Asian Honey Bee,Apis cerana,22.33833,103.84628,2019-03-21,no,https://www.inaturalist.org/observations/381350138,https://inaturalist-open-data.s3.amazonaws.com/photos/697768753/medium.jpg
Insecta,Chinese Peacock Swallowtail,Papilio bianor,22.33831,103.84625,2019-03-21,no,https://www.inaturalist.org/observations/381350141,https://inaturalist-open-data.s3.amazonaws.com/photos/697769520/medium.jpg
Plantae,Golden lotus banana,Musella lasiocarpa,22.25030,103.84405,2026-06-25,yes,https://www.inaturalist.org/observations/381556191,https://inaturalist-open-data.s3.amazonaws.com/photos/698171584/medium.jpg
Plantae,Trailing abutilon,Callianthe megapotamica,22.33663,103.83973,2026-06-26,no,https://www.inaturalist.org/observations/381556375,https://inaturalist-open-data.s3.amazonaws.com/photos/698171898/medium.jpg
Plantae,American pokeweed,Phytolacca americana,22.33104,103.84367,2026-06-26,no,https://www.inaturalist.org/observations/381556462,https://inaturalist-open-data.s3.amazonaws.com/photos/698172075/medium.jpg
Plantae,Common Pratia,Lobelia nummularia,22.33444,103.84586,2026-05-06,no,https://www.inaturalist.org/observations/381569956,https://inaturalist-open-data.s3.amazonaws.com/photos/698195253/medium.jpg
Plantae,mock strawberry,Potentilla indica,22.33338,103.84831,2026-05-06,no,https://www.inaturalist.org/observations/381601984,https://inaturalist-open-data.s3.amazonaws.com/photos/698254841/medium.jpg
Aves,Rufous-capped Babbler,Cyanoderma ruficeps,22.29359,103.90410,2026-07-17,no,https://www.inaturalist.org/observations/382194944,https://static.inaturalist.org/photos/699408524/medium.jpg
Reptilia,Hampton's Slug Snake,Pareas hamptoni,22.30747,103.86320,2026-07-21,no,https://www.inaturalist.org/observations/383801394,https://inaturalist-open-data.s3.amazonaws.com/photos/702494314/medium.jpg
Insecta,White Dragontail Butterfly,Lamproptera curius,22.26245,103.96768,2026-07-05,no,https://www.inaturalist.org/observations/383875311,https://inaturalist-open-data.s3.amazonaws.com/photos/702639025/medium.jpg
Insecta,Chocolate Albatross,Appias lyncida,22.25930,103.97259,2026-07-05,no,https://www.inaturalist.org/observations/384197628,https://inaturalist-open-data.s3.amazonaws.com/photos/703261573/medium.jpg
Insecta,Lime Swallowtail,Papilio demoleus,22.25930,103.97259,2026-07-05,no,https://www.inaturalist.org/observations/384197642,https://inaturalist-open-data.s3.amazonaws.com/photos/703261608/medium.jpg
Insecta,Peacock Pansy,Junonia almana,22.26197,103.96855,2026-07-05,no,https://www.inaturalist.org/observations/384197680,https://inaturalist-open-data.s3.amazonaws.com/photos/703261677/medium.jpg
Insecta,Great Eggfly,Hypolimnas bolina,22.30154,103.91741,2026-07-04,no,https://www.inaturalist.org/observations/384199923,https://inaturalist-open-data.s3.amazonaws.com/photos/703266601/medium.jpg
Insecta,Carinate Locust,Trilophidia annulata,22.30334,103.91268,2026-07-04,no,https://www.inaturalist.org/observations/384200323,https://inaturalist-open-data.s3.amazonaws.com/photos/703268532/medium.jpg
Insecta,Common Bluebottle,Graphium sarpedon,22.29592,103.90449,2026-07-04,no,https://www.inaturalist.org/observations/384201071,https://inaturalist-open-data.s3.amazonaws.com/photos/703268643/medium.jpg
Insecta,White Commodore,Limenitis dudu,22.28833,103.89913,2026-07-04,no,https://www.inaturalist.org/observations/384201168,https://inaturalist-open-data.s3.amazonaws.com/photos/703268775/medium.jpg
Insecta,Great Mormon,Papilio agenor,22.30306,103.89044,2026-07-04,no,https://www.inaturalist.org/observations/384201348,https://inaturalist-open-data.s3.amazonaws.com/photos/703268989/medium.jpg
Amphibia,Spot-legged Tree Frog,Polypedates megacephalus,22.30306,103.89066,2026-07-03,no,https://www.inaturalist.org/observations/384201404,https://inaturalist-open-data.s3.amazonaws.com/photos/703269069/medium.jpg
Insecta,,Sirthenea flavipes,22.30285,103.89025,2026-07-03,no,https://www.inaturalist.org/observations/384202781,https://inaturalist-open-data.s3.amazonaws.com/photos/703271890/medium.jpg
Reptilia,Mountain Water Snake,Trimerodytes percarinatus,22.30301,103.89049,2026-07-03,no,https://www.inaturalist.org/observations/384205976,https://inaturalist-open-data.s3.amazonaws.com/photos/703279627/medium.jpg
Insecta,Black Soldier Fly,Hermetia illucens,22.30299,103.89040,2026-07-03,no,https://www.inaturalist.org/observations/384207425,https://inaturalist-open-data.s3.amazonaws.com/photos/703279919/medium.jpg
Insecta,Glassy Tiger,Parantica aglea,22.31017,103.87163,2026-07-03,no,https://www.inaturalist.org/observations/384207556,https://inaturalist-open-data.s3.amazonaws.com/photos/703280625/medium.jpg
Insecta,Peacock Pansy,Junonia almana,22.31005,103.86880,2026-07-03,no,https://www.inaturalist.org/observations/384207808,https://inaturalist-open-data.s3.amazonaws.com/photos/703280693/medium.jpg
Aves,Barn Swallow,Hirundo rustica,22.34046,103.85641,2026-07-03,no,https://www.inaturalist.org/observations/384207880,https://inaturalist-open-data.s3.amazonaws.com/photos/703280811/medium.jpg
Insecta,Large Silverstripe,Argynnis childreni,22.33422,103.84693,2026-07-23,no,https://www.inaturalist.org/observations/384399847,https://inaturalist-open-data.s3.amazonaws.com/photos/703648333/medium.jpg
Plantae,,Gynura barbareifolia,22.33390,103.84979,2026-05-06,no,https://www.inaturalist.org/observations/385644505,https://inaturalist-open-data.s3.amazonaws.com/photos/705941930/medium.jpg
Plantae,Rock-ginger Fern,Drynaria coronans,22.32807,103.83496,2026-08-06,no,https://www.inaturalist.org/observations/388903125,https://inaturalist-open-data.s3.amazonaws.com/photos/712330502/medium.jpg
Insecta,,Odontolabis cuvera salvazae,22.27621,103.96677,2026-08-07,no,https://www.inaturalist.org/observations/389025028,https://inaturalist-open-data.s3.amazonaws.com/photos/712878495/medium.jpg
Insecta,Great Eggfly,Hypolimnas bolina,22.30197,103.89121,2026-08-08,no,https://www.inaturalist.org/observations/389243511,https://inaturalist-open-data.s3.amazonaws.com/photos/712972120/medium.jpg
Insecta,Courtesan,Euripus nyctelius,22.30788,103.87117,2026-08-15,no,https://www.inaturalist.org/observations/391708680,https://inaturalist-open-data.s3.amazonaws.com/photos/717781746/medium.jpg
Insecta,Asian Giant Hornet,Vespa mandarinia,22.30094,103.91389,2026-06-30,no,https://www.inaturalist.org/observations/392338169,https://inaturalist-open-data.s3.amazonaws.com/photos/718999112/medium.jpg
Insecta,Punchinello,Zemeros flegyas,22.40538,103.82358,2026-08-19,no,https://www.inaturalist.org/observations/392595668,https://static.inaturalist.org/photos/719504069/medium.jpg
Reptilia,Bourret’s pitviper,Protobothrops jerdonii bourreti,22.33231,103.83547,2025-04-19,no,https://www.inaturalist.org/observations/392891380,https://static.inaturalist.org/photos/720079277/medium.jpg
Insecta,Crimson-tailed Marsh Hawk,Orthetrum pruinosum,22.33794,103.84714,2026-08-23,no,https://www.inaturalist.org/observations/393683542,https://static.inaturalist.org/photos/721628201/medium.jpg
Insecta,Tropical Fritillary,Argynnis hyperbius,22.33858,103.84517,2026-08-23,no,https://www.inaturalist.org/observations/393686217,https://static.inaturalist.org/photos/721635297/medium.jpg
Insecta,Great Eggfly,Hypolimnas bolina,22.31791,103.85565,2026-08-23,no,https://www.inaturalist.org/observations/393769787,https://static.inaturalist.org/photos/721798957/medium.jpg
Insecta,Orange Staff Sergeant Butterfly,Athyma cama,22.31009,103.86908,2026-08-23,no,https://www.inaturalist.org/observations/393771241,https://static.inaturalist.org/photos/721801795/medium.jpg
Insecta,Common Bluebottle,Graphium sarpedon,22.30990,103.87004,2026-08-23,no,https://www.inaturalist.org/observations/393771733,https://static.inaturalist.org/photos/721802861/medium.jpg
Insecta,Common Tiger Butterfly,Danaus genutia,22.31025,103.87234,2026-08-23,no,https://www.inaturalist.org/observations/393771919,https://static.inaturalist.org/photos/721803270/medium.jpg
Insecta,,Ptecticus aurifer,22.33428,103.84236,2026-08-24,no,https://www.inaturalist.org/observations/394057798,https://static.inaturalist.org/photos/722365406/medium.jpg
Plantae,,Scutellaria sichourensis,22.33491,103.84751,2026-05-06,no,https://www.inaturalist.org/observations/394636417,https://inaturalist-open-data.s3.amazonaws.com/photos/723394995/medium.jpg
